"paper_id","corpus","recipe_id","sample_id","normalization_trace_id","data_quality_tier","system_tag","route","unknown_route_flag","route_inferred_flag","T_growth_C","time_min","PL_peak_nm_final","PL_peak_nm_core","measurement_state","notes_text","stage_source","shell_present_flag","postprocess_present_flag","shell_presence_ambiguity_flag","ratio_reported_flag","ratio_definition_type","precursor_purity_reported_flag","injection_rate_reported_flag","process_sensitive_reporting_flag","caution_count","QY_percent_final","FWHM_nm_final"
"L001","InP (L-series)","NR-L001-01","L001-S01","TRC-L001-01","literature_structured","InP/ZnS/ZnS","heating_up","yes","no","220","30","510","","final_purified","ZnI2 halide; derived mass; 220C core","main_text","1","0","0","0","","0","0","0","0","38.7","65"
"L001","InP (L-series)","NR-L001-02","L001-S02","TRC-L001-02","literature_structured","InP/ZnS/ZnS","heating_up","yes","no","220","30","547","","final_purified","ZnBr2 halide; main recipe; highest PLQY 78.5%","main_text","1","0","0","0","","0","0","0","0","78.5","77"
"L001","InP (L-series)","NR-L001-03","L001-S03","TRC-L001-03","literature_structured","InP/ZnS/ZnS","heating_up","yes","no","240","30","558","","final_purified","ZnBr2 240C core; shell conditions unknown","main_text","1","0","0","0","","0","0","0","0","72.2","91"
"L001","InP (L-series)","NR-L001-04","L001-S04","TRC-L001-04","literature_structured","InP/ZnS/ZnS","heating_up","yes","no","220","30","611","","final_purified","ZnCl2 halide; derived mass; 220C core","main_text","1","0","0","0","","0","0","0","0","29","76"
"L002","InP (L-series)","NR-L002-01","L002-S01","TRC-L002-01","literature_structured","InP/ZnSe/ZnS","hot_injection","no","no","300","10","631","","final_purified","QD-1; 320C shell; Zn_ZnS unknown; time unknown [STAGE-FIX: T 260→300 (core at 300C/10min per Methods); t 40→10 (40 had no PDF basis; core growth explicitly 10 min). Shell at 260C only passivates, does not shift PL.]","main_text","1","0","0","0","","0","0","0","0","98","35"
"L002","InP (L-series)","NR-L002-02","L002-S02","TRC-L002-02","literature_structured","InP/ZnSe/ZnS","hot_injection","no","no","300","10","629","","final_purified","QD-1R; 340C shell; Zn_ZnS unknown; time unknown [STAGE-FIX: T 260→300 (core at 300C/10min per Methods); t 40→10 (40 had no PDF basis; core growth explicitly 10 min). Shell at 260C only passivates, does not shift PL.]","main_text","1","0","0","0","","0","0","0","0","100","39"
"L002","InP (L-series)","NR-L002-03","L002-S03","TRC-L002-03","literature_structured","InP/ZnSe/ZnS","hot_injection","no","no","300","10","627","","final_purified","QD-2; 320C shell; time unknown [STAGE-FIX: T 260→300 (core at 300C/10min per Methods); t 40→10 (40 had no PDF basis; core growth explicitly 10 min). Shell at 260C only passivates, does not shift PL.]","main_text","1","0","0","0","","0","0","0","0","92","35"
"L002","InP (L-series)","NR-L002-04","L002-S04","TRC-L002-04","literature_structured","InP/ZnSe/ZnS","hot_injection","no","no","300","10","628","","final_purified","QD-2R; 340C shell; time unknown [STAGE-FIX: T 260→300 (core at 300C/10min per Methods); t 40→10 (40 had no PDF basis; core growth explicitly 10 min). Shell at 260C only passivates, does not shift PL.]","main_text","1","0","0","0","","0","0","0","0","100","37"
"L002","InP (L-series)","NR-L002-05","L002-S05","TRC-L002-05","literature_structured","InP/ZnSe/ZnS","hot_injection","no","no","300","10","630","","final_purified","QD-3; 320C shell; time ambiguous not assumed [STAGE-FIX: T 260→300 (core at 300C/10min per Methods); t 40→10 (40 had no PDF basis; core growth explicitly 10 min). Shell at 260C only passivates, does not shift PL.]","main_text","1","0","0","0","","0","0","0","0","75","35"
"L002","InP (L-series)","NR-L002-06","L002-S06","TRC-L002-06","literature_structured","InP/ZnSe/ZnS","hot_injection","no","no","300","10","631","","final_purified","QD-3R; 340C shell; 60min confirmed; hold-free; highest confidence [STAGE-FIX: T 260→300 (core at 300C/10min per Methods); t 40→10 (40 had no PDF basis; core growth explicitly 10 min). Shell at 260C only passivates, does not shift PL.]","main_text","1","0","0","0","","0","0","0","0","100","35"
"L003","InP (L-series)","NR-L003-01","L003-S01","TRC-L003-01","literature_structured","InP-In(Zn)P/ZnSe/ZnS","hot_injection","no","no","240","5","569","","final_purified","569nm; Sec 2.3+2.4; hold-free; highest confidence","main_text","1","0","0","0","","0","0","0","0","82","43"
"L003","InP (L-series)","NR-L003-02","L003-S02","TRC-L003-02","literature_structured","InP-In(Zn)P/ZnSe/ZnS","hot_injection","no","no","270","5","588","","final_purified","588nm; thin ZnSe unknown","main_text","1","0","0","0","","0","0","0","0","87.7","44"
"L003","InP (L-series)","NR-L003-03","L003-S03","TRC-L003-03","literature_structured","InP-In(Zn)P/ZnSe/ZnS","hot_injection","no","no","270","5","601","","final_purified","601nm; P2 at 270C no cool-down; thin ZnSe unknown; main sample","main_text","1","0","0","0","","0","0","0","0","94.3","43"
"L003","InP (L-series)","NR-L003-04","L003-S04","TRC-L003-04","literature_structured","InP-In(Zn)P/ZnSe/ZnS","hot_injection","no","no","270","5","616","","final_purified","616nm; P injection count unknown; boundary flagged","main_text","1","0","0","0","","0","0","0","0","83.1","50"
"L003","InP (L-series)","NR-L003-05","L003-S05","TRC-L003-05","literature_structured","InP-In(Zn)P/ZnSe/ZnS","hot_injection","no","no","270","5","630","","final_purified","630nm; P injection count unknown; boundary flagged","main_text","1","0","0","0","","0","0","0","0","94.3","56"
"L005","InP (L-series)","NR-L005-01","L005-ZnS10","TRC-L005-01","literature_structured","InP/ZnSe/ZnS","hot_injection_layer_by_layer","","","290","3","607","","final_purified","BEST: 10-layer ZnS; PLQY 73%; conditions_inferred:ZnS_injection_count; PL_peak_approximate","main_text","1","","","","","","","1","0","73","48"
"L005","InP (L-series)","NR-L005-02","L005-S01","TRC-L005-02","literature_structured","InP/ZnSe/ZnS","hot_injection_layer_by_layer","","","290","3","606","","final_purified","Table S1 Sample 1; shell_layers_unknown; conditions_inherited","table","1","","","","","","","","0","51","55"
"L005","InP (L-series)","NR-L005-03","L005-S02","TRC-L005-03","literature_structured","InP/ZnSe/ZnS","hot_injection_layer_by_layer","","","290","3","607","","final_purified","Table S1 Sample 2; shell_layers_unknown; conditions_inherited","table","1","","","","","","","","0","60","51"
"L005","InP (L-series)","NR-L005-04","L005-S03","TRC-L005-04","literature_structured","InP/ZnSe/ZnS","hot_injection_layer_by_layer","","","290","3","607","","final_purified","Table S1 Sample 3; shell_layers_unknown; conditions_inherited","table","1","","","","","","","","0","65","49"
"L006","InP (L-series)","NR-L006-01","L006-S01","TRC-L006-01","literature_structured","InP/ZnSe/ZnS","heating_up_then_SILAR_shell","","no","305","2","535","","final_purified","InP/ZnSe/ZnS no Zn in core; PL_peak_approximate; QY_lower_bound_or_approximate (>50%); fwhm 43nm; zinc stearate shell method; medium-low candidate","main_text","1","0","0","0","","0","0","0","0","50","43"
"L006","InP (L-series)","NR-L006-02","L006-S02","TRC-L006-02","literature_structured","In(Zn)P/ZnSe/ZnS","one_pot_InZn_then_SILAR_shell","","no","305","2","535","","final_purified","BASE RECIPE; In(Zn)P Zn:In=0.5; fwhm 38nm; QY_upper_bound (up to 71%); PA=0.575mmol; strongest candidate; In(Zn)P_boundary:Zn_role_ambiguous_surface_or_alloy","main_text","1","0","0","0","","0","0","1","0","71","38"
"L006","InP (L-series)","NR-L006-03","L006-S03","TRC-L006-03","literature_structured","In(Zn)P/ZnS","one_pot_InZn_then_ZnS_shell","","no","305","2","488","","final_purified","In(Zn)P/ZnS (ZnS-only shell; TOP-S replaces TOP-Se); TMS3P=0.1205mmol; fwhm 35nm; QY 44%; system_tag differs from S02/S04/S05; separate shell system","main_text","1","0","0","0","","0","0","1","0","44","35"
"L006","InP (L-series)","NR-L006-04","L006-S04","TRC-L006-04","literature_structured","In(Zn)P/ZnSe/ZnS","one_pot_InZn_then_SILAR_shell","","no","305","2","516","","final_purified","PA=0.525mmol variant (less PA); fwhm 36nm; QY 67%; conditions_inherited from S02 base; shell identical to S02; In(Zn)P_boundary:Zn_role_ambiguous","main_text","1","0","0","0","","0","0","1","0","67","36"
"L006","InP (L-series)","NR-L006-05","L006-S05","TRC-L006-05","literature_structured","In(Zn)P/ZnSe/ZnS","one_pot_InZn_then_SILAR_shell","","no","305","2","552","","final_purified","PA=0.625mmol variant (more PA); fwhm 40nm; QY 60%; conditions_inherited from S02 base; shell identical to S02; In(Zn)P_boundary:Zn_role_ambiguous","main_text","1","0","0","0","","0","0","1","0","60","40"
"L006","InP (L-series)","NR-L006-06","L006-S06","TRC-L006-06","literature_structured","InP/ZnSe/ZnS","SILAR_core_growth_then_SILAR_shell","","no","305","2","621","","final_purified","SILAR 5-layer InP core (~3nm) + ZnSe/ZnS; fwhm 44nm; QY=blank (figure_only not promoted); no Zn in core; scaled-up shell amounts","main_text","1","0","0","0","","0","0","1","0","","44"
"L007","InP (L-series)","NR-L007-01","L007-ZnS04","TRC-L007-01","literature_structured","InP/ZnS","modified_SILAR","","no","178","840","569","","final_purified","4 SILAR iter ZnS; 1.1 ML; diam 2.9nm; FWHM 64nm; QY_SI_table_pending [EXTGAP-FILL: t blank→840 (14h at 178C, Sec 4.5 ""heated at 178C for 14h"")]","table","1","0","0","0","","0","0","0","0","","64"
"L007","InP (L-series)","NR-L007-02","L007-ZnS07","TRC-L007-02","literature_structured","InP/ZnS","modified_SILAR","","no","178","840","575","","final_purified","7 SILAR iter ZnS; 2.0 ML; diam 3.4nm; FWHM 54nm; QY_PR=25.76%; QY_treated=27.64%; QY_two_states_Table_S2; no_single_QY_value [EXTGAP-FILL: t blank→840 (14h at 178C, Sec 4.5 ""heated at 178C for 14h"")]","table","1","0","0","0","","0","0","0","0","","54"
"L007","InP (L-series)","NR-L007-03","L007-ZnS10","TRC-L007-03","literature_structured","InP/ZnS","modified_SILAR","","no","178","840","582","","final_purified","10 SILAR iter ZnS; 3.3 ML; diam 4.1nm; FWHM 57nm; QY_PR=25.73%; QY_treated=28.84%; QY_two_states_Table_S2; no_single_QY_value [EXTGAP-FILL: t blank→840 (14h at 178C, Sec 4.5 ""heated at 178C for 14h"")]","table","1","0","0","0","","0","0","0","0","","57"
"L007","InP (L-series)","NR-L007-04","L007-ZnSe04","TRC-L007-04","literature_structured","InP/ZnSe","modified_SILAR","","no","178","840","581","","final_purified","4 SILAR iter ZnSe; 1.9 ML; diam 3.4nm; FWHM 58nm; QY_PR=16.07%; QY_treated=28.70%; QY_two_states_Table_S2; no_single_QY_value; no_ZnS_cap [EXTGAP-FILL: t blank→840 (14h at 178C, Sec 4.5 ""heated at 178C for 14h"")]","table","1","0","0","0","","0","0","0","0","","58"
"L007","InP (L-series)","NR-L007-05","L007-ZnSe07","TRC-L007-05","literature_structured","InP/ZnSe","modified_SILAR","","no","178","840","597","","final_purified","7 SILAR iter ZnSe; 3.4 ML; diam 4.2nm; FWHM 54nm; QY_PR=8.40%; QY_treated=29.32%; QY_two_states_Table_S2; no_single_QY_value; QY_excitation_dependent; no_ZnS_cap; QY_excitation_dependent (20% vs 47%) [EXTGAP-FILL: t blank→840 (14h at 178C, Sec 4.5 ""heated at 178C for 14h"")]","table","1","0","0","0","","0","0","0","0","","54"
"L007","InP (L-series)","NR-L007-06","L007-ZnSe10","TRC-L007-06","literature_structured","InP/ZnSe","modified_SILAR","","no","178","840","599","","final_purified","10 SILAR iter ZnSe; 4.1 ML; diam 4.6nm; FWHM 54nm; QY_PR=8.95%; QY_treated=20.42%; QY_two_states_Table_S2; no_single_QY_value; no_ZnS_cap [EXTGAP-FILL: t blank→840 (14h at 178C, Sec 4.5 ""heated at 178C for 14h"")]","table","1","0","0","0","","0","0","0","0","","54"
"L007","InP (L-series)","NR-L007-07","L007-ZnSeS01","TRC-L007-07","literature_structured","InP/ZnSe/ZnS","modified_SILAR","","no","178","840","585","","final_purified","1 ZnSe iter + 3 ZnS cap; 0.7 ML ZnSe + 0.2 ML ZnS; diam 2.8nm; FWHM 52nm; QY_SI_table_pending; ZnSe_sub_monolayer [EXTGAP-FILL: t blank→840 (14h at 178C, Sec 4.5 ""heated at 178C for 14h"")]","table","1","0","0","0","","0","0","0","0","","52"
"L007","InP (L-series)","NR-L007-08","L007-ZnSeS04","TRC-L007-08","literature_structured","InP/ZnSe/ZnS","modified_SILAR","","no","178","840","593","","final_purified","4 ZnSe iter + 3 ZnS cap; +0.9 ML ZnS; diam 3.9nm; FWHM 55nm; QY_PR=14.12%; QY_treated=24.71%; QY_two_states_Table_S2; no_single_QY_value [EXTGAP-FILL: t blank→840 (14h at 178C, Sec 4.5 ""heated at 178C for 14h"")]","table","1","0","0","0","","0","0","0","0","","55"
"L007","InP (L-series)","NR-L007-09","L007-ZnSeS07","TRC-L007-09","literature_structured","InP/ZnSe/ZnS","modified_SILAR","","no","178","840","595","","final_purified","7 ZnSe iter + 3 ZnS cap; +1.5 ML ZnS; diam 5.0nm; FWHM 55nm; QY_PR=25.61%; QY_treated=33.81%; QY_two_states_Table_S2; no_single_QY_value [EXTGAP-FILL: t blank→840 (14h at 178C, Sec 4.5 ""heated at 178C for 14h"")]","table","1","0","0","0","","0","0","0","0","","55"
"L007","InP (L-series)","NR-L007-10","L007-ZnSeS10","TRC-L007-10","literature_structured","InP/ZnSe/ZnS","modified_SILAR","","no","178","840","596","","final_purified","10 ZnSe iter + 3 ZnS cap; +1.8 ML ZnS; diam 5.6nm; FWHM 51nm; QY_PR=13.73%; QY_treated=25.50%; QY_two_states_Table_S2; no_single_QY_value [EXTGAP-FILL: t blank→840 (14h at 178C, Sec 4.5 ""heated at 178C for 14h"")]","table","1","0","0","0","","0","0","0","0","","51"
"L009","InP (L-series)","NR-L009-01","L009-ZnSeZnS","TRC-L009-01","literature_structured","InP/ZnSe/ZnS","hot_injection_MSC_mediated","","no","150","","528","","final_purified","Samsung green QD; PL 528nm FWHM 36nm QY 95.4±2.1% (text explicit); diam 6.0nm; ZnSe 1.5nm + ZnS 0.5nm; MSC-mediated core at 150C; In(Zn)P_boundary:Zn_role_ambiguous","main_text","1","0","0","0","","0","0","1","0","95.4","36"
"L009","InP (L-series)","NR-L009-02","L009-ZnS","TRC-L009-02","literature_structured","InP/ZnS","hot_injection_MSC_mediated","","no","150","","505","","final_purified","Comparison sample; PL 505nm FWHM 50nm QY 46% (text explicit); ZnS 1.0nm shell; 220-280C shell growth; In(Zn)P_boundary:Zn_role_ambiguous","main_text","1","0","0","0","","0","0","0","0","46","50"
"L010","InP (L-series)","NR-L010-01","L010-Blue","TRC-L010-01","literature_structured","InP/(Al)ZnS","one_pot_gram_scale","","no","160","10","480","","final_purified","Blue QD; PL 480nm FWHM 50.2nm QY 34%; Al-doped; process_events_pending; Al_boundary:location_ambiguous [EXTGAP-FILL: T/t blank→160/10 (Blue: InI3+ZnI2 160C/10min (Sec 3.4))]","SI_table","1","0","0","0","","0","0","0","0","34","50.2"
"L010","InP (L-series)","NR-L010-02","L010-Green","TRC-L010-02","literature_structured","InP/(Al)ZnS","one_pot_gram_scale","","no","180","10","509","","final_purified","Green QD; PL 509nm FWHM 56.3nm QY 62%; Al-doped; process_events_pending; Al_boundary:location_ambiguous [EXTGAP-FILL: T/t blank→180/10 (Green: InI3+ZnBr2 180C/10min (Sec 3.4))]","SI_table","1","0","0","0","","0","0","0","0","62","56.3"
"L010","InP (L-series)","NR-L010-03","L010-Yellow","TRC-L010-03","literature_structured","InP/(Al)ZnS","one_pot_gram_scale","","no","170","20","560","","final_purified","Yellow QD; PL 560nm FWHM 61.6nm QY 86%; Al-doped; process_events_pending; Al_boundary:location_ambiguous [EXTGAP-FILL: T/t blank→170/20 (Yellow: InBr3+ZnBr2 170C/20min (Sec 3.4))]","SI_table","1","0","0","0","","0","0","0","0","86","61.6"
"L010","InP (L-series)","NR-L010-04","L010-Orange","TRC-L010-04","literature_structured","InP/(Al)ZnS","one_pot_gram_scale","","no","175","30","600","","final_purified","Orange QD; PL 600nm FWHM 57.2nm QY 96%; Al-doped; process_events_pending; Al_boundary:location_ambiguous [EXTGAP-FILL: T/t blank→175/30 (Orange: InCl3+ZnCl2 175C/30min (Sec 3.4))]","SI_table","1","0","0","0","","0","0","0","0","96","57.2"
"L010","InP (L-series)","NR-L010-05","L010-Red-B1","TRC-L010-05","literature_structured","InP/(Al)ZnS","one_pot_gram_scale","","no","200","30","629","","final_purified","Red QD Batch 1 (representative); PL 629nm FWHM 59.0nm QY 72%; representative_selected_from_batch_series; median_batch_selected; Al_boundary:location_ambiguous; process_events_pending [EXTGAP-FILL: T/t blank→200/30 (Red: InCl3+ZnCl2 200C/30min (Sec 2.4))]","SI_table","1","0","0","0","","0","0","0","0","72","59"
"L011","InP (L-series)","NR-L011-01","L011-RQ1","TRC-L011-01","literature_structured","InP/ZnSe/ZnS","aminophosphine_one_pot_HF","","no","180","20","670","","final_purified","RQ1 deep red; PL 670nm FWHM 50nm QY 60%; abs 642nm; size 10.5nm; 3DMA-P + HF etching; ZnSe_thin_thick_variant:pending [EXTGAP-FILL: T/t blank→180/20 (tR from Table 1, core reflux at 180C)]","table","1","0","0","0","","0","0","0","0","60","50"
"L011","InP (L-series)","NR-L011-02","L011-RQ2","TRC-L011-02","literature_structured","InP/ZnSe/ZnS","aminophosphine_one_pot_HF","","no","180","20","666","","final_purified","RQ2; PL 666nm FWHM 52nm QY 66%; abs 631nm; size 10.3nm; ZnSe_thin_thick_variant:pending [EXTGAP-FILL: T/t blank→180/20 (tR from Table 1, core reflux at 180C)]","table","1","0","0","0","","0","0","0","0","66","52"
"L011","InP (L-series)","NR-L011-03","L011-RQ3","TRC-L011-03","literature_structured","InP/ZnSe/ZnS","aminophosphine_one_pot_HF","","no","180","17","654","","final_purified","RQ3; PL 654nm FWHM 47nm QY 68%; abs 621nm; size 10.6nm; ZnSe_thin_thick_variant:pending [EXTGAP-FILL: T/t blank→180/17 (tR from Table 1, core reflux at 180C)]","table","1","0","0","0","","0","0","0","0","68","47"
"L011","InP (L-series)","NR-L011-04","L011-RQ4","TRC-L011-04","literature_structured","InP/ZnSe/ZnS","aminophosphine_one_pot_HF","","no","180","12","642","","final_purified","RQ4; PL 642nm FWHM 45nm QY 71%; abs 611nm; size 10.7nm; ZnSe_thin_thick_variant:pending [EXTGAP-FILL: T/t blank→180/12 (tR from Table 1, core reflux at 180C)]","table","1","0","0","0","","0","0","0","0","71","45"
"L011","InP (L-series)","NR-L011-05","L011-RQ5","TRC-L011-05","literature_structured","InP/ZnSe/ZnS","aminophosphine_one_pot_HF","","no","180","8","632","","final_purified","RQ5; PL 632nm FWHM 44nm QY 74%; abs 601nm; size 11.0nm; highest QY; ZnSe_thin_thick_variant:pending [EXTGAP-FILL: T/t blank→180/8 (tR from Table 1, core reflux at 180C)]","table","1","0","0","0","","0","0","0","0","74","44"
"L011","InP (L-series)","NR-L011-06","L011-RQ6","TRC-L011-06","literature_structured","InP/ZnSe/ZnS","aminophosphine_one_pot_HF","","no","180","5","626","","final_purified","RQ6; PL 626nm FWHM 49nm QY 69%; abs 592nm; size 10.3nm; ZnSe_thin_thick_variant:pending [EXTGAP-FILL: T/t blank→180/5 (tR from Table 1, core reflux at 180C)]","table","1","0","0","0","","0","0","0","0","69","49"
"L012","InP (L-series)","NR-L012-01","L012-S01","TRC-L012-01","literature_structured","InP/ZnSe/ZnS","hot_injection","","","270","","618","","final_purified","Stoichiometry-controlled InP/ZnSe/ZnS; PL ~618nm FWHM 42nm; QY near-unity (exact % pending Table S1 manual read); size 7.8±0.5nm; QY 93±3% after 1mo ambient; In:P ~1:1 by EDS; HAc removal Ar bubbling 30min 150C; purification before thick shell; entropic ligands laurate+stearate; 6ML ZnSe 300C 15 cycles + 2ML ZnS 4 cycles; caution: PL is approximate (~618); caution: QY exact numeric unresolved","supplementary_text","1","1","0","1","In:P_atomic_EDS","1","0","1","1","","42"
"L013","InP (L-series)","NR-L013-01","L013-S01","TRC-L013-01","literature_structured","InP/ZnSe/ZnS","aminophosphine_InBr3","","","185","60","621","","final_purified","InBr3-based red InP/thick-ZnSe/ZnS; PL 621nm FWHM 44nm QY 86%; (DMA)3P aminophosphine + InBr3 unconventional In halide; core 185C 60min in OLA; thick-ZnSe 320C 60min; ZnS 320C 60min; OTT 220C 30min; Zn(OAc)2/OA 190C 30min; core 3.4nm thick-ZnSe 8.1nm final 8.8nm; route aminophosphine_InBr3 confirmed (HOLD-L013-01 resolved option_A)","main_text","1","1","0","0","","0","0","1","0","86","44"
"L015","InP (L-series)","NR-L015-01","L015-S01","TRC-L015-01","literature_structured","InP/ZnSe/ZnSeS/ZnS","aminophosphine_one_pot_GHAS","","","200","6","522","","final_purified","InP/ZnSe/ZnSeS/ZnS green QDs; PL 522nm FWHM 36nm QY 86%; one-pot aminophosphine (DMA)3P + InCl3 + ZnI2 in OLA; gradient heating alloy shell (GHAS) ZnSeS 240->260->280C; ZnSe inner 240C Se/TOP 2mL/h; ZnS outer 300C OTT 1.6mL/h; core 200C 6min; no SI available; system_tag InP/ZnSe/ZnSeS/ZnS confirmed (HOLD-L015-01 resolved option_A); route aminophosphine_one_pot_GHAS confirmed (HOLD-L015-02 resolved option_A)","main_text","1","0","0","0","","0","1","1","0","86","36"
"L016","InP (L-series)","NR-L016-01","L016-S01","TRC-L016-01","literature_structured","InP/ZnS","aminophosphine","","","170","20","521","","final_purified","InP/ZnS-DDT/300 green QDs; PL 521nm QY 85%; P(DEA)3 tris(diethylamino)phosphine + InCl3 + ZnCl2/ZnI2 in OLA; DDT as S source generating H2S in-situ at 300C for interface engineering; core 170C 20min; ZnS shell 300C 1h; FWHM not stated in text; route=aminophosphine (HOLD-L016-01 resolved option_B; DDT/H2S detail in notes)","supplementary_text","1","0","0","0","","0","0","1","0","85",""
"L017","InP (L-series)","NR-L017-01","L017-S01","TRC-L017-01","literature_structured","InP/ZnS","aminophosphine","","","180","5","540","","final_purified","InP/ZnS green QDs for temperature sensor; PL ~540nm (caution: tilde approximate); QY 31% FWHM 46nm; P(DMA)3 + InCl3 + ZnCl2 in OLA; shell ZnO-derived Zn precursor + S/TOP at 180C 3h; core 180C 5min; route=aminophosphine (HOLD-L017-01 resolved option_A); caution: PL is approximate (~540)","main_text","1","0","0","0","","0","0","0","1","31","46"
"L018","InP (L-series)","NR-L018-01","L018-S01","TRC-L018-01","literature_structured","InP/ZnSe/ZnS","aminophosphine","","","180","4","528","","final_purified","InP/ZnSe/ZnS green QDs; PL 528nm QY 90% FWHM 37nm; P(DEA)3 tris(diethylamino)phosphine + InI3 + ZnCl2 in OLA; ZnSe 200C→290C 30+30min; ZnS 300C 2h; alkanethiol 220C 60min; Zn(OAc)2/OA 190C 120min; core 180C 4min; route=aminophosphine (HOLD-L018-01 resolved option_B; DEAP+InI3 detail in notes)","main_text","1","1","0","0","","0","0","1","0","90","37"
"L014","InP (L-series)","NR-L014-01","L014-S01","TRC-L014-01","literature_structured","InP/ZnSe/ZnS","hot_injection","no","no","240","10","535","","final_purified","InP/ZnSe/ZnS green QDs via ZnBr2 hybrid shelling; PL 533nm (caution: value from SI Fig 3B author-labeled numeric annotation on spectrum — not body-text explicit, but distinct from curve-read estimate); QY unity/100% (text; SI Fig 5: 99.25-99.76% across 3 batches; raw provenance preserved); FWHM 32nm (text); (TMS)3P silylphosphine core 240C 10min; ZnBr2 5mmol + Zn(OAc)2 hybrid co-injection shelling; ZnSe inner shell 300C 60min medium thickness tZnSe=1.8nm; ZnS outer shell 300C 60min; OTT passivation 230C 60min; route=hot_injection (conservative generic; ZnBr2 hybrid detail preserved in notes only); open_access CC-BY-4.0; Jo2024 Soft Science [HALLUC-PATCH: PL 533→535; 533 was non-hybrid ZnBr2-only sample (SI Fig 3B). Corrected to hybrid champion InP-ZnBr2-Zn(OA)2/ZnSe/ZnS from Fig 4B (QY=100%, FWHM=32nm)]","main_text","1","1","0","0","","0","0","1","1","100","32"
"L019","InP (L-series)","NR-L019-01","L019-S01","TRC-L019-01","literature_structured","InP/GaP/ZnS","heating_up","no","no","300","10","530","","final_purified","Green InP/GaP/ZnS QDs via heating-up; PL 530nm QY 85% (max 90%) FWHM 41nm; In(OAc)3 0.24mmol + Zn(OAc)2 1mmol + myristic acid + (TMS)3P 0.19mmol + GaCl3 0.085mmol in ODE; heated RT→300C in 10min then 10min at 300C; t-DDT 0.25mL + ZnOleate 2mmol + DDT 0.75mL for ZnS shell; GaP inner shell from GaCl3 reaction >200C (detail in notes only; route=heating_up generic); open_access CC-BY-4.0; Park2016 Sci Rep","main_text","1","0","0","0","","0","0","1","0","85","41"
"L019","InP (L-series)","NR-L019-02","L019-S02","TRC-L019-02","literature_structured","InP/GaP/ZnS","heating_up","no","no","300","10","480","","final_purified","Blue InP/GaP/ZnS QDs; PL 480nm QY ~40% (caution: tilde approximate; max 50%) FWHM 50nm; same core precursors as green; DDT 1mmol injected at ~200-270C during ramp to restrict core growth; TEM 2.7nm; route=heating_up (GaP detail in notes); Park2016 Sci Rep","main_text","1","0","0","0","","0","0","1","1","40","50"
"L019","InP (L-series)","NR-L019-03","L019-S03","TRC-L019-03","literature_structured","InP/GaP/ZnS","heating_up","no","no","300","10","620","","final_purified","Red InP/GaP/ZnS QDs; PL 620nm QY ~60% (caution: tilde approximate; max 65%) FWHM 65nm (abstract; Discussion says 60nm — discrepancy noted in trace); double GaCl3 0.17mmol for thicker GaP → red shift; TEM 4.1nm; route=heating_up (GaP detail in notes); Park2016 Sci Rep","main_text","1","0","0","0","","0","0","1","1","60","65"
"L020","InP (L-series)","NR-L020-01","L020-S01","TRC-L020-01","literature_structured","InP/GaP/ZnS","heating_up","no","no","300","60","485","","final_purified","Blue InP/GaP/ZnS optimized; PL 485nm QY 45% FWHM 52nm; LA (lauric acid C12) capping + HT (hexanethiol C6) sulfur source at 185C; ZnOleate 6mmol + DDT 3mL at 300C 60min for thick shell; In(OAc)3 0.48mmol + Zn(OAc)2 1.99mmol + (TMS)3P 0.38mmol + GaCl3 0.17mmol; heating-up 26.1C/min; GaP inner shell from GaCl3 (detail in notes; route=heating_up generic); TEM 6.3nm spherical; no SI available; open_access MDPI CC-BY; Lee2020 Nanomaterials","main_text","1","0","0","0","","0","0","1","0","45","52"
"L020","InP (L-series)","NR-L020-02","L020-S02","TRC-L020-02","literature_structured","InP/GaP/ZnS","heating_up","no","no","300","10","497","","final_purified","InP/GaP/ZnS HT sulfur source at 230C; PL 497nm FWHM 59nm; QY not text-stated (figure-only excluded); same core precursors; shell ZnOleate+DDT 300C 10min; no SI; Lee2020 Nanomaterials","main_text","1","0","0","0","","0","0","0","1","","59"
"L021","InP (L-series)","NR-L021-01","L021-S01","TRC-L021-01","literature_structured","InP/ZnS/ZnS","heating_up","no","no","170","30","465","","final_purified","Blue InP/ZnS/ZnS from NaOCP; PL 465nm QY 43% FWHM 42nm; NaOCP (sodium phosphaethynolate) inorganic solid P precursor — novel non-toxic alternative to (TMS)3P and aminophosphines (precursor detail in notes; route=heating_up generic); InCl3 1mmol + ZnCl2 5mmol + NaOCP 5mmol + 20mL OLA; core 170C 30min; DDT-based ZnS/ZnS dual shell at 310C then 240C; SI has full protocol; Yu2021 ACS Energy Lett","supplementary_text","1","0","0","0","","0","0","1","0","43","42"
"L021","InP (L-series)","NR-L021-02","L021-S02","TRC-L021-02","literature_structured","InP/ZnSe/ZnS","heating_up","no","no","180","30","533","","final_purified","Green InP/ZnSe/ZnS from NaOCP; PL 533nm QY 97% FWHM 36nm; NaOCP precursor (detail in notes; route=heating_up generic); InCl3 1mmol + ZnCl2 8mmol + OLA 9mL; NaOCP 1mmol/6mL OLA injected; core 180C 30min; multi-step ZnSe shelling 200→240→280→310C then ZnS/DDT at 240C; SI full protocol; note: PL 533nm overlaps L014 — acceptable for diversity; Yu2021 ACS Energy Lett","supplementary_text","1","0","0","0","","0","0","1","0","97","36"
"L021","InP (L-series)","NR-L021-03","L021-S03","TRC-L021-03","literature_structured","InP/ZnSe/ZnS","heating_up","no","no","310","30","620","","final_purified","Red InP/ZnSe/ZnS from NaOCP; PL 620nm QY 95% FWHM 60nm; NaOCP precursor (detail in notes; route=heating_up generic); InCl3 1mmol + ZnCl2 1mmol + OLA 9mL; NaOCP 1mmol/6mL OLA; core 310C 30min (high T for large red core); same multi-step ZnSe/ZnS shelling; SI full protocol; Yu2021 ACS Energy Lett","supplementary_text","1","0","0","0","","0","0","1","0","95","60"
"L022","InP (L-series)","NR-L022-01","L022-S01","TRC-L022-01","literature_structured","InP/ZnS/ZnS","heating_up","no","no","170","30","410","","final_purified","Deep blue InP/ZnS/ZnS with oleic acid (OAC) ligand; PL 410nm QY 37% FWHM 65nm; Table 1 provenance; In(OAc)3 + OAC + ODE heated 170C 30min for InP core (SI S1.2.1); consecutive double ZnS shell coating; ultrasmall core 1.74nm → 4.11nm after double shell; low QY expected for deep blue ultrasmall InP; Rakshit2023 ACS AMI; [VERIFY-FIX 2026-04-06: time_min 120→30, SI Section 1.2.1 ""held for 30 minutes""; main text 170C/2h is impurity comparison experiment]","main_text","1","0","0","0","","0","0","0","0","37","65"
"L022","InP (L-series)","NR-L022-02","L022-S02","TRC-L022-02","literature_structured","InP/ZnS/ZnS","heating_up","no","no","170","30","430","","final_purified","Deep blue InP/ZnS/ZnS with oleylamine (OAM) ligand; PL 430nm QY 45% FWHM 50nm; Table 1 provenance; In(OAc)3 + OAM + ODE heated 170C 30min for InP core (SI S1.2.1); consecutive double ZnS shell coating; ultrasmall core 1.81nm → 4.15nm; OAM yields higher QY and narrower FWHM than OAC; Rakshit2023 ACS AMI; [VERIFY-FIX 2026-04-06: time_min 120→30, OAM same procedure as S01; SI Section 1.2.1 ""held for 30 minutes""]","main_text","1","0","0","0","","0","0","0","0","45","50"
"L023","InP (L-series)","NR-L023-01","L023-S01","TRC-L023-01","literature_structured","InP/ZnS","hot_injection","no","no","180","30","482","","final_purified","Blue InP@ZnS from P4 (elemental phosphorus) precursor; PL 482±1nm QY 8±2% FWHM 58±1nm; Table 1 with standard errors; low-performance valid row — QY 8% is genuine measurement for ultrasmall blue InP from InI3+ZnI2 precursors; P4 sublimed from red P dissolved in TOP as novel P source (precursor detail in notes; route=hot_injection generic); ZnS shell ZnOAc+dodecanethiol 210C 90min; Bang2017 Chem Mater","main_text","1","0","0","0","","0","0","1","0","8","58"
"L023","InP (L-series)","NR-L023-02","L023-S02","TRC-L023-02","literature_structured","InP/ZnS","hot_injection","no","no","150","30","529","","final_purified","Green InP@ZnS from P4; PL 529±2nm QY 60±2% FWHM 60±1nm; Table 1; InCl3+ZnCl2+OLA 3.3mL; P4-TOP injected at 150C 30min; highest QY tier for this paper; Bang2017 Chem Mater","main_text","1","0","0","0","","0","0","1","0","60","60"
"L023","InP (L-series)","NR-L023-03","L023-S03","TRC-L023-03","literature_structured","InP/ZnS","hot_injection","no","no","180","30","555","","final_purified","Yellow InP@ZnS from P4; PL 555±2nm QY 63±1% FWHM 69±2nm; Table 1; same InCl3+ZnCl2 but 180C for larger core; highest QY in paper (63%); Bang2017 Chem Mater","main_text","1","0","0","0","","0","0","1","0","63","69"
"L023","InP (L-series)","NR-L023-04","L023-S04","TRC-L023-04","literature_structured","InP/ZnS","hot_injection","no","no","180","30","595","","final_purified","Orange InP@ZnS from P4; PL 595±2nm QY 40±3% FWHM 77±1nm; Table 1; half OLA (1.65mL) for larger core; P4-TOP at 180C 30min; Bang2017 Chem Mater","main_text","1","0","0","0","","0","0","1","0","40","77"
"L023","InP (L-series)","NR-L023-05","L023-S05","TRC-L023-05","literature_structured","InP/ZnS","hot_injection","no","no","210","20","635","","final_purified","Red InP@ZnS from P4; PL 635±3nm QY 18±2% FWHM 76±1nm; Table 1; half OLA; P4-TOP at 210C with 2-step injection (10+10min = 20min total); secondary P4 injection for further core growth; Bang2017 Chem Mater","main_text","1","0","0","0","","0","0","1","0","18","76"
"L024","InP (L-series)","NR-L024-01","L024-S01","TRC-L024-01","literature_structured","InZnP/InGaP/GaP/ZnSeS","hot_injection","no","no","270","120","565","","final_purified","InZnP/InGaP/GaP/ZnSeS multishell QD via Ga-for-Zn cation exchange; PL 565nm QY 75% FWHM 52nm; Hens/Houtepen group TU Delft/IIT; complex multi-step: (1) InZnP core In(OAc)3+Zn(OAc)2+PA in ODE heated 250C → P(TMS)3 injected → 270C 2h core growth; (2) Ga3+→Zn2+ CE at 200C with Ga(OA)3; (3) GaP shell P(TMS)3+Ga at 150-200C; (4) ZnSeS outer shell Zn stearate+TOP-Se+TOP-S at 300C 20min; route=hot_injection (CE/GaP/ZnSeS shell detail in notes only; no new route vocabulary); system_tag=InZnP/InGaP/GaP/ZnSeS (approved as-is; not simplified); open_access CC-BY-NC-ND; Pietra2017 Chem Mater","main_text","1","0","0","0","","0","0","1","0","75","52"
"L025","InP (L-series)","NR-L025-01","L025-S01","TRC-L025-01","literature_structured","InP/ZnSeS/ZnS","hot_injection","no","no","250","2","525","","final_purified","InP_S: P(TMS)3 core 250C/2min; gradient ZnSeS (4 steps 200-300C) + ZnS outer; QY 95% absolute integrating sphere; FWHM 35nm; Shim2023 ACS Appl Nano Mater","main_text","1","0","0","0","","0","0","1","0","95","35"
"L025","InP (L-series)","NR-L025-02","L025-S02","TRC-L025-02","literature_structured","InP/ZnSeS/ZnS","hot_injection","no","no","180","1","525","","final_purified","InP_A: P(DMA)3 aminophosphine core 180C/1min; identical shell as S01; QY 85% absolute integrating sphere; FWHM 36nm; Shim2023 ACS Appl Nano Mater","main_text","1","0","0","0","","0","0","1","0","85","36"
"L026","InP (L-series)","NR-L026-01","L026-S07","TRC-L026-01","literature_structured","InP/ZnSeS/ZnS","hot_injection","no","no","200","30","646","","final_purified","InP/ZnSeS/ZnS control (no Ga); (DMA)3P core 200C/30min; gradient ZnSeS + ZnS; QY 36% absolute (FLS1000 integrating sphere 365nm); FWHM 67nm; Song2024 Nano Res","main_text","1","0","0","0","","0","0","1","0","36","67"
"L026","InP (L-series)","NR-L026-02","L026-S08","TRC-L026-02","literature_structured","H-InP/ZnSeS/ZnS","hot_injection","no","no","200","30","647","","final_purified","H-InP/ZnSeS/ZnS heat control; 300C/30min heat without GaI3; QY 46% absolute; FWHM 74nm broadened; Song2024 Nano Res","main_text","1","0","0","0","","0","0","1","0","46","74"
"L026","InP (L-series)","NR-L026-03","L026-S09","TRC-L026-03","literature_structured","Ga-InP/ZnSeS/ZnS","hot_injection","no","no","200","30","640","","final_purified","Ga-InP/ZnSeS/ZnS PRIMARY; GaI3 cation exchange 300C/30min; QY 60% (max 62%) absolute; FWHM 67nm; NEW system_tag; Song2024 Nano Res","main_text","1","0","0","0","","0","0","1","0","60","67"
"L028","InP (L-series)","NR-L028-01","L028-S01","TRC-L028-01","literature_structured","InP/ZnSe/ZnS","hot_injection","no","no","180","30","607","","final_purified","Red: DEA3P aminophosphine core InCl3+ZnCl2+OLA 180C/30min; interfacial treatment TBA HFP+water; ZnSe shell TOP-Se 330C/28-60min; ZnAc2; ZnS TOP-S 300C/1h; DDT; PL 607nm QY 95% FWHM 45.5nm; absolute QY integrating sphere; Avermaet2022 ACS Nano","main_text","1","1","0","0","","0","0","1","0","95","45.5"
"L028","InP (L-series)","NR-L028-02","L028-S02","TRC-L028-02","literature_structured","InP/ZnSe/ZnS","hot_injection","no","no","180","30","562","","final_purified","Amber1: conditions_inherited from S01; PL 562nm QY 82% FWHM 48nm; Table 2; Avermaet2022 [shared_protocol: T/time inherited from L028-S01]; [VERIFY-NOTE 2026-04-06: time_min=30 is inferred from red protocol (SI S2.2). Amber-specific core growth time not explicitly stated.]","main_text","1","1","0","0","","0","0","1","1","82","48"
"L028","InP (L-series)","NR-L028-03","L028-S03","TRC-L028-03","literature_structured","InP/ZnSeS/ZnS","hot_injection","no","no","180","30","552","","final_purified","Amber2: Zn(Se,S)_{75,25} alloy shell; conditions_inherited; PL 552nm QY 87% FWHM 53nm; Table 2; Avermaet2022 [shared_protocol: T/time inherited from L028-S01]; [VERIFY-NOTE 2026-04-06: time_min=30 is inferred from red protocol (SI S2.2). Amber-specific core growth time not explicitly stated.]","main_text","1","1","0","0","","0","0","1","1","87","53"
"L028","InP (L-series)","NR-L028-04","L028-S04","TRC-L028-04","literature_structured","InP/ZnSeS/ZnS","hot_injection","no","no","180","20","517.5","","final_purified","Green: InBr3+ZnBr2 core DEA3P 180C/20min; Zn(Se,S)_{25,75} 3:1 S:Se 300C/80min; ZnAc2+ZnS; PL 517.5nm QY 100% FWHM 45nm; absolute QY; 10g scale QY 85%; Avermaet2022","supplementary_text","1","1","0","0","","0","0","1","0","100","45"
"L028","InP (L-series)","NR-L028-05","L028-S05","TRC-L028-05","literature_structured","InP/ZnSeS/ZnS","hot_injection","no","no","180","12","483","","final_purified","Cyan1: InI3+ZnI2 core DEA3P 180C/12min; Zn(Se,S)_{10,90} 9:1 S:Se 300C/80min; ZnAc2+ZnS; PL 483nm QY 82% FWHM 46nm; absolute QY; Avermaet2022","supplementary_text","1","1","0","0","","0","0","1","0","82","46"
"L028","InP (L-series)","NR-L028-06","L028-S06","TRC-L028-06","literature_structured","InP/ZnS","hot_injection","no","no","180","30","491","","final_purified","Cyan2: InP/ZnS only; PL 491nm QY 92% FWHM 55.5nm; broader FWHM from direct ZnS strain; Table 2; Fig 8b; Avermaet2022 [shared_protocol: T/time inherited from L028-S01]","main_text","1","1","0","0","","0","0","1","0","92","55.5"
"L029","InP (L-series)","NR-L029-01","L029-S01","TRC-L029-01","literature_structured","InP/ZnSeS/ZnS","hot_injection","no","no","180","2","527","","final_purified","Green best: DMA3P 180C/2min; size-fractionated; 4-step ZnSeS gradient 270C; ZnS 230C; PL 527nm QY 87% FWHM 37nm; absolute QY QE-2000; Jo2020","main_text","1","0","0","0","","0","0","1","0","87","37"
"L029","InP (L-series)","NR-L029-02","L029-S02","TRC-L029-02","literature_structured","InP/ZnSeS/ZnS","hot_injection","no","no","180","2","530","","final_purified","One-pot green: same recipe no fractionation; PL 530nm QY 82% FWHM 50nm; absolute QY; Jo2020 [shared_protocol: T/time inherited from L029-S01]; [VERIFY-FIX 2026-04-06: PL_peak_nm_final 527→530, text p.1974 ""green (530 nm) QDs""; Fig S2a peak 530nm; 527nm was S01 value erroneously copied]","main_text","1","0","0","0","","0","0","1","0","82","50"
"L032","InP (L-series)","NR-L032-01","L032-S01","TRC-L032-01","literature_structured","In(Zn)P/ZnSe","hot_injection","no","no","270","120","","","final_purified","Lattice-matched In(Zn)P/ZnSe Zn/In=2.0; QY 60% absolute (Philips PTI); PL ~490nm figure-derived; P(TMS)3 injected at 300C then held at 270C/120min; ZnSe 280C; Pietra2016 ACS Nano; [VERIFY-FIX 2026-04-06: T_growth_C 185→270, time_min 15→120. p.4759 ""heating to 300C...injected...temperature lowered to 270C and held for 2h"". 185C not in paper. 15min was SI Fig S14 shell growth timepoint] [HALLUC-PATCH: PL 490→blank; 490 was likely absorption peak (Fig 3b/4b), not PL emission. Core/shell PL only in SI Fig S14 (38MB, unverifiable). cc+1]","main_text","1","0","0","0","","0","0","1","2","60",""
"L033","InP (L-series)","NR-L033-01","L033-S01","TRC-L033-01","literature_structured","InP/ZnS","hot_injection","no","no","185","15","530","","final_purified","Green with water: InCl3·4H2O+ZnSt2+OLA (DMA)2P 185C/15min; ZnS TOP-S 280C 2x30min; PL 530nm QY 45% FWHM 46nm; absolute QY; 10-batch repro; Ramasamy2016","main_text","1","0","0","0","","0","0","1","0","45","46"
"L033","InP (L-series)","NR-L033-02","L033-S02","TRC-L033-02","literature_structured","InP/ZnS","hot_injection","no","no","185","15","625","","final_purified","Red without water: anhydrous InCl3 dried 120C/2h; same shell; PL 625nm QY 33% FWHM 66nm; absolute QY; Ramasamy2016","main_text","1","0","0","0","","0","0","1","0","33","66"
"L034","InP (L-series)","NR-L034-01","L034-S01","TRC-L034-01","literature_structured","InP/ZnSe","hot_injection","no","no","180","20","629","","final_purified","InP/ZnSe; InCl3+ZnCl2+OLA TDAP 180C/20min; ZnSe TOP-Se ramp to 320C 240min; PL 629nm QY 65% FWHM 47nm; near-blinking-free; Chandrasekaran2017 Nano Lett","supplementary_text","1","0","0","0","","0","0","1","0","65","47"
"L035","InP (L-series)","NR-L035-01","L035-S01","TRC-L035-01","literature_structured","InP/ZnSe","hot_injection","no","no","180","20","554","","final_purified","InP/ZnSe: P(NEt2)3 aminophosphine 180C/20min; ZnSe shell TOP-Se+Zn(St)2 180→320C; FWHM 47nm QY 50% text; PL ~554nm figure-derived (cc=1); Tessier2016 JACS; [VERIFY-FIX 2026-04-06: time_min 30→20, SI S1.2 (554nm InI3+ZnI2 protocol) ""InP core reaction occurs during 20 minutes""; 30min is InCl3 protocol for 613nm sample]","main_text","1","0","0","0","","0","0","1","1","50","47"
"L036","InP (L-series)","NR-L036-01","L036-S01","TRC-L036-01","literature_structured","InP/ZnS","hot_injection","no","no","200","20","468","","final_purified","BLUE InP/ZnS: InI3+ZnI2+OLA (DMA)3P 200C/20min; DDT+ZnSt 300C/45min ZnS; PL 468nm QY 45% FWHM 47nm; shortest wavelength InP; Zhang2020 Adv Funct Mater","main_text","1","0","0","0","","0","0","1","0","45","47"
"L036","InP (L-series)","NR-L036-02","L036-S02","TRC-L036-02","literature_structured","InP/ZnS/ZnS","hot_injection","no","no","200","20","468","","final_purified","BLUE InP/ZnS/ZnS: double shell S-TOP+Zn(OA)2 250C/60min; PL 468nm QY ~40% FWHM 47nm; improved stability; EQE 1.7%; Zhang2020 [shared_protocol: T/time inherited from L036-S01]","main_text","1","0","0","0","","0","0","1","0","40","47"
"L037","InP (L-series)","NR-L037-01","L037-S01","TRC-L037-01","literature_structured","InP/ZnSe","hot_injection","no","no","250","20","683.5","650.1","final_purified","DEEP RED InP/ZnSe single shell: InCl3(1mmol)+ZnCl2(2.2mmol)+OLA degassed 140C; (DMA)3P 250C/20min core; Zn+Se precursors 270C/180min ZnSe shell; PL 683.5nm QY 45% FWHM 53nm; Table S1 explicit; core PL 650nm; shared core protocol with S02/S03; Huang2023 Adv Opt Mater [shared_protocol: T/time inherited from L037-S03]","main_text","1","0","0","0","","0","0","1","0","45","53"
"L037","InP (L-series)","NR-L037-02","L037-S02","TRC-L037-02","literature_structured","InP/ZnSe/ZnSeS","hot_injection","no","no","250","20","680.3","650.1","final_purified","DEEP RED InP/ZnSe/ZnSeS with transition layer: same core as S01; ZnSe inner 270C/180min + ZnSeS transition 280C/120min; PL 680.3nm QY 90% FWHM 58.8nm; Table S1 explicit; core PL 650nm; transition layer reduces lattice mismatch; Huang2023 [shared_protocol: T/time inherited from L037-S03]","main_text","1","0","0","0","","0","0","1","0","90","58.8"
"L037","InP (L-series)","NR-L037-03","L037-S03","TRC-L037-03","literature_structured","InP/ZnSe/ZnSeS/ZnS","hot_injection","no","no","250","20","680","650.1","final_purified","DEEP RED InP/ZnSe/ZnSeS/ZnS full multi-shell REPRESENTATIVE: same core; ZnSe 270C/180min + ZnSeS 280C/120min + ZnS outer 280C (DDT); PL 680nm QY 95% FWHM 66nm; highest deep-red PLQY for InP; Table S1 explicit; QLED EQE 6.5% luminance 2263 cd/m2; core size 5.3nm final 10.5nm; Huang2023","main_text","1","0","0","0","","0","0","1","0","95","66"
"L038","InP (L-series)","NR-L038-01","L038-S01","TRC-L038-01","literature_structured","InP/ZnS","hot_injection","no","no","200","","425","","final_purified","BLUE Cu-assisted InP/ZnS: InCl3+ZnCl2+CuBr(0.45mmol)+OLA; (DMA)3P 200C Cu-assisted core; multi-step ZnS 200→260C; PL ~425nm QY 25% FWHM 72nm; text p.3 explicit; PL range ~420-425nm (text says both); band-gap emission confirmed NOT trap (PLE 355nm band-edge; XPS no Cu in lattice); Cu role=competitive nucleation with Cu3-xP→ultrasmall InP cores; FWHM broad due to ultrasmall size distribution; approve_with_note: PL range ambiguity preserved; Huang2019 J Phys Chem Lett; [VERIFY-FIX 2026-04-06: time_min 60→blank. Cu-assisted route core growth hold time not explicitly stated in paper. Conventional route = 60 min but not confirmed for Cu-assisted. SI p.3 60min=conventional InP only; SI p.4 60min=ZnS shelling step]","main_text","1","0","0","0","","0","0","1","1","25","72"
"L038","InP (L-series)","NR-L038-02","L038-S02","TRC-L038-02","literature_structured","InP/ZnS","hot_injection","no","no","200","60","630","","final_purified","RED conventional InP/ZnS control (no Cu): same protocol without CuBr; PL ~630nm QY 36% FWHM 61nm; text p.2 explicit; standard InP/ZnS synthesis; conventional comparison for Cu-assisted S01; approve_with_note: control row with low gap priority; Huang2019 [shared_protocol: T/time inherited from L038-S01]","main_text","1","0","0","0","","0","0","1","1","36","61"
"L039","InP (L-series)","NR-L039-01","L039-S01","TRC-L039-01","literature_structured","InP/ZnSeS/ZnS","hot_injection","no","no","140","60","500","","final_purified","InP/ZnSeS/ZnS In:Zn=1:0 (no Zn in core): InI3+OLA+ODE; (DMA)3P 140C/60min core; ZnSeS 280C + ZnS 220C/60min; PL 500nm QY 60% FWHM 44nm; figure-derived PL+QY (Fig 1c-d); FWHM from text range 44-46nm; approve_with_note: figure-derived cc=1; cyan range; base formulation without Zn modification; Jiang2024 ACS Appl Nano Mater; [VERIFY-FIX 2026-04-06: T_growth_C 200→140. Experimental: 120°C=degas, 140°C=core growth (P injection + 60min hold). 200°C does not exist in core synthesis. Previous REPAIR C-2 correction was erroneous.]","main_text","1","0","0","0","","0","0","1","1","60","44"
"L039","InP (L-series)","NR-L039-02","L039-S02","TRC-L039-02","literature_structured","InP/ZnSeS/ZnS","hot_injection","no","no","140","60","478","","final_purified","In(Zn)P/ZnSeS/ZnS In:Zn=1:1 (Zn-doped core): InI3+Zn(Ac)2+OLA+ODE; (DMA)3P 140C/60min core; same shell as S01; PL 478nm QY 72% FWHM 46nm; PL from text+Fig 1c; QY text-explicit; FWHM text range; approve_with_note: mixed provenance cc=1; Zn doping shrinks core→blue shift; Jiang2024; [VERIFY-FIX 2026-04-06: T_growth_C 200→140. Experimental: 120°C=degas, 140°C=core growth (P injection + 60min hold). 200°C does not exist in core synthesis. Previous REPAIR C-2 correction was erroneous.]","main_text","1","0","0","0","","0","0","1","1","72","46"
"L039","InP (L-series)","NR-L039-03","L039-S03","TRC-L039-03","literature_structured","InP/ZnSeS/ZnS","hot_injection","no","no","140","60","457","","final_purified","In(ZnGa)P/ZnSeS/ZnS REPRESENTATIVE: In:Zn=1:1 + GaI3(0.45mmol) Ga cation-exchange at 240C/30min; same shell + optimized 160min; PL 457nm QY 84% FWHM 52nm; Table 2 explicit; 450-500nm band (NOT <450); Zn+Ga double modification shrinks core + widens band gap via cation exchange; core size 2.55nm; Jiang2024; [VERIFY-FIX 2026-04-06: T_growth_C 200→140. Experimental: 120°C=degas, 140°C=core growth (P injection + 60min hold). 200°C does not exist in core synthesis. Previous REPAIR C-2 correction was erroneous.]","main_text","1","0","0","0","","0","0","1","0","84","52"
"L040","InP (L-series)","NR-L040-01","L040-S01","TRC-L040-01","literature_structured","InP/ZnSe/ZnS","hot_injection","no","no","200","20","627","","final_purified","RED InP/ZnSe/ZnS Ga-free base case (GaI3=0.00mmol): [In(btsa)2Cl]2+ZnCl2+OAm; P(DMA)3 200C/20min core; ZnSe 200-290C + ZnS 300C/60min + OTT+Zn(ac)2 ligand treatment; PL 627nm QY 32% FWHM 59nm; Table S1+Table 1 explicit; Ga composition series base (x=0); system_tag=InP/ZnSe/ZnS because no Ga in core; Duah2025 Molecules","main_text","1","1","0","0","","0","0","1","0","32","59"
"L040","InP (L-series)","NR-L040-02","L040-S02","TRC-L040-02","literature_structured","In(Ga)P/ZnSe/ZnS","hot_injection","no","no","200","20","585","","final_purified","YELLOW In(Ga)P/ZnSe/ZnS (GaI3=0.25mmol): same protocol + 0.25mmol GaI3 during core; PL 585nm QY 50% FWHM 62nm; Table S1+Table 1 explicit; BEST QY in series; Ga incorporation confirmed by XPS (Fig 3b); estimated ~40% Ga at surface; ligand-treated; Duah2025 [shared_protocol: T/time inherited from L040-S01]","main_text","1","1","0","0","","0","0","1","0","50","62"
"L040","InP (L-series)","NR-L040-03","L040-S03","TRC-L040-03","literature_structured","In(Ga)P/ZnSe/ZnS","hot_injection","no","no","200","20","539","","final_purified","GREEN In(Ga)P/ZnSe/ZnS (GaI3=0.50mmol): same protocol + 0.50mmol GaI3; PL 539nm QY 31% FWHM 50nm; Table S1+Table 1 explicit; Ga composition ~70.4% (ICP-implied); ligand-treated; Duah2025 [shared_protocol: T/time inherited from L040-S01]","main_text","1","1","0","0","","0","0","1","0","31","50"
"L041","InP (L-series)","NR-L041-01","L041-S01","TRC-L041-01","literature_structured","In(Ga)P/ZnS","hot_injection","no","no","300","","470","","final_purified","BLUE In(Ga)P/ZnS REPRESENTATIVE: TMGa monomeric Ga carboxylate Ga(LA)3; In(LA)3+Ga(LA)3 Ga/In feed=1; TMS3P 300C core; In0.6Ga0.4P (ICP-OES); ZnCl2 surface passivation; double-step ZnS (ZnCl2-OAm 300C/30min inner + Zn(OA)2-DDT 300C/20min outer); PL 470nm QY 67% FWHM 40nm; text p.7 explicit; 450-500nm blue-edge band; core 2.3nm total 6.34nm; QLED turn-on 2.6V; narrowest FWHM among blue InGaP (Table S4); Kim2025 Inorg Chem Front","main_text","1","0","0","0","","0","0","1","0","67","40"
"L042","InP (L-series)","NR-L042-01","L042-S01","TRC-L042-01","literature_structured","InP/ZnS/ZnS","hot_injection","no","no","200","2","485","","final_purified","InP/ZnS/ZnS UNETCHED (HF=0mL): InI3+ZnBr2+OLA; P(DMA)3 200C/2min core; ZnS 1st 250C/45min + ZnS 2nd 300C/70min; PL 485nm QY 81% FWHM 48nm; text p.4; HF dose series baseline; Zhang2025 ACS Appl Electron Mater","main_text","1","0","0","0","","0","0","1","0","81","48"
"L042","InP (L-series)","NR-L042-02","L042-S05","TRC-L042-02","literature_structured","InP/ZnS/ZnS","hot_injection","no","no","200","2","479","","final_purified","InP/ZnS/ZnS HF=0.05mL: same core + HF 120C/5min + same ZnS/ZnS shell; PL 479nm QY 85%; text p.4; BEST QY in series; 450-500nm band; Zhang2025 [shared_protocol: T/time inherited from L042-S01]","main_text","1","1","0","0","","0","0","1","0","85",""
"L042","InP (L-series)","NR-L042-03","L042-S02","TRC-L042-03","literature_structured","InP/ZnS/ZnS","hot_injection","no","no","200","2","466","","final_purified","InP/ZnS/ZnS HF=0.10mL: HF etching removes InPOx/In2O3 + reduces core; PL 466nm QY 73% FWHM 47nm; Table S1 confirmed final core/shell; PURE BLUE; Zhang2025","main_text","1","1","0","0","","0","0","1","0","73","47"
"L042","InP (L-series)","NR-L042-04","L042-S03","TRC-L042-04","literature_structured","InP/ZnS/ZnS","hot_injection","no","no","200","2","451","","final_purified","InP/ZnS/ZnS HF=0.15mL: PL 451nm QY 52%; Table S1 confirmed final core/shell; 450-500nm band (451>=450 NOT <450); Zhang2025 [shared_protocol: T/time inherited from L042-S01]","main_text","1","1","0","0","","0","0","1","0","52",""
"L042","InP (L-series)","NR-L042-05","L042-S04","TRC-L042-05","literature_structured","InP/ZnS/ZnS","hot_injection","no","no","200","2","421","","final_purified","InP/ZnS/ZnS HF=0.20mL: PL 421nm QY 28%; Table S1 confirmed FINAL core/shell; TRUE <450nm — shortest wavelength InP QDs; QY low (28%) due to excessive HF etching; approve_with_note: low QY but valid <450 gap filler; Zhang2025 [shared_protocol: T/time inherited from L042-S01]","main_text","1","1","0","0","","0","0","1","1","28",""
"L043","InP (L-series)","NR-L043-01","L043-S01","TRC-L043-01","literature_structured","InP/ZnS","hot_injection","no","no","300","","630","","final_purified","InP/ZnS CONTROL (x=0 no Ga): 4.0nm InP core; ZnS shell (ZnCl2-OAm + TOP-S oxygen-free); PL ~630nm QY 89% FWHM 57nm; composition series baseline; NOT F6 (pure InP); PL figure-derived (Fig 4D); approve_with_note: PL cc=1; control row; Gupta2023 JACS","main_text","1","0","0","0","","0","0","1","1","89","57"
"L043","InP (L-series)","NR-L043-02","L043-S02","TRC-L043-02","literature_structured","In(Ga)P/ZnS","hot_injection","yes","yes","300","","590","","final_purified","In0.86Ga0.14P/ZnS (x=0.14): 4.0nm InP → molten-salt KGaI4 cation exchange → In0.86Ga0.14P; ZnS shell; PL ~590nm QY 89% FWHM 57nm; brightest alloy; F6 anchor; PL figure-derived (Fig 4D); ssNMR alloy confirmed; approve_with_note: PL cc=1; Gupta2023","main_text","1","0","0","0","","0","0","1","1","89","57"
"L043","InP (L-series)","NR-L043-03","L043-S03","TRC-L043-03","literature_structured","In(Ga)P/ZnS","hot_injection","yes","yes","300","","","","final_purified","In0.65Ga0.35P/ZnS (x=0.35): cation exchange → alloy; ZnS shell; PL blank (was 530nm, withdrawn); QY 75% FWHM 60nm; F6 alloy; ssNMR confirmed; yellow emission per Fig S7B/S11J; Gupta2023 [shared_protocol: T/time inherited from L043-S02]; [VERIFY-FIX 2026-04-06: PL_peak_nm_final 530→blank. 4nm/x=0.35 sample shows ~560-580nm (yellow) in Fig S7B/S11J. 530nm was 3.2nm small InP population (green) confusion. ""text p.5 explicit"" source claim not supported. Human review needed for figure estimate.]","main_text","1","0","0","0","","0","0","1","0","75","60"
"L044","InP (L-series)","NR-L044-01","L044-S01","TRC-L044-01","literature_structured","In(Ga)P/ZnSeS/ZnS","hot_injection","no","no","180","3","475","","final_purified","InGaP/ZnSeS/ZnS (Ga=0.68mmol): InP core 180C/3min; In3+-to-Ga3+ cation exchange 280C/30min; ZnSeS inner (Se=0.1mmol ZnSe-less) 280C/60min + ZnS outer 220C/60min; PL 475nm QY ~80% FWHM ~47nm; PL text-explicit; QY REPAIRED 68→80% (68% was unalloyed InP baseline); text says 80-82% for all InGaP; cc=1 PL figure-supported; F6 new sys_tag; Kim2020 Chem Mater","main_text","1","0","0","0","","0","0","1","1","68","47"
"L044","InP (L-series)","NR-L044-02","L044-S02","TRC-L044-02","literature_structured","In(Ga)P/ZnSeS/ZnS","hot_injection","no","no","180","3","470","","final_purified","InGaP/ZnSeS/ZnS (Ga=0.9mmol): same protocol; PL ~470nm QY ~81% FWHM ~46nm; QY REPAIRED 75→81% (text: 80-82%); PL figure-derived cc=1; F6; Kim2020","main_text","1","0","0","0","","0","0","1","1","75","46"
"L044","InP (L-series)","NR-L044-03","L044-S03","TRC-L044-03","literature_structured","In(Ga)P/ZnSeS/ZnS","hot_injection","no","no","180","3","465","","final_purified","InGaP/ZnSeS/ZnS REPRESENTATIVE (Ga=1.35mmol): PL 465nm QY 80% FWHM ~46nm; text p.5+Conclusions explicit; F6 new sys_tag In(Ga)P/ZnSeS/ZnS; QLED EQE 2.5% 1038cd/m2; Kim2020 [shared_protocol: T/time inherited from L044-S01]","main_text","1","0","0","0","","0","0","1","0","80","46"
"L045","InP (L-series)","NR-L045-01","L045-S02","TRC-L045-01","literature_structured","InP/ZnS/ZnS","hot_injection","no","no","140","2","474","","final_purified","InP/ZnS/ZnS Br-passivated MAIN representative: InI3+ZnBr2+OLA + (DMA)3P; core at 140C/2min; ZnS 1st at 250C/40min (S-TOP+Zn stearate); ZnS 2nd with DDT at 250C; PL 474nm QY 93% FWHM 47nm; size 6.2nm; HIGHEST blue InP QY reported; Zhang2022 Adv Opt Mater; T/time = core synthesis stage; second ZnS shell time blank (not in pages 1-5)","main_text","1","0","0","0","","0","0","1","0","93","47"
"L045","InP (L-series)","NR-L045-02","L045-S04","TRC-L045-02","literature_structured","InP/ZnS/ZnS","hot_injection","no","no","140","2","474","","final_purified","InP/ZnS/ZnS-OT after DDT->OT ligand exchange: parent S02 + OT exchange at 250C/30min; PL 474nm QY 92% (slight decrease from 93%); first exciton 431nm; postprocess_present_flag=1; same core T/time as parent; representative for 'after ligand exchange' state; Zhang2022","main_text","1","1","0","0","","0","0","1","0","92",""
"L046","InP (L-series)","NR-L046-01","L046-S03","TRC-L046-01","literature_structured","InP/ZnSe/ZnS","hot_injection","no","no","230","30","721","","final_purified","InP/ZnSe/ZnS pre-Al2O3 representative: InP core (tris(diethylamino)phosphine + In(I)Cl at 230C, time blank in main pages) + ZnSe shell at 320C/40min + ZnS shell at 300C/60min; PL 721nm QY 38.3% FWHM 107meV; size 11.1nm; deep red; Saha2024 Small open access; T_growth = core temperature; core time blank pending SI; option_A approved: InP/ZnSe/ZnS canonical tag [EXTGAP-FILL: t blank→30 (Exp Sec p.7 ""maintained for 30 min for the growth of the InP QDs"")]","main_text","1","0","0","0","","0","0","1","0","38.3",""
"L046","InP (L-series)","NR-L046-02","L046-S04","TRC-L046-02","literature_structured","InP/ZnSe/ZnS","hot_injection","no","no","230","30","725","","final_purified","InP/ZnSe/ZnS/Al2O3 deep red MAIN representative: parent S03 + Al(IPA)3 amorphous coating at 230C/3h; PL 725nm QY 42.5% FWHM 107meV (45nm); size 11.5nm; option_A APPROVED at GATE-L046-006: system_tag=InP/ZnSe/ZnS (not composite) + postprocess_present_flag=1 (Al2O3 amorphous post-coating, NOT epitaxial shell); shell_present_flag=1 from ZnSe+ZnS only; UNIQUE >700nm InP candidate; deep_red >650nm gap fill; Saha2024 Small open access [EXTGAP-FILL: t blank→30 (Exp Sec p.7 ""maintained for 30 min for the growth of the InP QDs"")]","main_text","1","1","0","0","","0","0","1","0","42.5","45"
"L047","InP (L-series)","NR-L047-01","L047-S04","TRC-L047-01","literature_structured","In(Zn)P/ZnS","hot_injection","no","no","200","20","466","","final_purified","In(Zn)P/ZnS narrow blue MAIN representative: InCl3+ZnI2+OAm; degassed 130C/1h; core at 200C/20min via (DMA)3P injection; Zn(ClO4)2 (0.55 mmol) injected 3min after P; ZnS shell DDT+ZnSt2+ODE at 300C/45min; PL 466nm FWHM 41nm QY 34%; In:Zn=1:1.33; option_A APPROVED at GATE-L047-006: NEW system_tag In(Zn)P/ZnS registered (alloy core, NOT pure InP, distinct from L032 InZnP/ZnSe lattice-matched); narrowest blue In(Zn)P FWHM reported; Zhou2023 Adv Opt Mater (reference-derived from L042 ref 26)","main_text","1","0","0","1","In:Zn_mol_ratio","0","0","1","0","34","41"
"L047","InP (L-series)","NR-L047-02","L047-S03","TRC-L047-02","literature_structured","In(Zn)P/ZnS","hot_injection","no","no","200","20","478","","final_purified","In(Zn)P/ZnS without Zn(ClO4)2 control: same core synthesis without Zn(ClO4)2 injection; same ZnS shell protocol (300C/45min); PL 478nm FWHM 49nm QY 31%; In:Zn=1:0.88; serves as comparison row to NR-L047-01 to show Zn(ClO4)2 effect on bandgap/FWHM; Zhou2023; option_A In(Zn)P/ZnS new tag applies","main_text","1","0","0","1","In:Zn_mol_ratio","0","0","1","0","31","49"
"L048","InP (L-series)","NR-L048-01","L048-S04","TRC-L048-01","literature_structured","InP/GaP/ZnS/ZnS","hot_injection","no","no","200","","","","final_purified","InP/GaP/ZnS/ZnS thick shell blue MAIN representative: SI Experimental — 0.24 mmol In acetate + 1 mmol Zn acetate + 2.17 mmol myristic acid + 4 mL ODE → 120C/1h; Ga precursor (0.068 mmol GaCl3) + P precursor (0.26 mmol (TMS)3P) added at RT; mixture heated to 200C → fast inject 1.4 mmol OT → 5 min at 300C (first ZnS shell); thick outer ZnS via 12 mL Zn stock (4 mmol ZnO + 4 mL OA) + 1 mL OT slowly added within 90 min at high T; size 7.0±0.9 nm (text+abstract); QY 81% (text+abstract+SI Fig S6 solution); FWHM 45 nm (text+abstract). PL_peak_nm_final BLANK per option_A_revised at GATE-L048-006: no explicit solution PL peak number in main text, table, or caption — Fig 2a + SI Fig S3a/S3b show solution PL spectra visually ~485 nm but figure-only (no numeric). EL @5V = 488 nm (main p.964; Fig 4f) is solid-film device measurement explicitly red-shifted from solution PL — modality mismatch — NOT used as PL_peak_nm_final. Device metrics (separate): EQE 1.01% optimized, brightness 3120 cd/m². T_growth_C=200 from SI Experimental (heating endpoint before OT injection); core hold time blank (immediate ramp 200C→300C with no explicit InP/GaP hold). NEW system_tag InP/GaP/ZnS/ZnS pending truth gate vocabulary registration (4-layer with GaP bridge; verified absent in spine 19-tag vocab via INC-018 process improvement enumeration check; distinct from L019/L020 single-ZnS InP/GaP/ZnS). INC-019: shortlist had wrong InP/ZnS/ZnS, corrected to actual InP/GaP/ZnS/ZnS at round1 intake. INC-001: DOI corrected from 9b03059 to 9b03567. Zhang2020 J Phys Chem Lett, 11, 960-967.","main_text","1","0","0","0","","0","0","1","3","81","45"
"L049","InP (L-series)","NR-L049-01","L049-S01","TRC-L049-01","literature_structured","InP/ZnSe/ZnS","hot_injection","no","no","305","40","606","","final_purified","InP-HF/ZnSe/ZnS mid-sized 13.4 nm BASE representative: SI Section 4 Experimental — In(OAc)3 1 mmole + OA 3.4 mmole + 20 mL ODE in 100 mL flask; degassed 150C; cooled 30-32C; injected 5 mmole P(TMS)3 + 6.66 mL TOP; heated to 305C at 20C/min ramp; held 1 min; slow injection In(OA)3 + 0.05M P(TMS)3/TOP via syringe pump 25 mL/h × 40 min; 800 µL TOPSe added; cooled. HF one-off treatment at 150C (replaces in-situ HF). ZnSe shell ~3h + ZnS shell ~6h via syringe pump injection. Table 1 row 1 explicit: PL 606 nm, PLQY 99.9%, FWHM 37.2 nm; size 13.4 nm. T_growth_C=305 (core growth at 305C, slow injection 40 min explicit). 6 sub-variants in mid-sized series (606-630nm tunable by InP core size); chose 606nm as smallest/baseline representative (highest QY 99.9%). CAUTION: PL 606-630nm SATURATED zone — coverage value low. Existing system_tag (count was 32, increases to +1). Chen2025 Adv Mater, 37, 2407026.","main_text","1","0","0","0","","0","1","1","1","99.9","37.2"
"L049","InP (L-series)","NR-L049-02","L049-S05","TRC-L049-02","literature_structured","InP/ZnSe/ZnSeS/ZnS","hot_injection","no","no","305","40","630","","final_purified","InP-HF/ZnSe/ZnSeS/ZnS ULTRA-LARGE 20.8 nm dual Se/S precursor MAIN morphology novelty: same InP core protocol as S01 (305C/40min slow injection); HF one-off 150C; ZnSe layer first ~2h; then dual Se/S precursor (TOPSe + TOPS premixed Se/S=25/75 molar ratio) for ZnSeS gradient interlayer ~2h; ZnS outer shell ~12h total. Final size 20.8 nm shield-like morphology (Fig 4); PL 630 nm; PLQY ~90% (abstract: ≈90%); FWHM 42.6 nm (abstract). Stress-released morphological shell — main paper innovation. Existing system_tag InP/ZnSe/ZnSeS/ZnS (count was 2, increases to +1). T_growth_C=305 (core); time_min=40 (core slow injection). CAUTION: PL 630nm SATURATED zone — morphology novelty justifies inclusion despite saturation. Continuous slow injection rates explicit (Fig 2a slow growth path); injection_rate_reported_flag=1. Chen2025 Adv Mater, 37, 2407026.","main_text","1","0","0","0","","0","1","1","1","90","42.6"
"L050","InP (L-series)","NR-L050-01","L050-S01","TRC-L050-01","literature_structured","InP/ZnMnS/ZnS","hot_injection","no","no","200","20","513","","final_purified","InP/ZnMnS/ZnS GREEN MAIN representative: main text p.18962-18963 — InX3 (mixed Br/Cl halogen for green core) 0.34 mmol + (DMA)3P 2.4 mmol + 5 mL OLA at 200C/~20 min for InP core; T raised 250C + MnCl2 added 5 min (Mn precursor in situ via OLA); T raised 300C + zinc stearate (in ODE) + DDT (S source) injected 45 min for ZnMnS shell (size 5.3 nm); after purification, outer ZnS via Zn(OA)2 + S-TOP (T/time NOT explicit in main text — SI 0.22 MB short — outer ZnS T/time blank). Final size 7.2 nm. PL ~530 nm (figure-derived from Fig 2A green region; main text gives '470 to 620 nm' range with green being mid). QY 80% (text+abstract HIGHEST in halogen series). FWHM 62 nm (text explicit: 'FWHM of blue, green, and red QDs are 47, 62, and 81 nm'). T_growth_C=200 (core P injection); time_min=20 (core hold). NEW system_tag InP/ZnMnS/ZnS — verified absent in spine 19-tag vocab via INC-018 process improvement enumeration check; ZnMnS = Zn1-xMnxS alloy intermediate shell where Mn²⁺ replaces Zn²⁺ (lattice mismatch 4.3% vs ZnS 7.7%); GENUINELY new (unlike L047 In(Zn)P/ZnS which was pre-existing). CAUTION: outer ZnS shell T/time blank (SI 0.22 MB insufficient); PL_peak figure-derived (medium confidence). Open access (ACS AuthorChoice). Zhang2019 ACS Omega, 4, 18961-18968. [NEARMISS-FIX: PL 530→513; 530 was phantom figure estimate not in paper. Text p.18965: ""PL peak at 513 nm"". Synthesis heading says 515 (nominal). 517 is EL/device.]","main_text","1","0","0","0","","0","0","1","2","80","62"
"L050","InP (L-series)","NR-L050-02","L050-S02","TRC-L050-02","literature_structured","InP/ZnMnS/ZnS","hot_injection","no","no","200","20","470","","final_purified","InP/ZnMnS/ZnS BLUE: same core+shell protocol as S01 but Cl-only halogen (Br:Cl=0:1 from Fig 2A) for smallest InP core; PL 470 nm (text+abstract explicit endpoint of halogen series); QY 38% (text explicit 'QY 38, 80, 41% blue/green/red'); FWHM 47 nm (text explicit). T_growth_C=200, time_min=20 (same as S01 core protocol). Same NEW system_tag InP/ZnMnS/ZnS as NR-L050-01 (vocabulary registration shared). Blue gap fill candidate (450-500 nm region). CAUTION: outer ZnS T/time blank (same SI limitation as S01). Open access. Zhang2019 ACS Omega.","main_text","1","0","0","0","","0","0","1","1","38","47"
"L051","InP (L-series)","NR-L051-01","L051-S02","TRC-L051-01","literature_structured","InP/ZnSe/ZnS","hot_injection","no","no","290","","620","","final_purified","InP/ZnSe/ZnS ZnF2-assisted in-situ HF route MAIN rep: source L051-S02, Li2022 Nano Lett 22 4067-4073. QY 90% (text p.4068), FWHM 36 nm (text; abstract 35 nm — rounding variance), PL 620 nm solution (text explicit; distinct from device EL 627-630 nm Stark shift), size ~12 nm total, lifetime ~50.9 ns. Route novelty: ZnF2 + carboxylic acid -> in-situ HF at high T (330 C) -> eliminates InPOx surface oxide; safer alternative to direct HF (cf. L030/L049 family). Shell architecture: ZnSe ~3.8 nm (75 min at 330 C) + ZnS ~0.5 nm (25 min at 330 C). T_growth_C=290 from L051-S01-PE02 P_injection event (initial hot injection trigger temperature; growth temperature drops to 270 C after nucleation per paper). time_min=BLANK per semantic outlier protection: L051-S02 uses dropwise slow P-feeding protocol (L051-S01-PE03, 300 min total at 270 C with variable rate schedule 5 -> 2 -> 1 mL/h) for size-focusing growth; this does NOT match the spine time_min convention (93 existing NRs pre-round3, hot_injection range 1-120 min, median 20, Q3 30, max 120); populating time_min=300 would be 2.5x the current spine maximum — hard semantic outlier that would skew downstream scatter plots and cluster analysis. Blank maintained for cross-paper comparability; full slow-feeding protocol including variable rate schedule preserved in raw_process_events L051-S01-PE03 as source of truth. L049 40-min slow-injection precedent does NOT apply (L049 40 min sits within spine Q3; L051 300 min is outlier-scale). Device metrics (device stage only — not PL_peak_nm_final per L048 modality precedent): EQE 22.2%, brightness >110000 cd/m2, T95 >32000 h @100 cd/m2. Existing system_tag InP/ZnSe/ZnS (count=34 pre-round3). CAUTION: saturated zone 600-650 nm — keep justified by route novelty (ZnF2 in-situ HF) only; coverage value low. CAUTION: time_min blank due to slow-feed semantic outlier (see above). CAUTION: route does NOT distinguish ZnF2-assisted from direct HF under hot_injection label — ZnF2 novelty captured in notes_text + raw events only; sub-qualifier TBD as non-blocking.","main_text","1","0","0","0","","0","0","1","3","90","36"
"L052","InP (L-series)","NR-L052-01","L052-S07","TRC-L052-01","literature_structured","In(Ga)P/ZnS","cation_exchange","no","no","410","60","576","","final_purified","In(Ga)P/ZnS molten-salt cation exchange MAIN rep: source L052-S07 In0.6Ga0.4P/ZnS, Srivastava2018 JACS 140 12144-12151 (Talapin group, U Chicago + UIC + Argonne). Key metrics: QY 46% solution (text p.12148, Rhodamine 6G reference OD 0.05-0.1), PL 576 nm (Fig 5b), FWHM 50 nm (text + Fig 5 caption). Composition x_Ga: XRD Vegard 0.40 / ICP-OES 0.47 (dual composition reporting standard for alloy QDs). Parent chain: L052-S04 bare In0.6Ga0.4P alloy core (formed from pre-synthesized InP parent core via cation exchange at 410 C / 60 min) -> L052-S07 ZnS shelled final (post-exchange conventional colloidal shelling). Route: cation_exchange (reduced from draft cation_exchange_molten_salt for route granularity consistency with spine convention). Vocabulary reduction rationale: spine 14 existing routes (hot_injection, heating_up, modified_SILAR, aminophosphine, one_pot families) contain ZERO solvent/medium in route names; all qualifiers are method/precursor/scale/chemistry type (MSC_mediated, layer_by_layer, InBr3, GHAS, one_pot_HF, gram_scale). Molten salt identity CsBr:LiBr:KBr eutectic (25:56.1:18.9 mol%, mp 236 C, used 380-450 C) is the reaction medium that enables cation exchange at this high temperature range — classified as medium not method. Medium detail preserved in this notes_text and in raw_process_events L052-S04-PE06/07 as source of truth. Future cation_exchange papers in other media (conventional solvents, supercritical fluids, different salt systems) can reuse the same base route `cation_exchange` with medium noted in row-level notes — prevents vocabulary explosion and preserves scalability. CAUTION: NEW BASE ROUTE vocabulary `cation_exchange` registered via this NR (spine 14 routes pre-round3 had 0 cation_exchange variants). CAUTION: dual composition reporting — XRD Vegard x_Ga=0.40 vs ICP-OES x_Ga=0.47 differ (systematic offset across all compositions in Table S2); both values reported in raw_measurements, normalized row uses XRD 0.40 as canonical. CAUTION: alloy composition series x=0.28-0.78 spans 4 bare alloy cores (L052-S03/S04/S05/S06) differentiated by cation exchange temperature (400/410/420/425 C) not by GaI3 dose; only S07 (x=0.40) and S08 (x=0.50) are ZnS-shelled; S08 not promoted as separate NR due to composition parentage ambiguity (no explicit bare In0.5Ga0.5P core in Table S2; x=0.5 inferred from Fig 5b color interpolation). Out-of-scope note: paper also reports In1-xGaxAs NIR samples (Fig 2b As panels, Fig 7, SI Figs S6/S7/S9/S21-S24); NOT extracted per InP-family scope rule. Existing system_tag In(Ga)P/ZnS (count=3 pre-round3).","main_text","1","0","0","1","molar_Ga/(Ga+In)","0","0","1","3","46","50"
"L053","InP (L-series)","NR-L053-01","L053-S03","TRC-L053-01","literature_structured","InP/GaP/ZnS/ZnS","heating_up","no","no","300","","527","","final_purified","InP/GaP/ZnS/ZnS green thick-shell MAIN rep: source L053-S03, Zhang2019 Adv Opt Mater 7 1801602 (Henan University + Beijing Jiaotong U). Route: conventional heating_up method (P precursor added cold, heated to 300°C) — DISTINCT from L048 hot_injection despite same system_tag. Shell architecture: thick ZnS via 3 slow Zn+OT additions (text says '4th time growth' counting initial 10min OT injection = 4 total ZnS-related events). Key metrics: PL 527 nm solution (text p.4 explicit, 'PL QY of InP/GaP/ZnS//ZnS core/shell QDs can maintain about 70% with emission peak at 527 nm'; Fig 2b labeled 'in solution environment'), QY 70% solution integrating sphere (abstract + p.4 consensus; p.2 intro says 'up to 67%' as lower range), FWHM 58 nm, size 7.2±1.3 nm (abstract + Fig 4b TEM). Device metrics (separate device stage): EL 530 nm (3 nm shift from solution PL), EQE 6.3%, current efficiency 13.7 cd/A, luminance 2938 (paper typo: written 'cd cm⁻²' should be cd/m²). CAUTION: same system_tag as L048 InP/GaP/ZnS/ZnS (registered TG-L048-142 round 2) but distinct route heating_up vs L048 hot_injection + distinct color regime (green vs blue) — complementary pair NOT duplicate; shared author Huaibin Shen only. CAUTION: QY within-paper range 67-70% (using 70% consensus). CAUTION: shell addition count terminology — text '4th time growth' vs methods 'repeated two times' = 3 Zn+OT additions + 1 initial OT. This is the CLEAN PL solution-explicit case contrasting with L048 blank modality-mismatch precedent: L053 has explicit numeric solution PL 527 nm in text. Intake metadata correction: intake pre-check said current efficiency 18 cd/A but paper text prevails at 13.7 cd/A (corrected in intake_record at raw extraction stage). Existing system_tag InP/GaP/ZnS/ZnS (count=1 pre-round3).","main_text","1","0","0","0","","0","0","1","3","70","58"
"L054","InP (L-series)","NR-L054-01","L054-S09","TRC-L054-01","literature_structured","InP/ZnS","aminophosphine","no","no","220","30","720","","final_purified","InP/ZnS deep red MAIN rep: source L054-S09, Yadav/Reiss 2023 JACS 145 5970-5981 (CEA Grenoble). Key metrics: PL 720 nm (Table 1 canonical; abstract/conclusions quote 728 nm — noted as aspirational, Table 1 used as primary per raw QC decision), QY 8% (Table 1 at 720 nm endpoint; text reports 16% at 700 nm intermediate stage), FWHM 112 meV (text-explicit unit, NOT force-converted to nm; paper also states 48 nm FWHM), tetrahedral InP edge length ~5-10 nm range (core grew larger with InCl halide choice; S09 InCl core 9.4±1.4 nm, core/shell 11.5±1.6 nm). Route novelty chemistry: In(I) halide (InI/InBr/InCl) acts as BOTH indium source AND reducing agent for aminophosphine P(NEt2)3 — zinc-free single-injection method; two coexisting reaction pathways observed by P NMR: reduction of transaminated aminophosphine by In(I) + redox disproportionation. Shelling protocol: low-T (140°C) ZnS shell via zinc diethyldithiocarbamate (ZDC) monomolecular precursor — alternative to conventional high-T ZnS (220-300°C). Core pre-shell surface treatment: room-temperature in-situ HF etching (benzoyl fluoride + octylamine, argon glovebox) → ~80% QY of InP core alone before ZnS shelling. Halide series context: InI/InBr/InCl tune InP core size; InP/ZnS emits 507-728 nm across halide series; only S09 (InCl, largest InP) promoted as NR representative — S07 InI and S08 InBr are series sub-variants documented in notes only. CAUTION 1: Table 1 (720 nm) vs abstract/conclusions (728 nm) — using 720 nm as canonical PL_peak_nm_final. CAUTION 2: PLQY 8% Table 1 at endpoint vs 16% text at intermediate 700 nm — using 8% canonical. CAUTION 3: FWHM preserved in meV unit (112 meV) per paper-explicit format; do NOT force conversion to nm. CAUTION 4: Route aminophosphine base + In(I) halide protocol — L052 vocabulary granularity precedent: keep base form, record In(I) halide chemistry in notes, NOT as new sub-variant; future truth gate may revisit if multiple In(I) halide papers accumulate. Modality confirmation: solution PL in toluene via integrating sphere Hamamatsu Quantaurus — CLEAN case, no L048 modality mismatch risk. Coverage value: 728 nm-level deep red fills the thin spine >700 nm band (pre-batch11 had only 2 rows: NR-L046-01 721 + NR-L046-02 725); NR-L054-01 at 720 nm adds a third deep-red row. Intra-table discrepancies (Table 1 vs Table S3 for InI/InBr series) documented in raw QC — non-blocking for S09 representative. Existing system_tag InP/ZnS (count=18 pre-batch11). Yadav2023 JACS 145 5970-5981.","table","1","0","0","0","","1","0","1","4","8","53"
"L055","InP (L-series)","NR-L055-01","L055-S02","TRC-L055-01","literature_structured","In(Zn)P/ZnSe/ZnS","heating_up","no","no","305","2","531","","final_purified","In(Zn)P/ZnSe/ZnS MSC-destabilized MAIN rep: source L055-S02, Jo/Lee 2023 Chem Mater 35 6161-6167 (Yonsei University Kangtaek Lee group). Key metrics: PL 531 nm solution (text explicit), PLQY 88% solution integrating sphere (narrower than S01 control 76%), FWHM 36 nm solution (narrower than S01 control 40 nm), VD ratio 0.37 high monodispersity index. Process novelty: MSC destabilization via TOP (tri-n-octylphosphine) + ZnCl2 additives during heating-up destabilizes metastable In(Zn)P magic-sized clusters (polytwistane crystal structure) — separates nucleation and growth stages, induces decarboxylation + ligand exchange reactions, additive surface passivation improves stability. Route: heating_up base (paper-explicit 'during the heating-up process') with P(SiMe3)3 injected at 130C during heat-up (NOT hot injection into pre-heated solvent) + ZnCl2/TOP 0.1 M stock 1 mL added dropwise at 230C + core dwell 305C 2min. Sample context: S01 control without additives polydisperse PLQY 76% FWHM 40nm baseline; S02 destabilized main rep PLQY 88% FWHM 36nm monodisperse (main paper claim); S03 bare In(Zn)P core intermediate not promoted (non-numeric TEM, no PL intensity). Shell chemistry note: ZnSe shell uses SnSt2 (tin stearate) as co-reagent — unusual, role unclear (possibly Se-transfer agent or Sn-doping concern); non-blocking flagged for future Yonsei Lee group paper cross-check. CAUTION 1: saturated zone 500-549 nm coverage value low (26 rows pre-batch11); keep justified by process novelty MSC destabilization mechanism only. CAUTION 2: route heating_up base + MSC destabilization protocol kept in notes per L052 vocabulary granularity precedent (base form + process detail in notes not new sub-variant). CAUTION 3: SnSt2 co-reagent unusual — non-blocking but flagged. Modality: solution PL in hexane via integrating sphere CLEAN case no L048 modality mismatch risk. Existing system_tag In(Zn)P/ZnSe/ZnS count=3 pre-batch11. Jo2023 Chem Mater 35 6161-6167.","main_text","1","0","0","0","","0","0","1","3","88","36"
"L056","InP (L-series)","NR-L056-01","L056-S07","TRC-L056-01","literature_structured","In(Zn)P/Zn(Mg)Se/ZnS","heating_up","no","no","305","2","550","","final_purified","In(Zn)P/Zn(Mg)Se/ZnS NEW SYSTEM_TAG MAIN rep: source L056-S07, Mulder/Houtepen 2020 ACS Appl Nano Mater 3 3859-3867 (TU Delft + IIT Genova + EMAT Antwerp). OPEN ACCESS (CC-BY-NC-ND). 3-layer architecture: In(Zn)P core / Zn_xMg_1-xSe lattice-matched alloy shell / ZnS outer protection shell. System_tag novelty: NEW vocabulary candidate — first Mg-containing shell in spine (INC-018 pre-gate enumeration check: post-round3 21-tag distribution contains ZERO Mg-containing tags — confirmed genuinely new); pending truth-gate vocabulary registration. Lineage: direct extension of L032 (Pietra/Houtepen 2016 ACS Nano In(Zn)P/ZnSe) by same Houtepen TU Delft group — ZnMgSe replaces ZnSe with Mg alloying to improve lattice match with InP (MgSe in zinc blende has near-perfect lattice match with InP; Zn alloying needed to stabilize zinc blende structure). Key metrics: PL ~550 nm solution (figure-read medium confidence — paper Fig 5 spectra for 0/25/50/75% Mg feed series; 0% Mg ~580 nm yellow, 75% Mg ~535 nm bright green, 50% Mg ~550 nm representative), PLQY ~50% uniform across all ZnS-protected samples (graph-read), FWHM ~50 nm for 50% Mg sample (FWHM narrows 90→50 nm across 0→75% Mg content — main paper claim is color purity improvement not PLQY enhancement). Composition: Mg feed 50% → actual ICP/XPS Mg:Zn ≈ 0.26-0.27 (standard alloy feed-vs-actual discrepancy across all compositions, lower actual than feed). Route: heating_up base for core (Ramasamy et al. adapted protocol, core anneal 305C 2min) + syringe-pump injection for Zn(Mg)Se shell at 200C + subsequent ZnS outer shell at higher T — shell delivery method kept in notes per L052 vocabulary granularity precedent (base heating_up + delivery method in notes, not new sub-variant). Modality: solution PL in toluene via FLS980 integrating sphere (N2 glovebox) — CLEAN CASE like L053 (not L048 blank modality precedent); PL_peak_nm_final CAN be populated despite phosphor application context. Free-standing Zn_xMg_1-xSe NCs (methodology development in paper) EXCLUDED at raw extraction stage — not InP-family. CAUTION 1: NEW system_tag vocabulary `In(Zn)P/Zn(Mg)Se/ZnS` pending truth-gate registration — genuinely new, INC-018 pre-gate enumeration check passed (0 Mg-containing tags in spine); first Mg-containing shell system in QD Recipe Navigator spine. CAUTION 2: PL_peak 550 nm is figure-read medium confidence — paper does not provide precise numerical table for all Mg fractions; approximate from Fig 5e graph (similar to L050 NR-L050-01 green figure-read precedent at PL 530 nm). CAUTION 3: PLQY ~50% and FWHM ~50 nm are also graph-read approximations — no precise numerical table for intermediate Mg fractions; S06 (0% Mg) and S07 (50% Mg) have more explicit values than S08 (25%/75% Mg flag record not promoted). CAUTION 4: Coverage value low — 550 nm is in saturated zone 550-599 nm (24 rows pre-batch11); keep justified by NEW system_tag vocabulary + FWHM narrowing claim (90→50 nm with Mg content), NOT for coverage gap. CAUTION 5: Composition dual reporting — Mg feed 50% vs actual ICP/XPS 0.26-0.27 (systematic lower actual than feed); both recorded in raw layer; canonical x value selection deferred to normalization convention. Existing system_tags: 21 total post-round3 (0 Mg-containing); NR-L056-01 registration adds potential 22nd tag. Mulder2020 ACS Appl Nano Mater 3 3859-3867.","figure","1","0","0","1","molar_Mg/(Mg+Zn)","0","1","1","5","50","50"
"V003","I-III-VI (V-series)","NR-V003-01","V003-S09","TRC-NR-V003-01","literature_structured","AgInGaS2/AgGaS2","hot_injection","0","0","200","30","517","","solution","FIRST I-III-VI family entry; first AIGS/AGS spine row | PLQY=96% FWHM=30nm size=9.4nm shell_thickness=2.9nm | composition_X_measured=0.5 composition_method=ICP-AES composition_intent_class=final_product | shelling_mode=thermal_shelling (G.7 provisional) shell_material=AgGaS2 (G.7 provisional) | emission_mechanism=excitonic (§C.5 path 1) | caution_count=1 confidence=high | resolved_holds: HOLD-V003-001;HOLD-V003-002;HOLD-V003-003 | PRIMARY representative for V003. Ag(In0.5Ga0.5)S2 core (r=1.8 nm) / AgGaS2 shell (l=2.9 nm) coherent heteroepitaxy; lattice mismatch ~1.2% a-axis ~3.9% c-axis; Type I band alignment. Tied PLQY 96% with non-promoted alternate (X=0.5/l=1.6); thicker shell selected per human approval as final convergence point. emission_mechanism=excitonic per §C.5 path 1 (paper p.4 1Se-1Sh band-edge τ_rad ~40 ns vs surface trap τ_rad ~100 ns suppressed by AGS shell). composition_intent=final_product (post-purification). composition method ICP-AES (Perkin-Elmer OPTIMA-4300DV) per Methods p.8. shell cycle count: estimated from 0.3 nm/cycle rule, SI confirmation recommended. system_tag pre-gate enumerated AgInGaS2/AgGaS2 (INC-018) — first AIGS family entry in spine; per §G.1 ratification composition X kept in notes_text not in system_tag.","table","1","0","0","1","measured_ICP_AES","1","0","0","1","96","30"
"V003","I-III-VI (V-series)","NR-V003-02","V003-S13","TRC-NR-V003-02","literature_structured","AgInGaS2/AgGaS2","hot_injection","0","0","200","30","610","","solution","FIRST I-III-VI family entry; first AIGS/AGS spine row | PLQY=86% FWHM=42nm size=9.0nm shell_thickness=1.6nm | composition_X_measured=0.9 composition_method=ICP-AES composition_intent_class=final_product | shelling_mode=thermal_shelling (G.7 provisional) shell_material=AgGaS2 (G.7 provisional) | emission_mechanism=excitonic (§C.5 path 1) | caution_count=1 confidence=medium-high | resolved_holds: HOLD-V003-002;HOLD-V003-004 | RED-EDGE representative for V003 color-tunable family. Ag(In0.9Ga0.1)S2 core (r=2.9 nm) / AgGaS2 shell (l=1.6 nm). Promoted under HOLD-V003-002 option B (2 NRs total); captures the paper's color-tunable demonstration without 5-NR spine inflation. emission_mechanism=excitonic per §C.5 path 1. composition_intent=final_product. composition method ICP-AES per Methods p.8. cross-X shell uniformity directly supported by SI Supp Fig 16 caption (same shell thickness l=1.6 nm applied across 0.2 ≤ X ≤ 0.9 with the AGS shell procedure) — evidence-confirmed caution; caution_count=1. system_tag = AgInGaS2/AgGaS2 (same as NR-V003-01 per §G.1 composition X NOT in system_tag); X=0.9 recorded in composition_X_measured + notes_text. confidence medium-high due to red-edge In/Ga reactivity asymmetry per paper p.4.","table","1","0","0","1","measured_ICP_AES","1","0","0","1","86","42"
"V008","I-III-VI (V-series)","NR-V008-01","V008-S12","TRC-NR-V008-01","literature_structured","CuInS2/ZnS","solvothermal","0","0","180","360","619","700","mixed","FIRST CIS family entry; SECOND I-III-VI family row in spine after V003 | FIRST D-A emission precedent in spine (§C.5 path 2 mandatory caution_count=1) | PLQY=85.06% FWHM=~110nm size=4.37nm core_size=2.89nm shell_thickness=0.74nm | composition_method=XPS composition_intent_class=final_product composition_X_measured=N/A | shelling_mode=thermal_shelling (V003-precedented provisional) shell_material=ZnS (canonical) | emission_mechanism=D-A (§C.5 path 2 first D-A in spine; paper-explicit DAP recombination main p.3) | caution_count=1 (mandatory per §C.5 path 2) confidence=high | INC-018 enumerations: route=solvothermal first solvothermal route enum + system_tag=CuInS2/ZnS first CIS family entry | resolved_holds: HOLD-V008-001;HOLD-V008-002;HOLD-V008-003;HOLD-V008-004;HOLD-V008-005 | PRIMARY representative for V008 = first CIS family (CuInS2 core + ZnS shell) entry in spine | second I-III-VI family entry overall (after V003 AIGS-AGS) | Cu/In=1:2 nucleation T=180C Zn(OAc)2=6 mmol 4 mL OA modification | PLQY 85.06% text-explicit (abstract+main+conclusion) | PL 619 nm text-explicit (Methods p.2 WLED Fab paragraph) | TEM 4.37 nm text-explicit (main p.4 + Fig 2D histogram) | shell_thickness 0.74 nm calculated from (4.37-2.89)/2 | route=solvothermal G.9 PROVISIONAL pilot vocab INC-018 pre-gate enumerated this session; first solvothermal route enum in spine; 50 mL teflon-lined autoclave 180C 6h core + 200C 14h shell | system_tag=CuInS2/ZnS first CIS family entry INC-018 pre-gate enumerated this session | shelling_mode=thermal_shelling V003-precedented provisional | shell_material=ZnS canonical InP-spine vocab | architecture=shell unambiguous (XPS Zn 2p attribution to ZnS shell layer Fig 3B + HR-TEM shape change Fig 2C + FTIR OA coating SI Fig S5 + small lattice mismatch) | modality=mixed solution PL toluene + film WLED demo on blue GaN chip | emission_mechanism=D-A paper-explicit DAP recombination main p.3; first D-A precedent in spine; §C.5 path 2; caution_count=1 ma","multi_source","1","0","0","0","XPS_qualitative_element_presence_only","1","0","0","1","85.06","110"
"V002","I-III-VI (V-series)","NR-V002-01","V002-S02","TRC-NR-V002-01","literature_structured","CuInS2/ZnS","hot_injection","0","0","230","30","960","~950","mixed","FOURTH I-III-VI family row in spine; SECOND CIS family row (after V008 NR-V008-01); FIRST hot_injection CIS family entry; FIRST 0-INC-018 reuse case; FIRST §C.6 5-fold boundary_evidence stack; FIRST NR with caution_count=0 in I-III-VI pilot | PLQY=92.1% (champion CIS-based) FWHM=142nm size=9.1nm tetrahedron_E-L core_size=6.2nm shell_thickness=0.93nm (~3 ML ZnS along [111]) lifetime=7.99μs single-exponential | composition_method=XPS+HAADF-EDS+XRD (XPS+HAADF-EDS+XRD strongest stack in pilot) composition_intent_class=final_product composition_X_measured=N/A (CIS fixed stoichiometry) | shelling_mode=thermal_shelling (V003+V008 precedented provisional) shell_material=ZnS (canonical) | emission_mechanism=excitonic (§C.5 path 1 reuse from V003; paper p.4 Cu-localized-hole-state mention recorded for transparency only NO D-A reclassification) | caution_count=0 (cleanest profile in I-III-VI pilot) confidence=high | §C.6 5-fold boundary_evidence stack: (a) Fig 1A schematic + (b) V002-S03 alloyed counter-example + (c) HAADF-STEM EDS spatial mapping + (d) HR-TEM lattice 3.3->3.2 Å + (e) phonon energy 43.9->63.5 meV +45% Huang-Rhys 1.4->1.1 -21% e-phonon coupling | INC-018: 0 enumerations needed (system_tag CuInS2/ZnS reuse from V008; route hot_injection canonical InP) | literal tetrahedron edge length retained no spherical conversion applied (HOLD-V002-001 informational) | 7 raw aliquots V002-S02-A01..A07 t=0/10/20/30/40/50/60 min; A04 IS this representative quench point; V002 first to populate central raw_aliquots.xlsx | resolved_holds: HOLD-V002-001 | PRIMARY representative for V002 = second CIS family row in spine after V008 NR-V008-01 | first hot_injection CIS family entry in spine (V008 was solvothermal) | fourth I-III-VI family row overall (after V003 NR-V003-01/02 AIGS-AGS + V008 NR-V008-01 CIS/ZnS solvothermal) | system_tag=CuInS2/ZnS V008 PRECEDENT REUSE no INC-018 needed | route=hot_injection canonical InP vocab no INC-018 needed | shelling_mode=thermal_shelling V003+V008 precedented provisional | shell_material=ZnS canonical InP-spine vocab + V008 precedent | architecture_framing=shell with alloy_attractor_present_note | **STRONGEST §C.6 boundary_evidence case in I-III-VI pilot; 5-fold evidence stack ratified**: (a) Figure 1A pedagogical schematic (alloy attractor top path vs rigid core/shell bottom path); (b) V002-S03 Cu-In-Zn-S alloyed control direct experimental counter-example synthesized via slow Zn injection 0.5 mL/min × 10 cycles + 10 min anneal per cycle; 1.1% lattice shrinkage vs V002-S02 0.5%; significant XPS BE shifts (Table S1 Fig S6); (c) HAADF-STEM EDS single-particle spatial mapping confirming Cu+In confined to CIS core + Zn+S spread over entire particle (Fig 1H-M Fig S8); (d) HR-TEM lattice spacing 3.3 → 3.2 Å consistent with epitaxial ZnS growth (bulk ZnS 3.14 Å vs CIS 3.20 Å); (e) temperature-dependent rigid lattice evidence: phonon energy 43.9 → 63.5 meV (+45% increase) and Huang-Rhys factor reduction 1.4 → 1.1 (~21% e-phonon coupling reduction) | alloying suppression logic supporting shell clas","multi_source","1","0","0","0","XPS_BE_shifts_HAADF_spatial_XRD_lattice_param_qualitative_rich_no_numeric_atomic_ratio","1","1","1","0","92.1","142"
"V004","I-III-VI (V-series)","NR-V004-01","V004-S07","TRC-NR-V004-01","literature_structured","AgInGaS2/GaSx","hot_injection","0","0","200","20","543","534+640_dual_peak_core_stage","final_purified_post_alkylphosphine_TBP","FIFTH I-III-VI family row in spine; THIRD AIGS family row (after V003 NR-V003-01/02); FIRST AgInGaS2/GaSx variant; FIRST amorphous shell architecture in spine; THIRD shell-material chemistry (after ZnS+AgGaS2) | PLQY=99% (near-unity post-TBP paper-explicit ""first time in this system"") FWHM=37nm size=~5-6 core_size=~4.1nm shell_thickness=~0.7nm lifetime=biexp tau1=64.8ns tau2=238ns | composition_method=ICP-AES+XPS+XRD composition_intent_class=final_product composition_X_measured=0.5_inferred_from_feed (S07 feed-inferred; sister S08 has explicit ICP-AES Ag(In0.45Ga0.55)S2/Ga0.65S0.84 — strongest numeric in pilot) | shelling_mode=thermal_shelling (V003+V008+V002 precedented) shell_material=GaSx (G.7 first usage in spine INC-018 enumerated) | emission_mechanism=excitonic (paper-explicit band-edge PL multiple times p.6/p.10; NO D-A caution) | caution_count=0 (fourth NR with caution_count=0 in pilot after V003-01/02 + V002-01) | 5-fold V004-style §C.6 boundary_evidence stack: (1) main p.10 amorphous GaSy shell text-explicit + (2) Fig 6 HRTEM clear lattice fringes + amorphous annular shell + (3) Fig 5a XRD chalcopyrite phase match ICSD 070-5629+073-1233 + (4) Fig 5b-g + Table S2 XPS BE shifts + (5) ICP-AES explicit numeric Ag(In0.45Ga0.55)S2/Ga0.65S0.84 for sister sample 8 STRONGEST numeric composition evidence in I-III-VI pilot | INC-018: 2 enumerations performed (system_tag=AgInGaS2/GaSx first usage + shell_material=GaSx G.7 first usage); route=hot_injection canonical reuse | resolved_holds: HOLD-V004-001 rep_scope Option A + HOLD-V004-002 FWHM text>table acknowledged S09 + HOLD-V004-003 S07 X feed-inferred informational + HOLD-V004-INC018-system_tag + HOLD-V004-INC018-shell_material | PRIMARY representative for V004 = FIFTH I-III-VI family row in spine (after V003 NR-V003-01/02 AIGS-AGS + V008 NR-V008-01 CIS/ZnS solvothermal + V002 NR-V002-01 CIS/ZnS rigid hot_injection) | THIRD AIGS family entry in spine (after V003 NR-V003-01/02 with AgGaS2 shell) | FIRST AgInGaS2/GaSx variant in spine (V003 was AgGaS2 shell; V004 is first GaSx shell); FIRST amorphous shell architecture in spine; THIRD shell-material chemistry in spine (after ZnS + AgGaS2) | V004-S07 with post_alkylphosphine_TBP measurement_stage | Feed: Ag(OAc) 0.25 + InCl3 0.3 + Ga(DDTC)3 0.3 mmol (In/Ga feed = 1:1 = feed X 0.5) | core T=200C 20 min (Ag(OAc) quick injection at 130C into Ag2S precursor per Scheme 1b paper innovation vs Scheme 1a heating-mixture prior work) | shell GaSx via Ga(acac)3 0.15 + Ga(DDTC)3 0.05 + DMTU 0.15 + GaCl3 0.35 mmol at 280C 30 min | TBP 0.1 mL in 1 mL chloroform at RT ~1 h plateau post-treatment | **PLQY 99% near-unity post-TBP text-explicit main p.10 'near-unity PL QY value (99%) was achieved for the first time in this system'**; PL 543 nm + FWHM 37 nm text-explicit Table 1 row 7 + main p.6; lifetime tau1=64.8 ns + tau2=238 ns biexponential post-TBP text-explicit Table S5 | route=hot_injection canonical InP vocab no INC-018 | **system_tag=AgInGaS2/GaSx INC-018 ENUMERATED first usage in spine** (V003 enumerated AgInGaS2/AgGaS2 with different shell; pilot precedent in TG-V004-001 + CUR-V004-001) | **shell_material=GaSx INC-018 ENUMERATED G.7 first usage in spine** (V003=AgGaS2, V008+V002=ZnS; pilot precedent in TG-V004-002 + CUR-V004-002) | shelling_mode=thermal_shelling V003+V008+V002 precedented provisional | architecture_framing=shell with GaSx_amorphous_shell_note | **§C.6 5-fold V004-style boundary_evidence stack ratified**: (1) main p.10 explicit 'presence of amorphous GaSy shells ... amorphous annular dark areas around the crystalline cores whose thickness is 0.5-1 nm for the GaCl3-treated core/shell QDs'; (2) Fig 6 b/d/f HRTEM clear lattice fringes for tetragonal AgInS2 core surrounded by amorphous annular GaSy shell (sample 8 basis + inference to S07); (3) Fig 5a XRD chalcopyrite phase match ICSD 070-5629 AgInS2 + 073-1233 AgGaS2; (4) Fig 5b-g + Table S2 XPS BE shifts in Ag 3d / In 3d / Ga 2p / Ga 3d / S 2p / N 1s before/after GaCl3 treatment (sample 8 basis); (5) **ICP-AES explicit numeric Ag(In0.45Ga0.55)S2/Ga0.65S0.84 for sample 8 main p.8 — STRONGEST measured composition evidence in I-III-VI pilot to date — first I-III-VI paper in spine to give explicit numeric Ag/In/Ga/S atomic ratios for both core and shell** | composition_method=ICP-AES Shimadzu ICPS-7510 + XPS Shimadzu KRATOS AXIS-165sx + XRD Rigaku SmartLab; composition_intent_class=final_product (post GaCl3 + TBP chloroform purified) | **composition_X_measured for S07 = 0.5 feed-inferred** (feed In/Ga=1:1); sister sample S08 has explicit ICP-AES X=0.45 (close to feed 0.5); HOLD-V004-003-S07-X-explicit acknowledged as informational (SI Table S4 inspection deferred to future session; non-blocking) | core size ~4.1 nm (sample 8 explicit main p.10 'd = 4.1 nm, σ = 0.5 nm'; sample 7 inferred similar) + GaSx shell 0.5-1 nm thick (text-explicit p.10) + total ~5-6 nm | §C.5 emission_mechanism=excitonic per Stage 2 + session task; paper p.6/p.10 explicit 'band-edge PL' / 'band-edge emission' multiple times; FWHM 37 nm far narrower than typical D-A; defect emission only at core stage not promoted; TBP-treated 99% PLQY unambiguously band-edge; Type I band alignment via wide-gap GaSy shell; NO D-A caution applied | **§C.3 resolved → Option A single NR (HOLD-V004-001 resolved)**: paper-explicit 'first time in this system' (path 1) + highest PLQY 99% (path 2) both point to S07+TBP; V004-S09 narrowest-FWHM alternate (31 nm per text p.10 / 35 nm per Table 1; HOLD-V004-002 FWHM text>table acknowledged) raw retained non-promoted; V004-S08 composition-confirmed alternate (explicit ICP-AES basis for §C.6 evidence) raw retained non-promoted | V004-S01..S06 raw retained as series intermediates not promoted | V004↔V010 same-Osaka-group earlier work flag preserved as note only (V010 not in batch_inbox; overlap determination deferred) | modality=solution only (synthesis methodology paper; no LED/film/device demo unlike V003/V008/V002) | TBP post-treatment cautionary statement: spontaneous combustion risk if drop spilled on wipe | **caution_count=0** (matches V002 cleanest profile; no §C.5 D-A caution; no §C.6 caution; §C.3 resolved Option A no caution; 5 holds resolved but none contribute to caution_count — acknowledged or gating-only)","multi_source","1","1","0","1","ICP-AES_explicit_numeric_sister_sample_S08_Ag(In0.45Ga0.55)S2/Ga0.65S0.84_S07_feed_inferred_X0.5","1","1","1","0","99","155"
"V001","I-III-VI (V-series)","NR-V001-01","V001-S04","TRC-NR-V001-01","literature_structured","CuInS2/ZnS","hot_injection","0","0","250","18","920","870","final_purified_core_shell_stage_plus_LED_device","SIXTH I-III-VI family row in spine; THIRD CIS family row (after V008 NR-V008-01 solvothermal D-A + V002 NR-V002-01 rigid hot_injection excitonic); SECOND D-A I-III-VI NR (after V008); SECOND hot_injection CIS family (after V002); SECOND NIR-emitting I-III-VI NR (after V002 945 nm); SECOND 0-INC-018 clean reuse case (after V002); FIRST HMDS+DDT dual-sulfur-precursor entry; FIRST numeric ICP-OES Cu/In ratio for CIS family; FIRST 3-fold simple §C.6 shell case | PLQE=65% text-explicit abstract+p.2+p.4 ""high PLQE of 65% at 920 nm"" FWHM=217nm text-explicit p.4 broad D-A linewidth size=~3 core_size=~2.8nm shell_thickness=~0.1nm lifetime=biexp tau1=1.4ns tau2=461.1ns | composition_method=ICP-OES+XRD composition_intent_class=final_product composition_X_measured=0.79_Cu/In_ICP-OES (21% Cu-deficient = LOWEST in cohort = quantitative support for Cu-deficiency D-A hypothesis; Perkin Elmer Avio 500 ICP-OES SI Methods p.5; Zn/S numeric NOT reported qualitative only) | shelling_mode=thermal_shelling (V003+V008+V002+V004 precedented) shell_material=ZnS (canonical + V008+V002 reuse; third CIS ZnS entry) | emission_mechanism=D-A (§C.5 path 2 paper-explicit Cu-deficiency emission theory multiple times main p.4; TRPL fast tau1 trap-assisted + slow tau2 Cu-deficiency radiative; second D-A I-III-VI NR after V008) | caution_count=1 (§C.5 D-A contribution only; no §C.6 or §C.3 contributions; second NR with caution_count=1 in I-III-VI pilot after V008) | §C.6 3-fold simple shell evidence: (1) XRD chalcopyrite phase preserved main Fig 2b + ZnIn2S4 (006) interfacial alloy peak at 2theta~20 + (2) TEM size growth ~2.8 nm core -> ~3 nm C/S SI Fig S2 vs S3 + (3) ICP-OES Cu/In shift 0.86 -> 0.79 with shell showing interfacial cation exchange | TRPL biexp: core tau1=15.2 ns A1=22.6% tau2=340.7 ns A2=77.4% -> C/S tau1=1.4 ns A1=15.7% tau2=461.1 ns A2=84.3% (fast trap channel dropped 10x + A1 decreased; slow radiative Cu-deficiency tau2 +35% + A2 increased; ZnS passivated traps while preserving Cu-deficiency radiative state) | NIR LED device champion: ITO/ZnO/PEIE/QDs/TFB/MoO3/Ag inverted structure 4 mm2; EL 940 nm + EQE max 8.2% + EQE avg 7.8% ± 0.3% across 23 devices + radiance max 13.3 W/sr/m2 + T50 ~40 min + thermal 83% at 80C 90 min; 1.4x EQE improvement vs DDT/ZnS control ~5.86% EQE | INC-018: 0 enumerations (clean reuse of V008+V002 system_tag + canonical hot_injection + canonical ZnS shell_material); matches V002 clean reuse pattern; cumulative I-III-VI pilot INC-018 = 5 (unchanged) | resolved_holds: HOLD-V001-001-DDT-volume-discrepancy (acknowledged_only; SI Methods 5 mL authoritative; main p.2 2.5 mL parsing ambiguity) + HOLD-V001-002-S03-PL-not-text-explicit (acknowledged_only informational; S03 figure-derived non-promoted) | PRIMARY representative for V001 = SIXTH I-III-VI family row in spine (after V003 NR-V003-01/02 + V008 NR-V008-01 + V002 NR-V002-01 + V004 NR-V004-01) | THIRD CIS family row in spine (after V008 solvothermal D-A + V002 hot_injection excitonic); second hot_injection CIS family (after V002); second D-A I-III-VI NR in spine (after V008); first HMDS+DDT dual-sulfur-precursor entry in spine; second NIR-emitting I-III-VI NR (after V002 945 nm excitonic); second paper with zero INC-018 enumerations (clean reuse matching V002 pattern) | V001-S04 CuInS2-HMDS/ZnS final purified core_shell_stage: Feed CuI 0.1 mmol (19.05 mg) + In(OAc)3 0.1 mmol (29.20 mg) + DDT 5 mL (SI Methods authoritative; main p.2 2.5 mL parsing ambiguity acknowledged HOLD-V001-001) + ODE 2.5 mL + HMDS 60 uL in 1 mL ODE rapidly injected at 200C (HMDS+DDT dual S precursor paper innovation); core alloying 250C 18 min (half of DDT-only 36 min due to HMDS higher reactivity via Si-S vs C-S bond weakness); ZnS shell via slow injection 10 mL Zn(oleate)2 stock (0.12 M = 1.2 mmol Zn) at 0.5 mL/min rate at 200C for 20 min total injection; purified by ethanol precipitation x5 with HPLC hexane re-dispersion 25 mg/mL for LED application | **PL 920 nm text-explicit main p.1 abstract + main p.2 + main Fig 4b inset**; **PLQE 65% text-explicit main p.1 abstract + main p.2 + main p.4 'high PLQE of 65% at a long emission wavelength of 920 nm'**; **FWHM 217 nm text-explicit main p.4 'the full width at half-maximum (FWHM) of the PL spectra of CuInS2-HMDS/ZnS QDs (217 nm) did not improve'**; TRPL biexp tau1=1.4 ns A1=15.7% tau2=461.1 ns A2=84.3% from SI Fig S4b table; core size ~2.8 nm text-explicit main p.3 + total ~3 nm figure-derived from SI Fig S3d histogram | **route=hot_injection canonical InP vocab** no new INC-018 (V003+V002+V004 I-III-VI precedented) | **system_tag=CuInS2/ZnS V008+V002 PRECEDENT REUSE no new INC-018** (third CIS family usage in spine) | **shell_material=ZnS canonical InP-spine vocab + V008+V002 precedent no new INC-018** | shelling_mode=thermal_shelling V003+V008+V002+V004 precedented provisional | architecture_framing=shell with atop_zns_shell_note | **§C.6 3-fold simple shell boundary_evidence**: (1) XRD chalcopyrite phase preserved main Fig 2b with ZnIn2S4 (006) interfacial alloy peak at 2theta~20 acknowledged by paper as cation exchange evidence; (2) TEM size growth ~2.8 nm core to ~3 nm core/shell SI Fig S2 vs S3 histograms; (3) ICP-OES Cu/In shift 0.86 core to 0.79 core/shell = direct evidence of interfacial cation exchange; simpler than V002/V004 5-fold stacks but fully adequate shell classification | **§C.1 stoichiometry=measured_present with numeric ICP-OES Cu/In for all 4 V001 samples text-explicit main p.4**: CuInS2-HMDS=0.86 / CuInS2-DDT=1.02 / **CuInS2-HMDS/ZnS=0.79 (S04 primary)** / CuInS2-DDT/ZnS=0.86. V001-S04 Cu/In=0.79 = 21% Cu-deficient = LOWEST in cohort = QUANTITATIVE support for Cu-deficiency D-A hypothesis. Perkin Elmer Avio 500 ICP-OES (SI Methods p.5 instrument; 5 mg dry solid HNO3/HCl 1:3 2 h hotplate digestion + filtered). Zn/S atomic ratio NOT reported (qualitative only). V001 composition evidence strength sits between V008 (qualitative XPS only) and V004 (ICP-AES explicit full Ag/In/Ga/S atomic ratio for both core and shell) | **§C.2 feed-vs-product separation textbook case**: feed Cu:In=1:1 equal 0.1 mmol; measured product Cu/In deviates (1.02/0.86/0.86/0.79 for S01/S02/S03/S04); feed-to-product shift IS the paper's scientific hypothesis (HMDS faster reactivity generates more Cu-deficiency during synthesis; shelling further promotes Cu loss via interfacial cation exchange); feed never averaged with product | **§C.5 emission_mechanism=D-A paper-explicit Cu-deficiency emission theory multiple times main p.4**: (a) 'emission centers originate from intragap Cu-related defects'; (b) 'increase in the density of emissive Cu-deficiency sites in the QDs, and thus contributed to the increase in PLQE'; (c) 'Cu-deficient CuInS2 QDs are shown to be more emissive than the stoichiometric ones'; (d) 'radiative recombination from Cu-deficiency states'; (e) 'non-radiative trap-assisted recombination, which are often associated with surface defects'. TRPL interpretation: fast tau1 = trap-assisted non-radiative surface defect channel + slow tau2 = radiative Cu-deficiency state channel. After ZnS shelling, fast channel drops 10x in tau1 (15.2->1.4 ns) and A1 decreases (22.6%->15.7%) = surface traps passivated; slow radiative Cu-deficiency tau2 lengthens by 35% (340.7->461.1 ns) and A2 increases (77.4%->84.3%) = Cu-deficiency radiative state preserved intact. ICP-OES Cu/In=0.79 quantitatively confirms 21% Cu-deficiency. Broad FWHM 217 nm consistent with D-A. **caution_count=1 mandatory per §C.5 path 2**; **second D-A I-III-VI NR in spine after V008**; unambiguous classification (cannot be excitonic-classified without contradicting paper's central scientific argument) | **§C.3 unambiguous 4-path convergence**: (1) paper-explicit 'best performing device' using HMDS/ZnS; (2) highest PLQE 65% >> S02 HMDS core 40% = S03 DDT/ZnS 40% >> S01 DDT core 20%; (3) V001-S04 IS the NIR LED device sample (champion); (4) paper's core claim 'Non-Toxic CuInS2/ZnS NIR LEDs' with HMDS innovation = exactly V001-S04. SINGLE NR clean like V002 | **NIR LED device champion**: inverted ITO/ZnO/PEIE/QDs/TFB/MoO3/Ag 4 mm2 active area; EL peak 940 nm (20 nm redshift from solution 920 nm due to close-packing); EQE max 8.2% text-explicit main p.1 abstract + main Fig 4d; EQE avg 7.8% ± 0.3% across 23 devices text-explicit main p.4 (small std dev = good reproducibility); radiance max 13.3 W/sr/m2 text-explicit main Fig 4c; **1.4x EQE improvement vs DDT/ZnS control ~5.86% EQE max** (SI Fig S5); T50 ~40 min device lifetime at 0.14 W/sr/m2 initial brightness (SI Fig S6; DDT/ZnS control ~30 min); thermal stability 83% PL intensity after 90 min at 80C (SI Fig S7; vs DDT/ZnS 74%) | paper marks V001-S04 as 'best performing device' + 'one of the first reports of efficient NIR-emitting diodes based on environmentally benign CuInS2/ZnS' | V001-S01 DDT-only core (PLQE 20% control baseline) + V001-S02 HMDS core parent (PLQE 40% primary parent) + V001-S03 DDT/ZnS control device (PLQE 40% 1.4x EQE improvement comparison) + V001-S05 ZnS 250C variant (PL blueshift to 825 nm via aggressive cation exchange Fig S1) all raw retained with their respective roles, none promoted to NR per Option A | Group: NUS Singapore Department of Chemistry + Solar Energy Research Institute of Singapore; corresponding Zhi-Kuang Tan; no group overlap with V002/V003/V004/V008 in I-III-VI pilot | **resolved_holds**: HOLD-V001-001-DDT-volume-discrepancy (acknowledged_only; SI Methods 5 mL DDT authoritative for recipe detail; main p.2 2.5 mL treated as parsing ambiguity; non-blocking for representative NR); HOLD-V001-002-S03-PL-not-text-explicit (acknowledged_only informational; V001-S03 figure-derived PL ~900 nm with value_source_type=figure provenance; non-promoted so non-blocking for NR-V001-01) | INC-018 enumerations = 0 (second clean-reuse case after V002; matches V002's 0-INC-018 pattern)","multi_source","1","0","0","1","ICP-OES_Cu/In_numeric_text_explicit_all_4_samples_Zn_S_qualitative_only","1","1","1","1","","217"
"V005","I-III-VI (V-series)","NR-V005-01","V005-S02","TRC-NR-V005-01","literature_structured","AgInS2/ZnS","microwave_aqueous","0","0","100","50","571","~700","final_purified_core_shell_stage_aqueous","SEVENTH I-III-VI family row in spine (after V003 NR-V003-01/02 + V008 NR-V008-01 + V002 NR-V002-01 + V004 NR-V004-01 + V001 NR-V001-01); FIRST AIS ternary family entry in spine (distinct from AIGS quaternary V003/V004 and CIS V008/V002/V001); FIRST microwave_aqueous route in spine and I-III-VI pilot; THIRD D-A I-III-VI NR (after V008+V001); FIRST MPA-capped aqueous entry; FIRST DoE-driven sample; FIRST quaternary_alloy_at_interface_note C6 sub-pattern; FIRST scouting identity correction | PLQE=60% text-explicit x2 main p.7 Section 3.6 + Fig 4d highest in V005 cohort; FWHM=~170nm (0.5 eV broad D-A); size=~3 core=~2.7nm; avg lifetime=493ns triexponential after ZnS shell | composition_method=ICP-OES+XRD intent=final_product Ag/In=0.61 Zn/In=1.74 (Fig 4d cohesive summary; text alt 1.64 HOLD-V005-002 acknowledged; Fig 4d used per cohesive-summary; SPECTRO ARCOS ICP-OES; Fig 8 explicit Ag:In:Zn 1:3:5/1:3:4/1:1:1 for three paradigmatic samples; strongest numeric composition for CIS/AIS family in pilot) | shelling_mode=thermal_shelling (V003+V008+V002+V004+V001 precedented; MW is thermally driven); shell_material=ZnS canonical + V008+V002+V001 reuse (fourth ZnS usage) | emission_mechanism=D-A (C5 path 2 paper-explicit donor-acceptor as first model + defect sites explicit + broad FWHM + biexp core TRPL + triexp after shell + non-stoich linked to PL; third D-A I-III-VI NR) | caution_count=1 (C5 D-A only; no C6 or C3 contribution; HOLD-V005-002 acknowledged minor does not contribute) | C6 architecture=shell with quaternary_alloy_at_interface_note: 3-fold evidence (XRD chalcopyrite preserved with shift + TEM size 2.3 to 3 nm + ICP-OES Ag:In 0.33 to 0.61 cation exchange) + paper-explicit main p.4 ""our AIS/ZnS QDs can be most likely regarded as a quaternary alloy directly at the AIS core/shell interface rather than a pure core/shell assembly""; classified as shell per dominant naming + preserved chalcopyrite + small size increase + paper-explicit ""at the interface"" localization | INC-018: 2 enumerations performed (system_tag=AgInS2/ZnS first AIS ternary family + route=microwave_aqueous first MW+aqueous; naming parallel to V008 solvothermal); cumulative I-III-VI pilot INC-018 = 7 (V003x1 + V008x2 + V002x0 + V004x2 + V001x0 + V005x2) | identity correction: scouting ""Wang 2020"" is WRONG; actual lead author = José X. Soares (U Porto LAQV-REQUIMTE); corresponding = Ute Resch-Genger (BAM Berlin Division Biophotonics); Nano Research 2020 13(9) 2438-2450; DOI 10.1007/s12274-020-2876-8; scouting label abandoned | resolved_holds: HOLD-V005-001-rep_scope Option A single NR approved + HOLD-V005-002-Zn-In-value-discrepancy acknowledged Fig 4d 1.74 authoritative + HOLD-V005-INC018-system_tag enumerated + HOLD-V005-INC018-route enumerated | DoE-driven: Ag:In=0.18 MPA:In=5.77 pH=8.91 CCD QY-model-predicted optimum + Section 3.6 optimum time/T MW 100C 50min core + 100C 30min shell = Fig 4d Best-AIS/ZnS | V005 is SECOND paper to populate central raw_aliquots.xlsx after V002 (adds 8 time-evolution aliquots A01..A08 for V005-S01 AIS core parent 10-60 min at 100C) | Group: U Porto + BAM Berlin + TU Berlin; no overlap with V001/V002/V003/V004/V008; open access CC BY 4.0 Projekt DEAL | PRIMARY representative for V005 = SEVENTH I-III-VI family row in spine (after V003 NR-V003-01/02 AIGS-AGS + V008 NR-V008-01 CIS/ZnS solvothermal D-A + V002 NR-V002-01 CIS/ZnS rigid hot_injection excitonic + V004 NR-V004-01 AIGS/GaSx amorphous excitonic + V001 NR-V001-01 CIS/ZnS HMDS hot_injection D-A) | **FIRST AIS ternary family entry in spine** (distinct from V003/V004 AgInGaS2 quaternary + V008/V002/V001 CuInS2) | **FIRST microwave-assisted aqueous synthesis route** in spine and in I-III-VI pilot | THIRD D-A I-III-VI NR in spine (after V008 + V001) | FIRST MPA-capped aqueous entry in spine | FIRST DoE-driven sample in spine | FIRST paper-explicit 'quaternary alloy at interface' §C.6 sub-pattern in spine | FIRST scouting identity correction in I-III-VI pilot (scouting 'Wang 2020' was wrong; actual is Soares/Resch-Genger 2020) | **IDENTITY CORRECTION ratified**: lead author = José X. Soares (U Porto LAQV-REQUIMTE); corresponding = Ute Resch-Genger (BAM Berlin Division Biophotonics); Nano Research 2020, 13(9), 2438-2450; DOI 10.1007/s12274-020-2876-8; scouting 'Wang 2020' label abandoned | V005-S02 Best-AIS/ZnS: **DoE CCD QY-model-predicted optimum** Ag:In=0.18, MPA:In=5.77, pH=8.91 (Section 3.5) combined with **Section 3.6 optimum time/T** MW 100C 50 min core + 100C 30 min shell = paper-explicit 'Best-AIS/ZnS QDs' label in Fig 4d with QY 0.60 highest | Synthesis: AgNO3 (adjusted for Ag:In=0.18) + MPA (MPA:In=5.77) + NH4OH (pH=8.91) + InCl3 0.2 mmol dropwise + Na2S 0.5 mmol in 25 mL bidistilled water in 35 mL reaction vessel; **CEM Discover SP Microwave Synthesizer 200 W initial power at 100 C 50 min for AIS core**; then **Zn(NO3)2 0.2 mmol + MPA 0.2 mmol + NH4OH 0.2 mmol added for ZnS shell precursors + MW 100 C 30 min**; purified by ethanol precipitation + centrifuge 10000 RCF 5 min + re-dispersion in water (2 wash cycles); stored in amber glass vials | **PL 666 nm + PLQE 60% + FWHM ~170 nm (~0.5 eV) + <τ> 493 ns + QD(Ag:In) 0.61 + QD(Zn:In) 1.74 all text-explicit Fig 4d cohesive summary** + main p.7 Section 3.6 | **route=microwave_aqueous INC-018 ENUMERATED first usage in spine** (first microwave-assisted aqueous synthesis in I-III-VI pilot and in spine overall; naming parallel to V008 solvothermal; pilot precedent in TG-V005-002 + CUR-V005-002) | **system_tag=AgInS2/ZnS INC-018 ENUMERATED first usage in spine** (first AIS ternary family entry; V003/V004 were AgInGaS2 quaternary; V008/V002/V001 were CuInS2; pilot precedent in TG-V005-001 + CUR-V005-001) | shelling_mode=thermal_shelling V003+V008+V002+V004+V001 precedented provisional reuse; MW heating is still thermally driven | shell_material=ZnS canonical + V008+V002+V001 CIS precedent; fourth ZnS usage in spine | **architecture_framing=shell with quaternary_alloy_at_interface_note**: paper uses 'core/shell' in title + keywords + abstract + conclusion BUT main p.4 explicit text 'our AIS/ZnS QDs can be most likely regarded as a quaternary alloy directly at the AIS core/shell interface rather than a pure core/shell assembly'; classified as shell per (a) paper's dominant core/shell naming, (b) XRD chalcopyrite phase preserved with slight shift toward ZnS = Zn incorporation into AIS lattice not pure ZnS phase, (c) TEM size growth 2.3 nm core Scherrer / 2.7 nm TEM → 3 nm C/S small but real, (d) paper explicit 'at the interface' localization not throughout QD volume; recorded as first 'quaternary_alloy_at_interface' §C.6 sub-pattern in spine (distinct from V002 alloy-suppression stack, V004 amorphous GaSy, V001 simple atop shell) | **§C.6 3-fold evidence**: (1) XRD Fig 2d peaks between AIS and ZnS shifted toward larger angles = Zn(II) incorporation into chalcopyrite lattice; (2) TEM 2.3/2.7 nm core → 3 nm C/S; (3) ICP-OES Ag:In 0.33 → 0.61 + Zn:In 0 → 1.74 with shelling = interfacial cation exchange direct evidence | **§C.1 stoichiometry=measured_present with STRONGEST numeric Ag:In + Zn:In + explicit Ag:In:Zn triplet for CIS/AIS family in spine** via SPECTRO ARCOS ICP-OES: Fig 2a time evolution (0.39 → 0.38 → 0.33 AIS core at 10/30/50 min + 0.58 → 0.56 after shelling with Zn:In 2.07 → 1.83); Fig 4d Best-AIS/ZnS Ag:In=0.61 Zn:In=1.74; Section 3.5 QY-optimized Ag:In=0.61 Zn:In=1.64 (slightly different from Fig 4d 1.74 = HOLD-V005-002 acknowledged text-vs-figure discrepancy; Fig 4d used per cohesive-summary principle); Fig 8 three paradigmatic samples EXPLICIT Ag:In:Zn atomic ratios 1:3:5 + 1:3:4 + 1:1:1; Table 2 CCD quadratic models predict QD(Ag:In) and QD(Zn:In) as response variables. Strongest numeric CIS/AIS composition evidence in pilot: V005 ≈ V004 > V003 > V001 > V002 > V008 | §C.2 feed-vs-product textbook case PAR EXCELLENCE: V005 paper entire DoE methodology is about feed-to-product mapping via CCD models; feed Ag:In=0.18 DoE target vs measured product Ag:In=0.61 (3x higher due to cation exchange at shell interface) + feed Zn:In=1 vs measured product Zn:In=1.74; feed never mixed with product values | **§C.5 emission_mechanism=D-A paper-explicit**: Introduction lists 'donor-acceptor pairs [15, 16]' as FIRST of 4 emission models for ternary I-III-VI QDs; main p.4 repeats 'donor-acceptor model [15, 16]'; conclusion p.7 mentions 'defect sites within the QD volume' + 'depending on synthesis conditions used, different PL mechanisms can assume a predominant role'; characteristics fully D-A family: FWHM ~0.5 eV (~170 nm) broad + biexp core TRPL τ1~110 ns trap-assisted + τ2~450 ns defect radiative + triexponential after shell + 'lacking sharp first excitonic feature of II/VI and III/V QDs' + non-stoichiometric Ag:In:Zn linked to PL quality + long lifetimes exceed II/VI 20-40 ns; Fig 8 sample c stoich 1:1:1 has 594 ns lifetime vs sample a non-stoich 1:3:5 400 ns = defect-site-variation interpretation by paper; paper does not commit to single specific mechanism but all 4 listed options (D-A + self-trapped exciton + free-to-bound + combined) are D-A/defect/trap family; none are band-edge excitonic; **caution_count = 1 per §C.5 path 2**; third D-A I-III-VI NR in spine (after V008 + V001); V005 classification slightly softer than V008/V001 (which have single explicit mechanism) but unambiguous D-A family | TRPL details: core biexp τ1~110 ns + τ2~450 ns + A1~25%/A2~75%; AIS/ZnS 'at least triexponential' decay kinetics; <τ>=493 ns amplitude-weighted for Best-AIS/ZnS | **§C.3 4-path convergence Option A**: (1) paper-explicit 'Best-AIS/ZnS QDs' Fig 4d label; (2) highest PLQY 0.60 > S03 0.54 > S07 0.46 > others; (3) emission-control = QD-620/660/705 triplet (different set); (4) no device/demo. Paths 1+2 converge unambiguously on V005-S02 → SINGLE NR ratified per Option A | **NOT PROMOTED (raw retained)**: V005-S01 AIS core parent + 8 aliquots V005-S01-A01..A08 (time evolution 10-60 min at 100 C; A06 at 50 min is optimum core QY 0.24); V005-S03 QY-optimized shorter-time path (5 replicates QY 0.54 ± 0.01 DoE validation); V005-S04 QD-620 wavelength-targeted (Ag:In=0.10); V005-S05 QD-660 wavelength-targeted (Ag:In=0.22); V005-S06 QD-705 wavelength-targeted (Ag:In=0.30); V005-S07 Fig 8a non-stoich 1:3:5 (Ag:In=0.1 pH=8.5); V005-S08 Fig 8b non-stoich 1:3:4 (Ag:In=0.1 pH=10.5); V005-S09 Fig 8c STOICH 1:1:1 (Ag:In=0.3 pH=8.5); all raw retained with their respective roles, none promoted to NR per Option A | **V005 is SECOND paper to populate central raw_aliquots.xlsx** (after V002 which was first; V005 adds 8 more rows from AIS core time-evolution 10-60 min at 100 C) | Group: U Porto LAQV-REQUIMTE + BAM Berlin Biophotonics + TU Berlin Optik; corresponding Ute Resch-Genger BAM; open access CC BY 4.0 (Projekt DEAL) | **resolved_holds**: HOLD-V005-001-rep_scope Option A approved (single NR); HOLD-V005-002-Zn-In-value-discrepancy acknowledged_only (Fig 4d 1.74 authoritative per cohesive-summary; text 1.64 retained with provenance); HOLD-V005-INC018-system_tag enumerated (first AIS ternary family); HOLD-V005-INC018-route enumerated (first MW+aqueous route) | **caution_count = 1** (§C.5 D-A only; no §C.6 or §C.3 contributions; HOLD-V005-002 acknowledged minor does not contribute) | MPA (mercaptopropionic acid) bifunctional ligand: thiol binds QD surface + carboxylate provides water solubility + colloidal stability; FTIR confirmed (S-H absent 2600-2550 cm-1 + COO- present 1554+1380 cm-1) | modality=solution only (pure DoE methodology paper; no device/film/application demo)","multi_source","1","0","0","1","ICP_OES_numeric_Ag_In_and_Zn_In_text_explicit_plus_Fig8_explicit_Ag_In_Zn_triplet","1","1","1","1","60",""
"V006","I-III-VI (V-series)","NR-V006-01","V006-S02","TRC-NR-V006-01","literature_structured","AgInGaS2","hot_injection","0","0","150","15","640","640","final_purified_post_treated_solution","V006 NR #1 APPROVED: EIGHTH I-III-VI family row in spine (after V003×2 + V008 + V002 + V004 + V001 + V005 = 7 prior I-III-VI rows). FIRST bare-core I-III-VI row in spine (distinct from V003 AgInGaS2/AgGaS2, V004 AgInGaS2/GaSx, V008/V002/V001 CuInS2/ZnS, V005 AgInS2/ZnS — all prior I-III-VI rows have shell suffix notation). FIRST I-III-VI post_treatment architecture precedent (inheriting L046 InP Al2O3 overcoat option_A pattern as cross-family generalization). FOURTH D-A I-III-VI NR (after V008+V001+V005). **Paper headline sample**: V006-S02 ZnCl2-treated at base composition (Ag 0.1 + In 0.4 + Ga 0.1 + S 0.8 mmol feed, In-rich) via hot-injection 150C 15 min + purification post-treatment with ZnCl2 at 0.15 mmol/mL optimum concentration. PL 640 nm (abstract + Fig 1c). PLQY 87% absolute integrating sphere Horiba Fluorolog + Quanta-Phi (Fig 3a + abstract + p.7534). FWHM 107 nm text-explicit (p.7535: 'FWHM decreased from 119 to 107 nm'). TEM D 3.3+-0.33 nm (Fig 1f inset; SAME as WT 3.3+-0.31 nm — no size growth = NOT a shell). TRPL bi-exponential: tau_ave 428.33 ns (tau1=173.01 + tau2=537.87, A1=45.80 A2=34.34 per Table 1). K_rad 2.031 us-1 (vs WT 0.945). K_non-rad 0.304 us-1 (vs WT 2.370). Bandgap E_g 2.25 eV (vs WT 2.23; SI Fig S2 — negligible 0.02 eV delta; NO bandgap change = NOT a shell). Urbach energy 137.8 meV (vs WT 149.4; Fig 3b). Exciton binding energy 319.77 meV (vs WT 76.79; SI Table S1). ZnCl2-QD T-dep PL fit requires 3-parameter model with E_c = 43.81 meV = 'ionization energy of defective states' (SI Table S1 + SI eq. S2 footnote) — consistent with defect/D-A persistence. **§C.6 = post_treatment** (Convention P pre-approved HOLD-V006-C7): shell_present_flag=0, shell_material=blank, shelling_mode=blank/N/A, postprocess_present_flag=1, system_tag=bare AgInGaS2. 6-axis why-not-shell evidence stack: (1) XRD unchanged (Fig 1d + Fig S10b; AgInS2 PDF#75-0117 + AgGaS2 PDF#75-0114 alloying reference, no new peaks, no shifts); (2) absorption/bandgap unchanged (Fig S2 + Fig S10a; E_g 2.23 vs 2.25 eV); (3) TEM size unchanged (both 3.3 nm); (4) EDS mapping Zn/Cl sparse-discrete surface-only (SI Fig S9; Ag/In/Ga/S dense lattice); (5) XPS Zn 2p3/2 1022 eV = Zn-S bonding (Fig 4c) + Cl 2p3/2 198.18 eV distinct from free ZnCl2 salt 198.9 eV = Cl⁻ X-type ligand replacing oleylamine (Fig 4d); (6) author language 'post-processing' 5× + 'post-treatment' 3× + 'passivation' 10+× in main text; no use of 'shell' to describe own work. Mechanism: Zn²⁺ Z-type ligand coordinates S surface dangling bonds + Cl⁻ X-type ligand replaces oleylamine long-chain ligand. Inherits L046 InP Al2O3 overcoat option_A base-form + postprocess_flag precedent as first I-III-VI generalization. **§C.5 = D-A** per explicit author TRPL bi-exponential fit (main p.7537 eq. 3 discussion): 'the slow decay time (tau2) corresponds to radiative donor-acceptor pair (DAP) recombination in the I-III-VI QDs [ref 37]'. Abstract 'exciton' wording (exciton binding energy, exciton dissociation inhibited, exciton annihilation suppressed) refers to photogenerated bound e-h pair (generic meaning), NOT band-edge excitonic radiative channel — no contradiction with DAP radiative assignment. Supporting evidence: broad FWHM 107-119 nm (~0.27-0.30 eV, I-III-VI D-A range); Urbach energy localized states; E_c defect state ionization in SI fit; long mu-scale lifetime (I-III-VI D-A regime vs pure excitonic 10-50 ns). caution_count=1 per §C.5 rule 2. Fourth D-A I-III-VI precedent in pilot after V008 + V001 + V005. **§C.1 stoichiometry = measured_present** via SI Table S2 XPS element atom % (ESCALAB 250Xi Al-Kα monochromatic; numeric for 4 samples at base composition: WT 8.0/32.6/0.9/58.5, ZnCl2 7.0/33.3/1.0/58.7, ZnBr2 8.4/32.0/0.8/58.8, ZnI2 8.4/31.4/1.0/59.2) + SI Fig S9 EDS spatial support. Ag+In+Ga sum essentially unchanged across all 4 treatment variants (41.5/41.3/41.2/40.8) — direct numeric evidence for author claim that ZnX2 treatment does not affect bulk cation composition. **Feed vs product Ga depletion observation** (§C.2): nominal feed Ga cation fraction = 0.1/0.6 = 16.7% vs measured product Ga atom fraction = 1.0/41.3 = 2.4% (ZnCl2-QD); product is effectively AIS with trace Ga. System_tag kept as AgInGaS2 per paper convention + paper's XRD-reference matching to AgInS2+AgGaS2 alloying (not reclassified to AgInS2). **Route = hot_injection** (canonical reuse, no INC-018): 150C + S injection after reaching set T + 15 min growth + RT cool. **INC-018 2 entries registered**: CUR-V006-001 (bare AgInGaS2 system_tag — first bare-core I-III-VI in spine), CUR-V006-002 (first I-III-VI post_treatment architecture precedent — inheriting L046 InP Al2O3 cross-family generalization). Cumulative I-III-VI pilot INC-018 = 9 (V003×1 + V008×2 + V002×0 + V004×2 + V001×0 + V005×2 + V006×2). **DUAL NR representative (Option C)**: paired with NR-V006-02 (V006-S07 620 nm 92% highest-PLQY headline). NR-V006-01 carries the headline analysis anchor (640 nm + full characterization suite); NR-V006-02 carries the paper abstract headline 92% claim (620 nm, sparse provenance, low confidence). V003 2-NR precedent (green + red-edge AgInGaS2/AgGaS2) is the closest analog for dual promotion within same system_tag. Confidence = medium (clean 8-anchor stack, full XPS + TRPL + FWHM + TEM; medium not high because post_treatment first-in-I-III-VI precedent relies on pre-approved Convention P and INC-018 decisions that are new to spine).","multi_source","0","1","0","1","XPS_numeric_atom_percent_Ag_In_Ga_S_explicit_SI_Table_S2","0","0","1","1","87","107"
"V006","I-III-VI (V-series)","NR-V006-02","V006-S07","TRC-NR-V006-02","literature_structured","AgInGaS2","hot_injection","0","0","150","15","620","620","final_purified_post_treated_solution","V006 NR #2 APPROVED (companion to NR-V006-01 under HOLD-V006-001 Option C dual NR resolution): NINTH I-III-VI family row in spine. **Paper abstract headline 92% highest-PLQY claim**: V006-S07 ZnCl2-treated at wavelength-tuned composition (Ag/In/Ga feed ratio NOT tabulated by paper; only stated as 'different components corresponding to different emitting wavelengths' main p.7539); PL peak 620 nm (SI Fig S13d 'E_m: 620 nm'); PLQY 92% (SI Fig S13d annotation 'treated PLQY: 92%' + Table 2 'This work' row 620 nm/92% + main abstract 'the highest PLQY is up to a recorded value of 92%'). Same hot-injection synthesis protocol at 150 C with ZnCl2 post-treatment per paper universality claim main p.7539: 'this post-treatment passivation strategy was suitable for AIGS QDs with any composition'. **All §C.6 + §C.7 + §C.5 decisions inherited from NR-V006-01** via composition-agnostic post-treatment mechanism claim. **Sparse direct provenance** for this specific composition (vs NR-V006-01): FWHM NOT measured (Table 1 only covers 640 nm), TEM size NOT measured (Fig 1e/f only 640 nm), TRPL NOT measured (Table 1 only 640 nm), XPS atom % NOT measured (SI Table S2 only covers base composition variants WT/ZnCl2/ZnBr2/ZnI2 at 640 nm), feed ratio Ag/In/Ga NOT tabulated anywhere in main or SI. Only 2 direct anchors for this composition (PL peak 620 + PLQY 92%); both are abstract-headline text-explicit or figure-annotated. §9.3 4-criterion rule is NOT strictly met at the single-composition level; promotion relies on the paper-abstract-headline exception (the 92% number is the paper's explicit headline claim at abstract + Table 2 + Fig S13d). **Confidence = low** (explicitly downgraded; reflects sparse direct characterization per human approval HOLD-V006-C3 Option C). **caution_count = 1** — NOT incremented for sparse provenance per human approval (confidence=low captures that concern; caution_count only counts §C.5 D-A per rule 2); explicit instruction from session: 'caution_count를 2로 올리지 마라'. **system_tag = bare AgInGaS2** (same as NR-V006-01; Convention P applied); shell_present_flag=0, postprocess_present_flag=1, shelling_mode=blank, shell_material=blank. **Route = hot_injection** (assumed same protocol per paper universality claim). **§C.5 = D-A** (inherited from base composition TRPL analysis; paper does not measure TRPL separately for 620 nm variant). **§C.1 stoichiometry = measured_unavailable_for_this_composition** (explicit provenance gap marker; differs from NR-V006-01 which is measured_present). Composition atom % fields left blank to honestly reflect the provenance gap; composition_method=XPS retained as the paper's overall technique class. Fig S13 also reports ZnCl2-treated variants at 625 nm/85%, 630 nm/70%, 660 nm/61.9% — these are raw retained (V006-S08/S09/S10) but not promoted to NR. Fig 5 halide variants ZnBr2-QD 76.2% and ZnI2-QD 54.6% at 640 nm are raw retained (V006-S03/S04). Fig S12 InCl3/GaCl3 negative controls are raw retained (V006-S05/S06). WT baseline V006-S01 is raw retained as control. **Dual NR rationale (Option C)**: NR-V006-01 captures the headline analysis anchor (640 nm, 8 anchors, medium confidence); NR-V006-02 captures the paper abstract headline claim (620 nm, 2 anchors, low confidence). V003 precedent (2 NRs at green + red-edge same system_tag AgInGaS2/AgGaS2) is the closest analog — approved for V006 Option C per human review.","multi_source","0","1","0","0","measured_unavailable_for_this_composition","0","0","1","1","92",""
"V007","I-III-VI (V-series)","NR-V007-01","V007-S06","TRC-NR-V007-01","per_paper","AgInS2/ZnS","continuous_flow_aqueous","0","0","100","15","591","","final_purified","APPROVED by human 2026-04-09. Single NR. Fig 1 representative core/shell AIS/ZnS via continuous flow aqueous. Rivaux Reiss JPCC 2022. route=continuous_flow_aqueous FIRST in spine (INC-018 CUR-V007-001 TG-V007-002). D-A DAP emission [InAg2++2VAg-] §C.5 rule 2 caution_count=1. In:Ag feed=4:1; ICP In:Ag(c/s)=3.6 Zn:In=3.0 Zn:Ag=10.6; TEM c/s 2.35nm core 1.67nm; TRPL tau_avg=1273ns tau3=1344ns(72.6%); FWHM=124nm; Stokes=570meV Eg=2.63eV. Series best QY=83% at 120C (V007-S07) +3pp within-batch T optimization not distinct claim axis. §C.6 Zn-diffusion alloy-interface note per V005 precedent. §G.10 remains canonically open. Syrris Asia 2-pump flow reactor 4mL tubular SS 1mm ID 3bar water/GSH.","closeout","1","0","0","1","measured_ICP_OES","1","0","1","1","80","124"
"V013","I-III-VI (V-series)","NR-V013-01","V013-S03","TRC-NR-V013-01","per_paper","CuInS2/ZnS","heating_up","0","0","230","9","635","","final_purified","APPROVED by human 2026-04-09. Single NR. Sample 3 binary CIS core LED champion. Wang Zhang et al. Chem Mater 2018. route=heating_up (CORRECTED from hot_injection; canonical reuse 17 L-rows). D-A DAP emission §C.5 rule 2 caution_count=1. EDS Cu0.4InS2.7. TEM core 2.9nm c/s 5.4nm. TRPL c/s 90.4(7.6%)/293.7(70.8%)/981.5(21.6%)ns tau_avg~455ns. Stokes 128nm FWHM core=128nm. INC-018=0 all canonical reuse. §C.6 alloy-core boundary: S01/S02 Zn-Cu-In-S alloy cores raw-retained NOT promoted; S03 binary CIS = NR; Zn cation exchange during shelling matches V002 pattern; canonical close NOT performed. LED FIRST I-III-VI: EQE 7.8% lum 4490cd/m2 CE 8.3cd/A PE 6.6lm/W EL 640nm T50 180min@3V HOMO -5.81 LUMO -3.85. 1yr 81->77% QY. §G: none closed.","closeout","1","0","0","1","measured_EDS","0","0","1","1","81",""
"V010","I-III-VI (V-series)","NR-V010-01","V010-S07-TBP","TRC-NR-V010-01","per_paper","AgInGaS2/GaSx","heating_up","0","0","150","30","518","","final_purified","APPROVED human 2026-04-09. Single NR V010-S07-TBP 0.25:1+TBP. Hoisang Uematsu Torimoto Kuwabata InorgChem 2021. route=heating_up DTC Ga(DDTC)3 OLA 150C. Shell GaSy amorphous (GaSx operational reuse from V004; canonical close NOT performed). Post TBP RT 2h Convention P shell+post coexistence FIRST in spine. EXCITONIC band-edge FWHM 32-42nm caution=0 §C.5 rule 1. 5th excitonic I-III-VI. QY 68% (abstract up to 68%). SI alternate 76.2% (0.5:1+TBP Fig S15) NOT promoted. ICP core Ag1.00In0.82Ga3.33S7.70 c/s Ag1.00In0.44Ga1.16S2.85 shell Ga:S 1:1.42. Eg 2.33eV. TBP recovery 23→56% Fig7c/d. TRPL 0.5:1 c/s tau1=17ns tau2=82ns (proxy band-edge confirmation). INC-018=0. §G.7 gains data stays open.","closeout","1","1","0","1","measured_ICP_AES","0","0","1","0","",""
"V009","I-III-VI (V-series)","NR-V009-01","V009-S03","TRC-NR-V009-01","per_paper","AgInS2/ZnS","batch_aqueous","0","0","120","60","563","","final_purified","APPROVED human 2026-04-09. Single NR V009-S03 Ag:In 1:4. Kang Pan JPCC 2015. route=batch_aqueous FIRST in spine (INC-018 CUR-V009-001 TG-V009-002): 5L pressure cooker 120C/180kPa 1h batch + 80C/1h shell. 3rd AIS/ZnS (V005+V007+V009). 3rd aqueous sub-route. D-A DAP explicit caution=1. QY 39.1% PL 563nm FWHM 69nm. TEM 2.88nm core 2.43nm. TRPL biexp avg=243.8ns. EDS core 1:4.02:6.18 c/s 1:2.96:5.53:10.78. Gelatin+TGA ligand (NH4)2S sulfur. Scale-up 4L ~3g/batch 35RMB. §G none closed.","closeout","1","0","0","1","measured_EDS","0","0","1","1","39.1","69"
"V015","I-III-VI (V-series)","NR-V015-01","V015-S04","TRC-NR-V015-01","per_paper","AgZnInS/ZnS","cation_exchange_multistep","0","0","100","120","483","","final_purified","APPROVED human 2026-04-09. §C.4 FIRST ACTIVATION. Single NR V015-S04 AZIS/ZnS sequential 3rd Zn. Song et al ACS AMI 2016. system_tag=AgZnInS/ZnS FIRST AZIS (INC-018). route=cation_exchange_multistep FIRST CE (INC-018). 4-stage lineage: Ag2S→AIS→AIS/ZnS→AZIS/ZnS ICP per stage. PL 483nm QY 44%. FWHM blank. No lifetime. D-A/ambiguous cc=1. ICP [Zn]/[Ag+In]=0.87:0.13. shelling_mode cation_exchange_shelling DEFERRED not committed. V014 was raw-only; V015 normalized because PL+QY tabulated(SI Table S1)+representative clear. §G.4/G.5 not closed. INC-018 cumulative=13.","closeout","1","0","0","1","measured_ICP","0","0","1","1","44",""
"V012","I-III-VI (V-series)","NR-V012-01","V012-S03","TRC-NR-V012-01","per_paper","AgInS2","hydrothermal","0","0","110","420","600","","final_purified","APPROVED human 2026-04-09. Bare AIS. Hu et al J.Lumin 2018. route=hydrothermal FIRST (autoclave 110C/7h). systag=AgInS2 bare FIRST bare AIS. INC-018=2. QY 21.6% text-explicit. PL ~600nm figure-est medium. FWHM blank. τ_avg 373.6ns Table 2. EDS Ag0.432In1.568S2. TEM ~3.0nm. D-A cc=1. GSH+SC ligand Na2S pH 8. AIS 4th paper 4 routes. V014 lesson: QY text+rep clear=normalized possible. §G none closed. INC-018 cumulative=15.","closeout","0","0","0","1","measured_EDS","0","0","1","1","21.6",""
"V017","I-III-VI (V-series)","NR-V017-01","V017-S02","TRC-NR-V017-01","per_paper","CuInS2/ZnSeS","hot_injection","0","0","210","15","580","642","final_purified","APPROVED human 2026-04-09. CuInS2/ZnSeS CAS QD. Ghosh Mandal et al JPC Lett 2021. route=hot_injection canonical reuse. systag=CuInS2/ZnSeS NEW (first ZnSeS alloy shell). shell_material=ZnSeS NEW (first ternary alloy shell). INC-018=2. QY 96% near-unity (highest I-III-VI pilot). PL 580nm SI Table S3. FWHM 110nm. τ_avg 249.5ns. TEM 3.28nm. D-A cc=1. Identity resolved: scouting unknown → CIS family. §G none closed. INC-018 cumulative=17.","closeout","1","0","0","1","measured_EDS_qualitative","0","0","1","1","96","110"
"V011","I-III-VI (V-series)","NR-V011-01","V011-S03","TRC-NR-V011-01","per_paper","AgInS2/ZnS","aqueous_reflux","0","0","100","120","565","","final_purified","APPROVED human 2026-04-09. ZAIS alloy (AIS+ZnS cationic interdiffusion). Regulacio et al Nanoscale 2013. route=aqueous_reflux NEW (100C open-air water PAA+MAA). systag=AgInS2/ZnS reuse (V005/V007/V009). INC-018=1 (route). QY 20% text-explicit. PL ~565nm text+figure. FWHM blank. τ ~132ns. D-A cc=1. Borderline Case A: QY text + rep clear. V014 lesson. shell_ambiguity=1 alloy. §G none closed. INC-018 cumulative=18.","closeout","1","0","1","1","measured_EDX","0","0","0","1","20",""
"V016","I-III-VI (V-series)","NR-V016-01","V016-S03","TRC-NR-V016-01","per_paper","AgInSe2/ZnSe","aqueous_hot_injection","0","0","90","30","650","","final_purified","APPROVED human 2026-04-10. AgInSe2/ZnSe FIRST SELENIDE I-III-VI. Che Wang Li et al JCIS 2016. route=aqueous_hot_injection NEW (NaHSe 90C + syringe pump ZnSe 80C/3h). systag=AgInSe2/ZnSe NEW. shell=ZnSe NEW for I-III-VI. INC-018=3. QY 31±1.6% text-explicit. PL ~650nm figure-estimated medium. FWHM blank. τ blank. TEM 3.9nm. D-A cc=1. Main-only paper (no SI). V014 lesson. §G none closed. INC-018 cumulative=21.","closeout","1","0","0","1","feed_nominal","0","1","1","1","31",""
"V018","I-III-VI (V-series)","NR-V018-01","V018-S05","TRC-NR-NR-V018-01","per_paper","AgInGaS2/AgGaS2","hot_injection","0","0","280","","528","","final_purified","APPROVED human 2026-04-10. Single NR. Kim Channa Lee et al Chem Eng J 2024 486 150219. AgInGaS2/AgGaS2 (AIGS/AGS) core/shell QD. GREEN EMITTER QY 95%. Route=hot_injection canonical reuse. Shell=AgGaS2 crystalline heteroepitaxial (reuse from V003). In-situ TOP surface treatment. system_tag=AgInGaS2/AgGaS2 REUSE. INC-018=0. PL 528nm text. QY 95% text. FWHM 33nm text. Excitonic band-edge cc=0. Representative=AIGS 2 (280C) highest QY.","main_text","1","0","0","1","measured_ICP_figure","0","0","1","0","95","33"
"V019","I-III-VI (V-series)","NR-V019-01","V019-S02","TRC-NR-NR-V019-01","per_paper","AgZnInS","aqueous_direct","0","0","100","90","555","","final_purified","APPROVED human 2026-04-10. Single NR. Mrad et al Inorg Chem 2020 59 6220. AgZnInS (AIZS) alloy QD. AZIS REINFORCEMENT 2nd after V015. Route=aqueous_direct NEW INC-018=1. system_tag=AgZnInS REUSE. PL ~555nm text ca. medium. QY 65% relative text (57% absolute). FWHM ~110nm text ca. medium. D-A cc=1. REPRESENTATIVE CHOICE HUMAN-LOCKED: BULK AIZS Ag/In=1/5 QY 65% is official NR. Paper reports QY 78% for size-selective precipitation best fraction (V019-S03) but this is SUPPORTING BRANCH ONLY excluded from NR anchor to avoid overstating recipe performance.","main_text","0","0","0","1","measured_EDX_XPS","0","0","1","1","65","110"
"V022","I-III-VI (V-series)","NR-V022-01","V022-S02","TRC-NR-NR-V022-01","per_paper","CuInS2/ZnS","aqueous_heating","0","0","95","40","565","","final_purified","APPROVED human 2026-04-10. Single NR. Chen Li Huang Pan Inorg Chem 2013 52 7819. CuInS2/ZnS core/shell aqueous QD. CIS AQUEOUS GAP FILL — first aqueous route for CIS family. Route=aqueous_heating NEW (INC-018=1). system_tag=CuInS2/ZnS REUSE. QY 38% text-explicit (abstract+body). PL ~565nm medium confidence (Cu/In=1:4 from composition trend). FWHM blank (absent from paper+SI). tau_1/e 543ns SI Fig S1. TEM core 2.1nm SI IV. EDS Table S1 tabulated (5 Cu/In x 3 shell). D-A emission cc=1 (broad PL + long tau). Communication 3pp + SI 7pp = 10pp total. Representative Cu/In=1:4 HUMAN-LOCKED from SI typical synthesis.","closeout","1","0","0","1","measured_EDS","0","0","1","1","",""
"V023","I-III-VI (V-series)","NR-V023-01","V023-S03","TRC-NR-NR-V023-01","per_paper","CuGaS2/ZnS","hot_injection","0","0","190","4","570","","final_purified","APPROVED human 2026-04-10. Single NR. Hase Iso Isobe J Mater Chem C 2022 10 3523. CuGaS2/ZnS core/shell QD. FIRST CuGaS2 FAMILY IN SPINE. Cu/Ga=1/10 representative (highest PLQY 73% absolute integrating sphere). Route=hot_injection REUSE. system_tag=CuGaS2/ZnS NEW (INC-018=1). PL 570nm Table 1 high. QY 73% absolute Table 1+text high. FWHM 119nm Table 1 high. TEM 2.40+/-0.38nm Table 1. Eg 3.08eV Table 1. D-A emission (Cu vacancy defect) cc=1. Two-step ZnS shell (220C 30min + 250C 60min). Bandgap-tuned fluorescent QDs for LDS/LSC PV applications. Recovered true 73% QY paper replacing earlier V021 misattribution.","closeout","1","0","0","1","measured_XRF","0","0","1","1","",""
"V024","I-III-VI (V-series)","NR-V024-01","V024-S06","TRC-NR-NR-V024-01","per_paper","CuGaS2/ZnS","heating_up","0","0","240","5","486","","final_purified","APPROVED human 2026-04-10. Single NR. Lohar Abdul Haque Jadhav Sagdeo et al JPC C 2025 129 10539. CuGaS2/ZnS core/shell QD. Cu vacancy defect engineering narrows FWHM. Cu/Ga=1/8 representative CGSZ-1/8 (highest PLQY 94.9% corrected reabsorption). Route=heating_up core 240C 5min + 2-step ZnS shell 240C 75+30min. system_tag=CuGaS2/ZnS REUSE from V023. INC-018=0. PL 486nm (2.55eV) Table 2 high. QY 94.9% corrected text p.4 high. FWHM 71nm text / 153meV Table 2 high. TEM 4.64nm SI Fig S3c. Eg 2.69eV Tauc plot. Stokes shift 399meV. Urbach energy 127meV. D-A emission (Cu vacancy VCu) cc=1. CuGaS2 family reinforcement after V023.","closeout","1","0","0","1","measured_ICP","0","0","1","1","","71"
"V032","I-III-VI (V-series)","NR-V032-01","V032-S02","TRC-NR-NR-V032-01","per_paper","CuGaInS2/ZnS","hot_injection","0","0","180","5","630","","final_purified","APPROVED human 2026-04-10. Single NR. Zhi Tong You Channa Li Wu Selopal Wang Solar RRL 2023 7 2300641. CuGaInS2/ZnS core/shell QD. FIRST CuGaInS2 (QUINARY) FAMILY IN SPINE. CGIS/ZnS representative (highest PLQY 94.6% absolute integrating sphere). Route=hot_injection S injection at 180C + stepwise ZnS shell 210-250C. system_tag=CuGaInS2/ZnS NEW (INC-018=1). PL 630nm text+Fig3a high. QY 94.6% text+Fig3f+SI Fig S4d high. FWHM blank (not reported numerically). tau_avg 516ns Fig3e+Table S1. TEM 2.2+/-0.4nm Fig1e. Eg 2.7eV Tauc Fig3c. Stokes shift 0.73eV SI Fig S2. D-A emission cc=1. Tandem LSC application secondary. Dual system paper: CGS/ZnS (65.4% secondary) + CGIS/ZnS (94.6% primary).","closeout","1","0","0","1","measured_XPS","0","0","1","1","94.6",""
"V026","I-III-VI (V-series)","NR-V026-01","V026-S7","TRC-NR-NR-V026-01","per_paper","CuInS2/ZnS","hot_injection","0","0","230","90","668","","final_purified","APPROVED human 2026-04-10. Single NR. Tan Iso Isobe ACS Appl Opt Mater 2026 4 588. CuInS2/ZnS core/shell QD. S7 representative (highest PLQY 82.3% in toluene DDT-capped). Route=hot_injection precursor thermal decomposition 230C 90min core + 2 slow ZnS injections 230C 60min shell. system_tag=CuInS2/ZnS REUSE. INC-018=0. PL 668nm Table 2 high. QY 82.3% Table 2 high. FWHM 120nm Table 2 high. Core diameter 2.02nm Eg calc. Eg 1.94eV Table 2. tau_avg 318ns Table 3. D-A emission cc=1. MPA ligand exchange variant S9 yields 40.3% QY in PBS aqueous (postprocess_present_flag=1). Cu/In=1/1 feed. Systematic 7-sample optimization Table 2. Sensing application secondary.","closeout","1","1","0","1","feed_nominal","0","1","1","1","",""
"V025","I-III-VI (V-series)","NR-V025-01","V025-S09","TRC-NR-NR-V025-01","per_paper","CuInSe2","hot_injection","0","0","285","10","","","final_purified","APPROVED human 2026-04-10. Single NR. Yarema Bozyigit Rousseau Nowack Yarema Heiss Wood Chem Mater 2013 25 4155. CuInSe2-based colloidal NCs. FIRST CuInSe2 IN SPINE — selenide CIS gap fill. V025-S09 representative (ZnSe+ZnS double shell ~60% QY relative). Route=hot_injection silylamide-promoted at 285C. system_tag=CuInSe2 NEW (INC-018=1). PL peak not text-explicit (figure: NIR range 700-1200nm size-dependent). QY ~60% text p.4 relative to Rhodamine 6G. FWHM not tabulated (figure estimate ~150nm low confidence). Size ~10nm tetrahedral. Eg 1.3-2.1eV size-dependent. D-A emission cc=1. Table 1 = EDX composition only. Optical data text+figure not tabulated — weaker data quality than table-driven papers.","closeout","1","0","0","1","measured_EDX","0","0","1","1","",""
"V027","I-III-VI (V-series)","NR-V027-01","V027-CGS-3ZnS-240","TRC-NR-NR-V027-01","per_paper","CuGaS2/ZnS","heating_up","0","0","240","5","480","","final_purified","APPROVED human 2026-04-10. Single NR. Kim Kim Kim Kim Jang ACS Appl Nano Mater 2025 8 18897. CuGaS2/ZnS core/shell QD. CuGaS2 shell-engineering reinforcement. CGS/3ZnS at 240C representative (highest QY 60.4%). Route=heating_up core 240C 5min + 3 stepwise ZnS 240C 75+30+60min. system_tag=CuGaS2/ZnS REUSE. INC-018=0. PL dual-band ~480nm (CB-VCu) + ~600nm (DAP) text+Fig2b high. QY 60.4% text p.3 high. FWHM 279nm text p.5 (broadband dual emission). TEM core 1.9nm total 3.9nm SI Fig S4. Eg 3.02eV SI Fig S8. Cu:Ga=1:8 ICP-OES Table S1. D-A emission (dual radiative recombination centers) cc=1. CRI 92 for WLED application. 3 shell x 3 temp systematic matrix.","closeout","1","0","0","1","measured_ICP","0","0","1","1","",""
"V030","I-III-VI (V-series)","NR-V030-01","V030-S08","TRC-NR-NR-V030-01","per_paper","CuInS2/ZnS","heating_up","0","0","225","30","","","final_purified","APPROVED human 2026-04-10. Single NR. Qi Wang Wang Wu Li J Mater Chem C 2016 4 1895. CuInS2/ZnS core/shell QD. CIS NIR extension. V030-S08 representative (CuInS2/ZnS QY 40.1% six-fold enhancement from core 8.7%). Route=heating_up one-pot thermolysis indium stearate 225C. system_tag=CuInS2/ZnS REUSE. INC-018=0. PL 656nm text (blue-shifted from 743nm core after ZnS). QY 40.1% text+Fig5 high. FWHM ~150nm text p.3 medium (approximate). tau_avg 318ns Table 2. TEM ~3.1nm. D-A emission cc=1. NIR tunable 693-835nm core series. Lower-tier QY but fills CIS NIR extension gap. [HALLUC-PATCH: PL 656→blank. Paper reports CuInS2 PL range 693-835nm; 656 not found. caution_count +1.]","closeout","1","0","0","1","measured_EDX","0","0","1","2","",""
"V029","I-III-VI (V-series)","NR-V029-01","V029-S03","TRC-NR-NR-V029-01","per_paper","AgZnInS","hot_injection","0","0","220","30","501","","final_purified","APPROVED human 2026-04-10. DUAL-NR paper (NR-V029-01 of 2). Cross-system_tag dual-NR by explicit user approval (3rd positive precedent). Yoon Ji Oh Ko Hee Yoo Do ACS AMI 2015 7 7342. ZAIS (Zn-Ag-In-S) alloy QD green emitter. V029-S03 representative (author-selected for WLED green; QY 61% (0.61 fraction) 501nm FWHM 81nm Table 2). Route=hot_injection AIS core + multi-step ZnS alloying at 220C. system_tag=AgZnInS REUSE from V015/V019. INC-018=0 for this row. Architecture=alloy (solid solution not discrete core/shell). D-A emission cc=1. TEM 3.9nm. 9pp main_only (no SI). V029-S02 (210C 75% QY) has higher QY but V029-S03 is author-selected champion.","closeout","0","0","0","1","feed_nominal","0","0","1","1","",""
"V029","I-III-VI (V-series)","NR-V029-02","V029-S07","TRC-NR-NR-V029-02","per_paper","CuZnInS","hot_injection","0","0","230","30","606","","final_purified","APPROVED human 2026-04-10. DUAL-NR paper (NR-V029-02 of 2). Cross-system_tag dual-NR by explicit user approval (3rd positive precedent). Yoon Ji Oh Ko Hee Yoo Do ACS AMI 2015 7 7342. ZCIS (Zn-Cu-In-S) alloy QD red emitter. FIRST CuZnInS (CZIS) ENTRY IN SPINE. V029-S07 representative (author-selected for WLED red; QY 53% (0.53 fraction) 606nm FWHM 106nm Table 2). Route=hot_injection CIS core + multi-step ZnS alloying at 230C. system_tag=CuZnInS NEW (INC-018=1). Architecture=alloy (solid solution not discrete core/shell). D-A emission cc=1. TEM 4.4nm. V029-S08 (240C 57% QY) has higher QY but V029-S07 is author-selected champion.","closeout","0","0","0","1","feed_nominal","0","0","1","1","",""
"V049","I-III-VI (V-series)","NR-V049-01","V049-S04","NTR-V049-01","literature_structured","AgInS2/ZnS","solvothermal","0","0","200","20","653","","solution","Table 1 AIS/5ML-ZnS. All metrics tabulated. VAL-001 lifetime non-blocking.","closeout","1","0","0","1","feed_molar","0","0","1","0","",""
"V044","I-III-VI (V-series)","NR-V044-01","V044-C1CS2-GSH","NTR-V044-01","literature_structured","AgInS2/ZnS","microwave","0","0","100","50","670","","solution","SI Table S1 C1-CS2 GSH. PL ~670nm figure-estimated. QY 65% and FWHM 229nm tabulated.","closeout","1","0","0","1","feed_molar","0","0","1","1","",""
"V039","I-III-VI (V-series)","NR-V039-01","V039-S07","NTR-V039-01","literature_structured","CuZnInS/ZnS","heating_up","0","0","230","1","560","","solution","ZCIS(1:4)/ZnS. QY 73% Table 1. PL ~560nm Fig 3k (human-approved). FWHM ~90nm text. tau_avg 359ns. Recovered DOI paper.","closeout","1","1","0","1","feed_molar","0","0","1","1","",""
"V057","I-III-VI (V-series)","NR-V057-01","V057-S05","NTR-V057-01","literature_structured","Mn:AgZnInS/ZnS","heating_up","0","0","180","20","604","","solution","Mn band 604nm (Option B). Host 498nm context only. Total QY 42.4%. Mn FWHM 76nm. Dual-emission: single NR Mn-band only. INC-018=2 new Mn:AZIS/ZnS.","closeout","1","0","0","1","feed_molar","0","0","1","1","",""
"V041","I-III-VI (V-series)","NR-V041-01","V041-S03","NTR-V041-01","literature_structured","CuZnInSe/ZnS","microwave_aqueous","0","0","","7","650","","solution","CIZSe/ZnS Zn:Cu=0.5. QY 54% Table 1. PL ~686nm SI Fig S6b (fig-est). FWHM ~125nm text. tau_avg 515ns. First selenide quaternary. INC-018=2 new system_tag+route.","closeout","1","0","0","1","feed_molar","0","0","1","3","",""
"V051","I-III-VI (V-series)","NR-V051-01","V051-S03","NTR-V051-01","literature_figure_primary","AgInS2","hot_injection","0","0","110","","642","","solution","Bare AIS Ag/In=1/4 110C tetragonal. QY ~62% fig-est. PL ~642nm fig-est. FWHM ~110nm text-est. Borderline Case_A human-approved. No shell. tau_avg 353ns Table 1. INC-018=1 bare AIS high-QY.","closeout","0","0","0","1","feed_molar","0","0","0","2","",""
"V062","I-III-VI (V-series)","NR-V062-01","V062-S04","NTR-V062-01","literature_structured","Mn:CIS/ZnS","hot_injection","0","0","280","","610","557","solution","Mn-doped CIS/ZnS hot_injection. Mn2+ d-d emission 610nm. PLQY 66% FWHM 80nm (abstract+text). tau_avg 3.78ms Mn d-d. Nominal 2.25 mol% Mn Cu:In=1/2. Shell time unknown (H-V062-001). INC-018=1 new Mn-doped shell material. Undoped 557nm 40% context.","closeout","1","0","0","1","feed_molar","0","0","1","1","66","80"
"V066","I-III-VI (V-series)","NR-V066-01","V066-S07","NTR-V066-01","literature_structured","ZAIS/ZIS/ZnS","hot_injection","0","0","250","","501","","solution","ZAIS/ZIS/ZnS triple-shell HZAD-modified 2nd alloy 250C. PLQY 87% PL 501nm FWHM 86nm Table2. LE 154 lm/W EQE 37% dual-color DC-LED. Size 3.00nm Fig3i. INC-018=2 new system_tag ZAIS/ZIS/ZnS + new shell_material ZIS inner-shell. LZS/LZAD precursor amounts partial (FLAG-N02).","closeout","1","0","0","1","feed_molar","0","0","1","1","87","86"
"V075","I-III-VI (V-series)","NR-V075-01","V075-S04","NTR-V075-01","literature_structured","CIS/ZnS","hot_injection","0","0","130","","530","640","solution","S-CIS/ZnS3 low-T 130C S-OAm route 3x ZnS shelling. Table1 PL 530 QY 85 size 4.8 tau 989.2ns. FWHM unknown (caution). WITHDRAWN-HISTORY: JALCOM 2020/155439 withdrawn predecessor; current PDF is formal 2021 version (vol851). withdrawn_predecessor=true mandatory flag. INC-018=0 standard CIS/ZnS.","closeout","1","0","0","1","feed_molar","0","0","1","2","",""
"V076","I-III-VI (V-series)","NR-V076-01","V076-S03","NTR-V076-01","literature_figure_primary","CIS/ZnS","hot_injection","0","0","240","480","554","","solution","CIS2-8h multi-shell ZnS/ZnS. QY 76% Fig1a. PL ~554nm Fig1b figure-estimated. Size 4.04nm Fig1f. FWHM ~90nm text broad (unknown numeric). Device EQE 1.56%. Shell 240C 8h. INC-018=0 CIS/ZnS architecture variant.","closeout","1","0","0","1","feed_molar","0","0","1","2","",""
"V080","I-III-VI (V-series)","NR-V080-01","V080-S03","NTR-V080-01","literature_structured","CIS/ZnS","hot_injection","0","0","70","420","559","","solution","CIS/ZnS/ZnS CSS Cu:In=1:4 DDT solvent dual-role. QE 80% abstract PL 559nm. Size 4.3nm TEM. FWHM unknown. LED CRI 73 CCT 6140K efficacy 81.3 lm/W. ZnI2 amounts FLAG-01. INC-018=0 CSS architecture variant of CIS/ZnS.","closeout","1","0","0","1","feed_molar","0","0","1","1","",""
"V058","I-III-VI (V-series)","NR-V058-01","V058-S04","NTR-V058-01","literature_structured","CZIS/ZnS","hot_injection","0","0","240","15","608","657","solution","CZIS/ZnS core/shell 15 min shell growth at 240C (hold H-V058-002 resolved 2026-04-11). Table 2 PL 608nm PLQY 77 percent (paper QY champion). FWHM unknown caution. tau_avg 272 ns. Hot injection two-step CIS core then ZnS shell 2 mmol Zn. Blue-shift 657 to 608 nm via ZnS coating. Previous 45 min assumption (QY 63 percent) was corrected by hold resolution because Table 2 explicitly shows 15 min as QY peak. INC-018=0 standard CZIS/ZnS hot_injection.","closeout","1","0","0","1","feed_molar","0","0","1","1","77",""
"V064","I-III-VI (V-series)","NR-V064-01","V064-S01","NTR-V064-01","literature_structured","CZIS/ZnS","hot_injection","0","0","210","40","619","","solution","CZIS/ZnS Zn:Cu=1.8 no TOP:S (HOLD-V064-002 resolved 2026-04-11 Option A selected). Fig 2e PLQY 48 percent highest absolute in 8-sample series; Fig 2b PL 619 nm. FWHM unknown caution. Size ~3 nm approximate Fig.SI1. T_core 180C 60 min core, T_shell 210C 40 min. DDT+OlAm ligand in ODE solvent. Cu:In=1:10. INC-018=0 standard CZIS/ZnS hot_injection. V064-S08 (Zn:Cu=11+TOP:S 37 percent LED prototype) demoted to comparison; Option A chosen per session-wide highest-QY criterion.","closeout","1","0","0","1","feed_molar","0","0","1","1","48",""
"V077","I-III-VI (V-series)","NR-V077-01","V077-S03","NTR-V077-01","literature_figure_primary","CIS/ZnS","hot_injection","0","0","220","60","600","","solution","CIS/ZnS hot_injection Zn/Cu=8 DDT dual role core 60 min at 240C shell 60 min at 220C. QY LOCKED 65.5 percent (Fig 5C experimentally verified maximum). Abstract up-to-80 percent claim EXPLICITLY REJECTED per V014 lesson and Convention P because not supported by any figure or table. PL ~600 nm Fig 5B figure-estimated caution. FWHM unknown caution. tau_avg 162.5 ns Table 3. DDT is both ligand and S source. INC-018=0 standard CIS/ZnS. hold resolution 2026-04-11 locked QY 65.5 percent as committed value.","closeout","1","0","0","1","feed_molar","0","0","1","2","",""
"V091","I-III-VI (V-series)","NR-V091-01","V091-S22","NTR-V091-01","literature_structured","AgInS2","aqueous","0","0","100","180","599","","solution","V091-S22 AIS-8 fr1 composition champion per SI Table S1 N=1. Ag/In=1:8 ratio. E_PL 2.07 eV (PL 599 nm); FWHM derived from w_PL 305 meV; tau_PL 370 ns; kr 0.77e6 knr 1.94e6 s-1; PLQY 29 percent. Aqueous GSH synthesis 100C boiling water bath 180 min; 2-propanol size fractionation. AFM size 1.86 nm (Table S9). Multi-composition champion commitment: one of 6 NRs per Option C approval; AIS-8 family champion fraction.","closeout","0","0","0","1","feed_molar","0","0","1","1","29","88.3"
"V091","I-III-VI (V-series)","NR-V091-02","V091-S11","NTR-V091-02","literature_structured","AgInS2","aqueous","0","0","100","180","620","","solution","V091-S11 AIS-4 fr5 composition champion per SI Table S2 N=5 (SI-corrected from prior provisional fr6 32 percent figure-read). Ag/In=1:4 ratio. E_PL 2.00 eV (PL 620 nm); FWHM derived from w_PL 310 meV; tau_PL 492 ns; kr 0.72e6 knr 1.31e6 s-1; PLQY 35 percent. AFM vol size 1.11 nm (Table S8). Multi-composition champion commitment: one of 6 NRs per Option C approval; AIS-4 family champion fraction.","closeout","0","0","0","1","feed_molar","0","0","1","1","35","96.1"
"V091","I-III-VI (V-series)","NR-V091-03","V091-S21","NTR-V091-03","literature_structured","AgInS2","aqueous","0","0","100","180","633","","solution","V091-S21 AIS-3 fr5 composition champion per SI Table S3 N=5. Ag/In=1:3 ratio (most Ag-rich AIS series). E_PL 1.96 eV (PL 633 nm); FWHM derived from w_PL 330 meV; tau_PL 535 ns; kr 0.65e6 knr 1.22e6 s-1; PLQY 35 percent. AFM vol size 1.47 nm (Table S7). Multi-composition champion commitment: one of 6 NRs per Option C approval; AIS-3 family champion fraction.","closeout","0","0","0","1","feed_molar","0","0","1","1","35","106.5"
"V091","I-III-VI (V-series)","NR-V091-04","V091-S25","NTR-V091-04","literature_structured","AgInS2/ZnS","aqueous","0","0","100","10","579","","solution","V091-S25 ZAIS-8 fr1 composition champion per SI Table S4 N=1. Core AIS-8 (Ag/In=1:8) with ZnS shell via Zn-NH3-GSH complex 100C 10 min. E_PL 2.14 eV (PL 579 nm); FWHM derived from w_PL 345 meV; tau_PL 464 ns; kr 0.94e6 knr 1.21e6 s-1; PLQY 44 percent. ZnS shelling boosts QY from AIS-8 29 to ZAIS-8 44 percent (1.5x). Multi-composition champion commitment: one of 6 NRs per Option C approval; ZAIS-8 family champion.","closeout","1","0","0","1","feed_molar","0","0","1","1","44","93.4"
"V091","I-III-VI (V-series)","NR-V091-05","V091-S24","NTR-V091-05","literature_structured","AgInS2/ZnS","aqueous","0","0","100","10","585","","solution","V091-S24 ZAIS-4 fr7 composition champion AND OVERALL PAPER CHAMPION per SI Table S5 N=7. Core AIS-4 (Ag/In=1:4) with ZnS shell via Zn-NH3-GSH complex 100C 10 min. E_PL 2.12 eV (PL 585 nm); FWHM derived from w_PL 330 meV; tau_PL 426 ns; kr 1.32e6 knr 1.03e6 s-1; PLQY 56 percent (HIGHEST across all 75 tabulated fractions in paper). ZnS shelling boosts QY from AIS-4 35 to ZAIS-4 56 percent (1.6x). Multi-composition champion commitment: one of 6 NRs per Option C approval; also paper overall QY champion.","closeout","1","0","0","1","feed_molar","0","0","1","1","56","91"
"V091","I-III-VI (V-series)","NR-V091-06","V091-S23","NTR-V091-06","literature_structured","AgInS2/ZnS","aqueous","0","0","100","10","588","","solution","V091-S23 ZAIS-3 fr8 composition champion per SI Table S6 N=8. Core AIS-3 (Ag/In=1:3) with ZnS shell via Zn-NH3-GSH complex 100C 10 min. E_PL 2.11 eV (PL 588 nm); FWHM derived from w_PL 350 meV; tau_PL 433 ns; kr 1.11e6 knr 1.20e6 s-1; PLQY 48 percent. ZnS shelling boosts QY from AIS-3 35 to ZAIS-3 48 percent (1.4x). Multi-composition champion commitment: one of 6 NRs per Option C approval; ZAIS-3 family champion.","closeout","1","0","0","1","feed_molar","0","0","1","1","48","97.5"
"V065","I-III-VI (V-series)","NR-V065-01","V065-S05","NTR-V065-01","literature_structured","Mn:CZIS/ZnS","hot_injection","0","0","230","15","605","","solution","V065-S05 Mn:CZIS/ZnS at Mn/Zn=1/32 Cu/Zn optimized low (0.0125 mmol Cu). APPROVED REPRESENTATIVE per Option A Mn-axis decision. QY 33 percent (Table 2 Mn variation maximum); PL 605 nm Mn2+ d-d emission; tau_avg 3.18 ms (bi-exponential). FWHM unknown caution. Size 3-5 nm. Nucleation doping hot injection: 140C precursor vacuum + 210C N2 + S/Mn injection + 230C ZnS shell with Zn(Ac)2 + DDT. OA/DDT/ODE ligand system. Biotin-avidin time-gated fluorescence sensing application. INC-018=1 new Mn-doped CZIS/ZnS system_tag distinct from V062 Mn-doped CIS-ZnS. Cu axis alternative (V065-S04 Cu/Zn=1/8 22.37 percent tau 1.88 ms) rejected per Option A.","closeout","1","0","0","1","feed_molar","0","0","1","1","33",""
"V067","I-III-VI (V-series)","NR-V067-01","V067-S05","NTR-V067-01","literature_structured","AgZnInS","thiacetamide","0","0","180","30","721","","solution","V067-S05 AZIS D-1 thiacetamide-route champion. APPROVED REPRESENTATIVE per Option A Method D decision. QY 73 percent (Table extended Method 2 D-1 champion); PL 721 nm NIR range; FWHM unknown caution. NEW ROUTE LABEL 'thiacetamide' APPROVED this session as human lock for first thiacetamide-based AZIS synthesis in pipeline. System_tag AZIS (AgZnInS). INC-018=1 new route label thiacetamide. Thiacetamide sulfur source has slower decomposition than DDT allowing finer nucleation control. 14 percentage point QY advantage over DDT-based A-4 champion (rejected alternative 59 percent). 11-MPA post-synthesis ligand exchange for water solubility. Method A DDT route A-4 59 percent rejected per Option A selection. RSC main_only paper.","closeout","0","0","0","1","feed_molar","0","0","1","1","73",""
"V071","I-III-VI (V-series)","NR-V071-01","V071-S02","NTR-V071-01","literature_structured","Mn:AgZnInS/ZnS","heating_up","0","0","210","60","590","530","solution","V071-S02 Mn:AZIS/ZnS at 0.5 percent Mn (Mn band representative per V057-style single-NR handling). APPROVED REPRESENTATIVE per Option A V057 precedent. PL 590 nm Mn2+ d-d emission (committed band); host band 530 nm context only NOT a second NR. PLQY ~20 percent (Mn band dominated Table 1 normalized intensity 1.0 at 0.5 percent Mn); host 0.43 normalized (reduced from 1.0 in undoped AZIS/ZnS 50.3 percent). FWHM unknown caution. Size 3.16 nm TEM smaller than undoped 3.73 nm indicating Mn incorporation affects crystallization. Heating up method 180C 60 min core + 210C alloy formation + ZnS shell. WLED2 device CCT 6512K CRI 89 best WLED performance. INC-018=2 new Mn:AgZnInS/ZnS system_tag plus Mn-doping vocabulary (similar to V057). Undoped AZIS/ZnS 50.3 percent (rejected alternative per V057-style Mn dual-emission approach).","closeout","1","0","0","1","feed_molar","0","0","1","1","20",""
"V074","I-III-VI (V-series)","NR-V074-01","V074-S02","NTR-V074-01","literature_figure_primary","AgZnInS","aqueous_reflux","0","0","100","120","","","solution","V074-S02 ZAIS aqueous-reflux highest-QY composition In:Zn=1.0:0.2. APPROVED REPRESENTATIVE per Option A highest-QY. QY 28.7 percent (initial max from 8.2-28.7 percent range); PL tunable green-to-red (not exact numeric per composition). FWHM greater than 100 nm qualitative upper-bound (caution flag; exact numeric not available per AIP main_only paper). Size 6.8 nm broad distribution (Fig 2b). Bi-exponential decay tau1 573 ns tau2 237 ns avg ~366 ns; long-lived midgap-involved emission. Long-time stability 20.3 percent QY retained after 26 months (uniquely valuable stability data point). Aqueous reflux 100C 120 min; ZnSO4 0.8 g + NAC 0.8 g ligand + TSC 125 mg citrate co-ligand + AgNO3 + In source; Na2S sulfide; pH 7.6 with NaOH. NAC (N-acetylcysteine) ligand system. Orthorhombic quaternary ZAIS (interplanar 0.369 nm). No shell (bare ZAIS). INC-018=1 new aqueous_reflux route variant for AZIS family. FWHM unknown allowed per Option A approval.","closeout","0","0","0","1","feed_molar","0","0","1","2","28.7",""
"V090","I-III-VI (V-series)","NR-V090-01","V090-S05","NTR-V090-01","literature_structured","AgIn5S8/ZnS","hot_injection","0","0","180","10","565","","solution","V090-S05 c-AgIn5S8/ZnS solid solution champion. APPROVED REPRESENTATIVE per Option A cubic phase with ZnS. QY 61.3 percent (abstract + text; first report of efficient AgIn5S8 phase with ZnS shelling); PL 565 nm midpoint of 552-587 nm tunable range via [In]/[Ag] ratio x=1-6. FWHM unknown caution. Size ~5 nm TEM. Bandgap ~2.3 eV. NEW SYSTEM_TAG 'AgIn5S8' APPROVED this session (distinct from AgInS2 stoichiometry - cubic spinel-chalcopyrite hybrid structure). Hot injection method: AgNO3 + InCl3 + elemental S in oleylamine at 160C for cubic phase cores + ZnCl2 at 180C 20 min for solid solution formation. OA + OLA ligand system. LED device luminous efficacy 53 lm/W CRI 74 CCT 3700K at 60 mA. Alternative native phases rejected: o-AgInS2 1.6 percent (V090-S01), t-AgInS2 3.3 percent (V090-S02), bare c-AgIn5S8 18.8 percent (V090-S03) - all lower QY than 61.3 percent ZnS solid solution. INC-018=2 new system_tag AgIn5S8 plus new shell architecture AgIn5S8/ZnS solid solution. [HALLUC-PATCH: time 20→10. Paper experimental: 'thermal treatment for 10 min'.]","closeout","1","0","0","1","feed_molar","0","0","1","1","61.3",""
"V073","I-III-VI (V-series)","NR-V073-01","V073-S01","NTR-V073-01","literature_structured","AgZnInS","hot_injection","0","0","180","30","","","solution","V073-S01 AIZS 361 composition champion per locked Option B (3-NR multi-composition commitment within one paper, same general family as V091; NOT dual-NR; NOT V029 precedent). Precursor Ag:In:Zn=3:6:1 (0.3/0.6/0.1 mmol AgNO3/InCl3/Zn(OAc)2); XPS synthesized Ag 33.8 percent, In 57.0 percent, Zn 9.2 percent cation basis (Table 1 Main and Table S1); TEM 4.3 plus minus 0.8 nm N=80 (Fig 1A and Fig S1A); absorption onset about 750 nm (longest among 3 compositions); tau_avg 247.4 ns at 600 nm TCSPC monitor (Table S7; wavelength-dependent biexponential DAP emission); PCE 1.56 plus minus 0.02 percent averaged 3 cells (Table 3 Main and Table S12); J_sc 6.26 plus minus 0.17 mA per cm2; V_oc 0.408 plus minus 0.001 V; FF 0.61 plus minus 0.01 per SI Table S12 per-cell (0.59/0.62/0.62); main Table 3 shows FF 0.57 plus minus 0.02 minor discrepancy (SI per-cell authoritative); electron transfer rate to TiO2 about 5e11 per s (shared across 3 compositions from TA; Main Results); hot_injection reuses existing route vocabulary; system_tag AgZnInS reuses V067/V074 existing vocabulary for alloyed I-III-VI with Zn (INC-018=0, no new vocabulary). PL peak NOT numerically reported in main or SI tables (only Fig 2B spectra, excitation 450 nm); PLQY NOT reported anywhere in paper (photophysics+photovoltaics focus not QY optimization); FWHM NOT reported. Kobosko Kamat Notre Dame JPCC 2018 122:14336. caution_count=3 (PL peak unknown + QY unknown + FWHM unknown).","closeout","0","0","0","1","feed_molar_and_XPS","0","0","1","3","",""
"V073","I-III-VI (V-series)","NR-V073-02","V073-S02","NTR-V073-02","literature_structured","AgZnInS","hot_injection","0","0","180","30","","","solution","V073-S02 AIZS 262 composition champion AND paper highest-PCE champion per locked Option B (3-NR multi-composition commitment within one paper, same general family as V091; NOT dual-NR; NOT V029 precedent). Precursor Ag:In:Zn=2:6:2 (0.2/0.6/0.2 mmol); XPS synthesized Ag 22.9 percent, In 62.5 percent, Zn 14.6 percent cation basis (Table 1 Main and Table S3); TEM 3.7 plus minus 0.7 nm N=80 (Fig 1B and Fig S1B); absorption onset about 725 nm; tau_avg 309.0 ns at 600 nm TCSPC monitor longest among 3 compositions (Table S8); PCE 1.83 plus minus 0.15 percent HIGHEST in paper 3 cells averaged (1.77/2.03/1.68; Table 3 Main and Table S12); J_sc 6.78 plus minus 0.42 mA per cm2 highest; V_oc 0.471 plus minus 0.01 V; FF 0.57 plus minus 0.02; TA on TiO2 at 482 nm bleach recovery tau1=5.0 ps (40 percent) tau2=3425.8 ps (60 percent) showing efficient electron transfer (Table S10); electron transfer rate to TiO2 about 5e11 per s; IPCE wide spectrum up to 725 nm showing the broadest visible absorption among 3 compositions; AIZS 262 is paper's recommended champion for photovoltaics; hot_injection reuses existing route; system_tag AgZnInS reuses V067/V074 vocabulary (INC-018=0). PL peak NOT numerically reported; PLQY NOT reported; FWHM NOT reported. Kobosko Kamat Notre Dame JPCC 2018 122:14336. caution_count=3.","closeout","0","0","0","1","feed_molar_and_XPS","0","0","1","3","",""
"V073","I-III-VI (V-series)","NR-V073-03","V073-S03","NTR-V073-03","literature_structured","AgZnInS","hot_injection","0","0","180","30","","","solution","V073-S03 AIZS 163 composition champion per locked Option B (3-NR multi-composition commitment within one paper, same general family as V091; NOT dual-NR; NOT V029 precedent). Most Zn-rich most blue-shifted. Precursor Ag:In:Zn=1:6:3 (0.1/0.6/0.3 mmol); XPS synthesized Ag 14.3 percent, In 62.8 percent, Zn 22.9 percent cation basis (Table 1 Main and Table S5); TEM 4.0 plus minus 0.8 nm N=80 (Fig 1C and Fig S1C); absorption onset about 650 nm shortest among 3 compositions (Zn alloying blue-shifts bandgap); tau_avg 299.0 ns at 600 nm TCSPC monitor (Table S9); PCE 0.86 plus minus 0.11 percent LOWEST in paper 3 cells averaged (0.77/1.01/0.80; Table 3 Main and Table S12); J_sc 3.11 plus minus 0.29 mA per cm2 lowest (reduced visible absorption); V_oc 0.488 plus minus 0.01 V highest V_oc (consistent with Zn-induced blue-shifted Eg); FF 0.57 plus minus 0.02; TA on TiO2 at 440 nm bleach recovery tau1=9.3 ps (24 percent) tau2=961.8 ps (76 percent; Table S11); electron transfer rate to TiO2 about 5e11 per s. IPCE onset at 650 nm (shortest cutoff). hot_injection reuses existing route; system_tag AgZnInS reuses V067/V074 vocabulary (INC-018=0). PL peak NOT numerically reported; PLQY NOT reported; FWHM NOT reported. Kobosko Kamat Notre Dame JPCC 2018 122:14336. caution_count=3.","closeout","0","0","0","1","feed_molar_and_XPS","0","0","1","3","",""
"V111","I-III-VI (V-series)","NR-V111-01","V111-S06","NTR-V111-01","literature_structured","AgInGaS2","hot_injection","0","0","300","30","525","","solution","V111-S06 = AIGS one-pot 300C 30 min baseline Ga-rich representative per wave 3 green bundle 1 closeout. system_tag=AgInGaS2 route=hot_injection (reuse existing vocabulary INC-018=0). Swift S precursor injection (1.92 mmol S in OAm+DDT) into 80C preheated Ag/In/Ga/OAm mixture (0.12 mmol AgNO3 + 0.24 mmol InCl3 + 1.20 mmol Ga(acac)3 in 20 mL OAm) then heated to 300C maintain 30 min. ICP cation composition Ag/In/Ga = 25.2/25.3/49.4 at percent (Table S3). TEM size 4.8 plus minus 0.5 nm (Figure S6d). PL spectrum narrow green ~525 nm FWHM 33 nm explicit text (Figure 1a; abstract: 'Ga-rich AIGS NCs exhibited a narrow photoluminescence emission with a full width at half maximum of 29 nm' describes the +GaCl3 variant; baseline one-pot 30 min has FWHM 33 nm per Figure 1a comparison). TR-PL triexponential fit tau1=16.1 ns alpha1=13.5 percent tau2=71.8 ns alpha2=48.4 percent tau3=326.1 ns alpha3=38.0 percent tau_avg=161.1 ns (Table S2 AIGS-30min). fs-TA Ga-rich variant (50 min) shows band-edge bleach at 474 nm + intragap bleach at 508 nm assigned to V_Ag defects (Figure 3b). XRD tetragonal AIGS intermediate between AgInS2 PDF75-0117 and AgGaS2 PDF75-0114 (Figure 1c); HRTEM d_112 spacing 3.30 A (Figure S1). QLED device ITO/PEDOT:PSS/PTAA/AIGS/TmPPPyTz/PO-T2T/LiF/Al: EL FWHM less than 30 nm (record for AIGS), EQE_max 1.2 percent (average 1.0 plus minus 0.2 percent Table S8), CE_max 4.5 Cd/A, L_max 1095.3 cd/m2 at 6.6 V, turn-on 4.2 V (Figure 5). PL peak not committed numerically as final (figure estimate 525 nm held in notes only per V014 lesson). PLQY not reported for baseline AIGS-30min (64 percent reported only for +GaCl3 post-injection variant). Residual DAP recombination contribution alpha3=38 percent at 30 min indicates narrow FTB emission is not yet fully dominant without further Ga enrichment; this is a honest uncertainty preserved in caution. caution_count=2 (PLQY unknown for baseline + residual DAP contribution at 30 min). Xie Liu Zhang Yang Niu Lin Bian Lu Zhang Tang ACS Nano 2026 20 2812-2820 DOI 10.1021/acsnano.5c17528. Wave 3 green-first closeout bundle 1.","closeout","0","0","0","1","ICP_at_percent_and_feed_molar","1","0","1","3","","33"
"V113","I-III-VI (V-series)","NR-V113-01","V113-S02","NTR-V113-01","literature_structured","AgInGaS2/GaSx","hot_injection","0","0","280","30","535","","solution","V113-S02 = LR-AIGS/GS DSA ligand-reshaped champion representative per wave 3 green bundle 1 closeout. system_tag=AgInGaS2/GaSx (core/shell existing vocab) route=hot_injection (reuse existing vocab). INC-018=1 NEW LIGAND VOCABULARY: dimercaptosuccinic acid (DSA) polyfunctional dithiol-dicarboxylate ligand for I-III-VI AIGS surface anchoring via S-Ga (thiol) and COO-Ga (carboxyl) coordination (Figure 1a-g). Two-step hot injection: Step I AIGS core In(DDTC)3 0.1 mmol + Ga(DDTC)3 0.6 mmol + OAm 20 mL vacuum 100C 20 min N2 to 200C swift Ag(OAc) 0.1 mmol injection maintain 200C 30 min; Step II GaSx shell Ga(acac)3 0.3 mmol + 1,3-dimethylthiourea DMTU 0.3 mmol in OAm 20 mL + AIGS core injection heat to 280C at 2 C/min maintain 30 min + GaCl3/OAm 3 mL 0.2 M injection additional 30 min. DSA ligand reshape via two-round purification each with 10 mg DSA stirred at RT under N2. PL peak 535 nm green (text + Figure 6c); FWHM 31 nm (from control 37 nm) (abstract + Figure 3b + Figure 6c); PLQY 89 percent (from control 30 percent) (abstract + Figure 3a + Fig S8). TR-PL LR QDs tau1 18.9 ns alpha1 17.5 percent tau2 67.5 ns alpha2 65.2 percent tau3 273.8 ns alpha3 17.3 percent tau_avg 94.6 ns (Table S2) - DAP alpha3 reduced from 25.8 to 17.3 percent. TEM 5.49 nm (Figure 2c); HRTEM d_112 spacing 0.318 nm (Figure 2d). XRD alloyed AIGS/GS tetragonal AgInS2 PDF23-1330 + AgGaS2 PDF65-0351 (Figure 2j). ICP-MS atomic ratio Ag:In:Ga:S = 1:0.26:0.69:1.73 from raw Ag 2.6 In 0.7 Ga 1.8 S 4.5 (Table S1). Urbach energy Eu 60 meV (from control 77 meV) (Figure 3d); electron trap density 1.33e19 cm-3 (from control 1.86e19); dielectric constant 9.3. XPS S 2p sulfide 162.6 eV + thiol 161.8 eV evidence of DSA thiol anchoring (Figure 1g); FTIR C=O shift 1681 to 1612 cm-1 indicates carboxylate coordinating Ga (Figure 1e). QLED ITO/PEDOT:PSS/PTAA/LR QDs/TPBi/LiF/Al: EL peak 531 nm FWHM 31 nm, EQE_max 8.4 percent RECORD FOR AIGS SYSTEM (from control 4.3 percent), L_max 1219 cd/m2 (from 684), turn-on 2.0 V (from 2.8), T50 5 h at 100 cd/m2 (from 1 h) (Figure 6 + Table S4). Table S4 comparison confirms 8.4 percent EQE is highest reported for AIGS QLED system. caution_count=1 (ICP composition reported as Ag-normalized atomic ratio not as atomic percent; conversion sum gives Ag/(In+Ga+S)=1:0.95:1.73 equivalently). Xu Zhao Wang Yao Wang Wu Song Nano-Micro Letters 2026 18:242 DOI 10.1007/s40820-026-02086-y. Wave 3 green-first closeout bundle 1.","closeout","1","1","0","1","ICP_relative_and_feed_molar","1","0","1","1","89","31"
"V115","I-III-VI (V-series)","NR-V115-01","V115-S02","NTR-V115-01","literature_structured","AgInGaS2","heating_up","0","0","280","30","595","","solution","V115-S02 = NE-QDs In:Ga feed 4:1 uniform alloyed AIGS 280C 30 min narrow champion representative per wave 3 green bundle 1 closeout. system_tag=AgInGaS2 (no-shell alloyed uniform structure explicitly ruled out core-shell via HAADF + EDX + FFT analyses Figure 1c-h Fig S5 Fig S7 XPS depth profiling Table S1) route=heating_up (dominant defect self-compensation step is the 150 to 280C thermal ramp + 30 min hold) INC-018=0 reuse existing vocab. Heating-up procedure: Ag(Ac) 0.1 mmol + InI3 0.2 mmol + Ga(acac)3 0.05 mmol + OAm 3.5 mL + 1-ODE 6.25 mL + 1-DDT 1 mL heated to 50C vacuum 60-120 min under N2; temperature adjusted to 150C; 1.25 mL S precursor (0.64 mmol/mL) rapidly injected; maintained 150C 10-20 min to form broad-emitting BE-QDs intermediate (PL 611 nm FWHM 107 nm Eu 0.257 eV); temperature incrementally increased to 280C within 10-15 min; maintained 280C 30 min = NE-QDs formation via defect self-compensation Ag_interstitial migrating to compensate V_Ag. Paper-explicit champion per abstract: 'a typical 595 nm-emission QD demonstrated a representative fwhm of 30 nm and a PLQY of 95.9 percent'. PL peak 595 nm FWHM 30 nm PLQY 95.9 percent from Figure 5b In:Ga=4:1 sample. Record narrowest FWHM for AIGS alloyed QDs per Table S5 historical comparison (30 nm vs prior 32-48 nm for AIGS heat-up/hot-injection/seed-mediated). TR-PL triexponential tau1 17.30 ns tau2 120.15 ns tau3 647.13 ns tau_avg 322.81 ns (Table S6 In:Ga=4:1). Eg 2.09 eV (Figure S13a for 4:1). Urbach energy Eu 0.046 eV at 280C-30 min (5x reduction from BE-QDs 0.257 eV) confirming defect density reduction (Figure S9b-g). XPS Ag 3d5/2 single peak at 367.88 eV Ag+ (Agi defects peaks 368.39/368.08 eV disappear in NE-QDs vs BE-QDs) evidencing Agi defect reduction (Figure 3c). QLED device ITO/PEDOT:PSS/PTAA/NE-QDs/TPBi/LiF/Al for In:Ga=4:1 variant: EL peak 595 nm FWHM 33 nm EQE_max 0.12 percent L_max 19 cd/m2 turn-on 3.2 V (Figure 5e + Fig S16); green 4:4 variant achieves EQE 0.60 percent EL 535/35 nm (Figure 5d); narrow EL FWHM less than 40 nm validates high color purity per Rec. 2020 display standards. Shell boundary: no shell; uniform alloyed AIGS structure (shell_present_flag=0 shell_presence_ambiguity_flag=0). caution_count=2 (TEM size for 4:1 variant not separately reported only bulk NE-QDs 4:4 baseline 7.53 nm; ICP-MS atomic percent Table S3 represents ensemble not per In:Ga variant - Ag 27.30 In 33.36 Ga 39.34 is likely dominated by main 4:4 sample not the 4:1 variant). Yan Chen Zhang Luo Dong Zou Zeng ACS Energy Letters 2025 10 3755-3762 DOI 10.1021/acsenergylett.5c01454. Wave 3 green-first closeout bundle 1.","closeout","0","0","0","1","feed_molar_and_ICP_at_percent","1","0","1","2","95.9","30"
"V114","I-III-VI (V-series)","NR-V114-01","V114-S02","NTR-V114-01","literature_structured","AgInGaS2/GaSx","hot_injection","0","0","280","5","","","solution","V114-S02 core #2/GaSx Ag(OAc)+InI3+GaI3+GaSx shell starter-locked representative per wave3 green bundle2 closeout. System_tag=AgInGaS2/GaSx (core at 280C 5 min with 0.3/0.3/0.6 mmol Ag(OAc)/InI3/GaI3 feed + in-situ TOP 180C + GaSx shell at 240C 2 h via GaCl3 2.8 mmol+S-OLA 1.6 mmol in OLA 8 mL + DDT/TOP posttreat 200C 20 min). Route=hot_injection (swift 1.6 mL 1 M S-OLA + OTT 1.6 mL injection into pre-degassed metal halide + OLA/ODE 120C followed by core growth ramp to 280C). INC-018=0 reuse existing vocab (AgInGaS2/GaSx, hot_injection, OAm/OTT/DDT/TOP all existing). PLQY=91 percent explicit Fig 1b inset for core #2/GaSx band-edge predominant emission. PL_peak_nm_final and FWHM and TEM size kept blank per V014 lesson because paper does NOT textually quantify these for core #2 specifically (only for Fig 3 GaX3 series). Paper's Fig 3 all-iodide headline champion (V114-S07 in our enumeration) uses AgI+InI3+GaI3/GaSx and has PL 535 nm FWHM 35 nm PLQY 95 percent TEM 6.2 nm tau_avg 103 ns - scientifically distinct from starter-locked core #2/GaSx 91 percent even though both use GaI3 as Ga source; core #2 uses Ag(OAc) while headline champion uses AgI. Core #1 all-nonhalide exhibits defect-only PL; core #2 Ag(OAc)+InI3+GaI3 band-edge predominant 91 percent; core #3 AgI+In(OAc)3+GaI3 84 percent; core #4 AgI+InI3+Ga(acac)3 65 percent residual defect (because 0.6 mmol Ga acetylacetonate outnumbers 0.3+0.3 mmol iodide sources depriving iodine for surface passivation). Fig 3 GaX3 series (AgI+InI3+GaX3 fixed): GaI3 core 5.4 nm PL 536 25 percent -> shell PL 535 FWHM 35 95 percent tau 103 ns; GaBr3 core 6.2 nm 18 percent -> shell 7.3 nm 76 percent tau 134 ns; GaCl3 core 7.8 nm PL 560 9 percent -> shell PL 554 FWHM 37 63 percent tau 182 ns. Composition (ICP): GaI3 core In/Ga 0.83 (bulk) vs XPS 0.38 (surface) Ga-rich radial inhomogeneity; GaCl3 core In/Ga 1.67 vs XPS 1.03 Ga-less. HSAB rationale: hard Ga3+ binds I- less strongly than Cl- so GaCl3 is less reactive producing Ga-less cores; larger halide (iodide) also provides better surface shielding and size homogeneity. Ternary AIS/GaSx with InX3 validation: InI3 609 nm 55 percent -> InBr3 620 nm 42 percent -> InCl3 632 nm 27 percent consistent trend. Characterization: UV-vis Shimadzu UV-2450, PLQY Otsuka QE-2000 integrating hemisphere, HR-TEM JEOL JEM-ARM200F NEOARM, XRD Rigaku Ultima IV Cu Ka, XPS Thermo K-Alpha, ICP-OES PerkinElmer Optima 8300, TCSPC Edinburgh FS5. Stability: AIGS/GaSx GaI3 >90 percent at RT 48h ~75 percent at 85C 48h (Fig S11). CCE 16.7-24.5 percent on blue LED PDMS plates (Fig S12). caution_count=3 (PL_peak_nm_final blank per V014 + FWHM blank per V014 + TEM size not measured for core #2 specifically). Yuri Kim Hyo-Jin Yeo et al Heesun Yang Hongik University Chem Eng J 514 (2025) 163270 DOI 10.1016/j.cej.2025.163270. Wave 3 green bundle 2 green rebalance closeout.","closeout","1","0","0","1","feed_molar_fixed_0.3_0.3_0.6","1","0","1","3","91",""
"V116","I-III-VI (V-series)","NR-V116-01","V116-S03","NTR-V116-01","literature_structured","AgInGaS2","heating_up","0","0","280","15","564","","solution","V116-S03 = Fig 1a AIGS Ag/In=1:1 seed + Ga3+ cation exchange at 280C 15 min WITHOUT DDT narrow-band champion per starter lock (starter '120 min' clerical-corrected to '15 min' because Fig 1a no-DDT experiment has time points 0/15/30 only; 564/42 numerics are text-explicit ONLY for 15 min Fig 1a). Seed-mediated growth protocol: AIS seed NCs first synthesized by dropwise DMTU (1.2 mmol in 5 mL OAm) injection into AgOAc (1.2 mmol) + In(OAc)3 (1.2 mmol) + OAm 22 mL + DDT 1.0 mL at 135C over 30 min then hold 135C 30 min; AIS seeds exhibit broad PL 740 nm FWHM>120 nm ICP Ag 38.7 In 61.3 percent purified in chloroform as 30 mg/mL stock. AIGS synthesis: 3 mL AIS seeds + Ga(acac)3 0.3 mmol + DMTU 0.3 mmol + OAm 8 mL + DDT 0 mL (NO DDT for Fig 1a champion) in 4-neck flask → degas 80C 30 min → heat to 280C N2 → hold 15 min alloying → cool → ethanol precipitation 3x → hexane. System_tag=AgInGaS2 (alloyed no shell; paper explicitly rules out core/shell via HAADF + EDS mapping + HRTEM lack of shell lattice fringes + etch XPS gradient alloy with Ga-rich surface). route=heating_up (80C→280C ramp with no swift injection at alloying T). INC-018=0 reuse existing vocab (AgInGaS2, heating_up, OAm/DDT/DMTU all existing). PL peak 564 nm FWHM 42 nm explicit Fig 1a text 'around 564 nm' + 'FWHM decreases to 42 nm'; residual broad-band luminescence at 700 nm coexists (α3=56.2 percent DAP recombination Table S1) = +1 caution. Size 4.8 plus minus 1.2 nm Fig S1c histogram numeric. ICP Ga 88.5 Ag 3.4 In 8.1 percent (Table S2 '15 min' column). TR-PL triexponential tau1 10.9 ns alpha1 4.1 percent tau2 46.4 ns alpha2 39.7 percent tau3 147.5 ns alpha3 56.2 percent tau_avg 101.7 ns Table S1. XRD tetragonal AgGaS2 phase PDF 27-0615 — KEY narrow-band-enabling t-AgGaS2 phase formed via partial Ga CE from initial t-AgInS2 PDF 25-1330; t-AgGaS2 phase transforms BACK to t-AgInS2 at 30 min explaining narrow-band intensity decrease with over-reaction. Narrow-band PL mechanism: radiative recombination from CB bottom to V_Ag (silver vacancy) deep trap states verified by (i) TR-PL τ2 component intensity tracking narrow-band relative intensity and (ii) TA spectra showing GSB at 527 nm (CB edge electrons) + SE at 565 nm (near-PL peak); Ga3+ alloying eliminates fast surface defect S-states and shallow donor states enabling concentrated radiative channel CB→V_Ag. Seed-mediated CE mechanism: Ga3+ initially accumulates on AIS seed surface (amorphous layer at 250C with 91 percent Ga already by ICP but t-AgInS2 XRD phase retained) then diffuses inward intensifying CE reaction; DDT in Fig 2/Fig 4 separate sample (V116-S05 Ag/In=1 DDT 0.2 mL 120 min) regulates Ga CE rate via HSAB (S-H soft base slows Ga3+ hard acid) achieving stable narrow-band state (tau2 42.1 percent up from 32.2 percent Table S3) and gradient alloy Ga-rich surface 77.8 percent Step 0 to bulk 68.7 percent Step 3 Table S6. Ag/In feeding ratio modulation (Fig 3 non-committed contrast): Ag/In=1:4 → 5.7 nm AIGS FWHM>55 nm PL~564 nm Ga 78.9 percent; Ag/In=2:1 → 3.5 nm AIGS FWHM<40 nm PL~544 nm Eg 2.44 eV Ga 88.5 percent = V116-S11 PAPER HEADLINE narrowest FWHM sample DISTINCT from V116-S03 Ag/In=1:1 starter rep; lower actual Ag/In in seeds (0.88→0.42) generates more V_Ag and concentrates narrow-band radiative channel. Large-size variant (V116-S14 ~8 nm AIGS from sulfur powder) PL 586 nm FWHM 38 nm orthorhombic AgInS2 — shows size controls PL position. PLQY NOT REPORTED in V116 paper (entire 9-page communication + 10-page SI does not state any PLQY value) → +1 caution. caution_count=2 (PLQY not reported + residual broad-band DAP α3=56.2 percent coexisting with narrow-band). Lin Wang Xie Wang Feng Xiao Zhang Tang Beijing Jiaotong University Nanoscale 2024 16 4591-4599 DOI 10.1039/d3nr06037c. Wave 3 green-yellow rebalance single-paper closeout continuation after V114.","closeout","0","0","0","1","feed_molar_and_ICP_atomic_percent","1","1","1","2","","42"
"V117","I-III-VI (V-series)","NR-V117-01","V117-S06","NTR-V117-01","literature_structured","CuGaS2/ZnGa2O4","hot_injection","0","0","290","20","475","","solution","V117-S06 = CGS QDs with Zn(St)2 zinc stock at 290C nucleation 20 min (Fig 3 Zn source comparison sample) starter-locked REP. Paper-level finding: first narrow-bandwidth Cu-based I-III-VI QD reported in literature — blue-emitting CuGaS2 at 475 nm FWHM 29 nm via hot-injection. Hot-injection protocol: CuCl 0.05 mmol + GaCl3 2 mmol + S powder 2.5 mmol + ODE 6 mL + DDT 2.5 mL + OLA 8 mL + OA 0.6 mL in 3-neck flask → degas 120C 35 min → heat to 290C in 8 min → nucleation hold 20 min (THE KEY narrow-band forming step) → Zn stock (Zn(St)2 6 mmol + ODE 6 mL + DDT 3 mL + OLA 1.6 mL + OA 0.6 mL preheated to 150C) swift-injected → 230C 15 min coating stage 1 → 250C 60 min coating stage 2 → cool RT → isopropanol precipitate 8000 rpm 3 min → hexane/ethanol wash 3x. STARTER PLQY MECHANICAL CORRECTION: starter said 32 percent but Fig 3b explicit shows Zn(OAc)2 32 percent vs Zn(St)2 40 percent vs Zn(Acac)2 13 percent; Zn(St)2 is the ENHANCED PLQY source (text: 'the use of Zn(St)2 leads to an enhanced PLQY due to stronger coordination ability of stearate'); committed PLQY=40 percent to match actual Zn(St)2 Fig 3b value preserving user-locked Zn(St)2 source and 475/29 axis. system_tag=CuGaS2/ZnGa2O4 reflecting XRD co-phase (CuGaS2 PDF 82-1531 + ZnGa2O4 PDF 86-0409 + ZnS PDF 05-0566 all detected) and HRTEM lattice fringes (d(111)=3.12 Angstrom CuGaS2 + d(110)=2.94 Angstrom ZnGa2O4 observed for 290C sample). INC-018=1 new_system_tag: V117 is the FIRST Cu-based I-III-VI entry in the v1 literature spine (all prior V0XX entries are Ag-based AIGS/AgGaS2 variants); CuGaS2/ZnGa2O4 is new vocabulary variant with ZnGa2O4 gallate co-phase. FIRST blue-side rebalance entry in spine: 475 nm blue falls in 450-500 nm bin (prior I-III-VI NRs in green/yellow 500-650 nm); this is the first CGS blue entry. Nucleation T threshold ~260C: below 260C broad 88 nm defect emission dominates; above 260C narrow 475 nm emerges and becomes dominant by 290C (FWHM 88→88→88→57→38→29 nm for 240→250→260→270→280→290C series Fig 1b). PLQY rising monotonically 23→26→27→27→28→32 percent for 240→250→260→270→280→290C Zn(OAc)2 series. Paper explicitly rules out ZnGa2O4 as narrow-band origin: (1) Zn(Acac)2 sample at 290C has NO ZnGa2O4 XRD peak but still shows 475 nm peak (though broader 39 nm FWHM due to Zn(Acac)2 inferior reactivity); (2) ZnGa2O4-without-Cu control (Fig S9 no CuCl or no S) has NO PL signal despite XRD confirming ZnGa2O4 synthesis; (3) Zn(St)2 sample has LESS ZnGa2O4 than Zn(OAc)2 but same 29 nm FWHM and HIGHER 40 percent PLQY — these comparative experiments prove narrow emission is NOT from ZnGa2O4 but from CuGaS2 core. Narrow-band mechanism: CB bottom to V_Cu (Cu vacancy) recombination verified by femtosecond transient absorption fs-TA — sample 290 shows SHORTEST tau2 (31.10 ps) among 240/260/290 series (Table S4) consistent with faster more direct band-to-hole recombination; absence of sub-bandgap energy levels at 290C results in shortest fs-TA decay; narrow-band channel similar to AGZS narrow-band (Xie et al 2022 JPCL reference 16) attributed to +1 cation vacancies. Broad 495 nm peak in low-T samples (240/250) originates from Zn2+ diffusion into CGS cores confirmed by 0.2 mmol ZnCl2 control experiment (Fig S2) yielding matching 495 nm broad peak similar to low-T. ICP at 290C Zn(OAc)2 default variant: Cu 1.1 Ga 26.5 Zn 72.4 percent Ga/Zn 2.73 (Table S3); Zn(St)2 variant ICP NOT separately reported. TEM size for 290C Zn(OAc)2 CGS core 3.5 plus minus 0.70 nm (Fig S5f) and coated QDs 4.8 plus minus 0.83 nm (Fig S6f); Zn(St)2 variant TEM NOT separately reported. Shell/co-phase ambiguity: ZnGa2O4 is a co-phase distinct from strict epitaxial shell (HRTEM shows ZnGa2O4 lattice fringes alongside CuGaS2 not as enveloping shell); shell_presence_ambiguity_flag=1 reflects this. caution_count=3 (Zn(St)2 variant TEM size not reported + Zn(St)2 variant ICP not reported + shell/co-phase ambiguity). Niu Xie Chen Sun Li Wang Zhang Yang Tang Beijing Jiaotong University Adv Optical Materials 2024 12 2400762 DOI 10.1002/adom.202400762. Wave 3 single-paper V117 closeout continuation after V116 — FIRST BLUE-SIDE CGS rebalance entry in I-III-VI spine + FIRST Cu-based I-III-VI entry + new vocabulary CuGaS2/ZnGa2O4 system tag.","closeout","1","0","1","1","feed_molar_and_ICP_atomic_percent","1","0","1","3","40","29"
"V112","I-III-VI (V-series)","NR-V112-01","V112-S02","NTR-V112-01","literature_structured","AgInGaS2/AgGaS2/GaSx","hot_injection","0","0","270","120","513","","solution","V112-S02 = GREEN AIGS-AGS-GS dual-layer shell via multistep temperature control strategy (AIGS-GH gradual heating) — USER-DIRECTED GREEN REBALANCE CORRECTION from starter's V112-S01 RED anchor per explicit user memo 'V112 AIGS QLED green category / green rebalance purpose'. Paper: Li Yue Li Guo Li Gao Jiang Wu Science Advances 12 eaea0753 (2026) DOI 10.1126/sciadv.aea0753. Multistep GH strategy uses precise T control + slow ramping (4 C/min → 2 C/min → 1 C/min) to regulate nucleation + cation exchange + defect reconstruction across distinct timescales enabling uniform V_Ag distribution vs conventional rapid-heating AIGS-RH. Green synthesis protocol: (1) Ag-S-Ga(OA)2 intermediate stock prepared first: 1 mmol AgI + 5 mL OAm degas 50C 1 h → inject 2.5 mL DDT + 1 mL 0.5 M S-OAm → forms Ag2S NPs → add 4.5 mL 0.5 M Ga(OA)3 + 8 mL 0.5 M S-OAm → heat 210C 0.5 h → Ag-S-Ga(OA)2 stock formed. (2) Green core flask: 0.08 mmol In(ac)3 + 0.24 mmol HMy + 3.5 mL ODE + 15 mL OAm → degas 110C 1 h → N2 → heat 150C → SWIFT INJECTION of 4.5 mL Ag-S-Ga(OA)2 stock (this is THE hot-injection step defining route=hot_injection) → 150C 15 min hold → 4 C/min ramp to 210C → 210C 15 min hold (AIGS core formed). (3) AGS shell stage: 2 C/min ramp to 240C → 240C 1.5 h → continuous slow injection of mixture (1 mL Ag-S-Ga(OA)2 + 0.5 mL S-OAm + 0.1 mL 5 M GaCl3 ethanol) at 1.6 mL/h (AIGS-AGS single shell). (4) GS shell stage: 1 C/min ramp to 270C → 270C 2 h → continuous slow injection of mixture (1 mL Ga(OA)3 + 1.5 mL S-OAm + 0.1 mL GaCl3) at 2.5 mL/h (AIGS-AGS-GS dual-layer final — T/time committed for this stage). (5) Water-bath cooling → ethanol precipitation 2x → redispersion in toluene/hexane/octane. Green champion metrics text-explicit abstract: PL peak 513 nm FWHM 29 nm PLQY 98.5 percent narrowest FWHM reported for AIGS green to date (Fig 1G + Table S1 comparison with Lee et al 2023 30 nm / Kim et al 2024 33 nm / other references). Size 9.13 nm (Fig S5B mean radius TEM image). EDS atomic composition Ag 22 In 7 Ga 25 S 46 percent (Fig 1C) — Ga-rich outer shell dominant. XRD d(112) spacing progression AIGS-core 3.28 A → AIGS-AGS 3.23 A → AIGS-AGS-GS 3.20 A approaching AgGaS2 PDF 3.19 A (Fig 2A-B). fs-TA exciton dynamics: ground-state bleaching ~473 nm (AIGS-AGS) / ~480 nm (AIGS-AGS-GS) with triexponential decay dominated by free-to-bound mechanism; carrier lifetime decreases AIGS-core → AIGS-AGS → AIGS-AGS-GS consistent with progressive surface defect passivation (Fig 2C-D + Table S2). Ag K-edge EXAFS analysis: Ag-S coordination number 3.59 (vs ideal 4.0) in GH vs 3.66 in RH — confirms V_Ag present in both but GH slightly more Ag-deficient; Debye-Waller factor 0.0096 (GH) vs 0.0102 (RH) indicates reduced local disorder in GH; wavelet transform shows compact well-localized Ag-S (~2 A) + clear Ag-Ag (~3 A) lobe in GH vs diffuse in RH — direct evidence of more uniform V_Ag distribution in GH (Fig S2). XPS Ag 3d binding energy systematically shifts toward higher BE through AIGS-core → AIGS-AGS → AIGS-AGS-GS reflecting uniform V_Ag distribution + compositional evolution from In-rich to Ga-rich (Ga less metallic than In) (Fig 2F). Temperature-dependent PL 77-287 K shows negligible changes in peak/intensity — excellent optical stability (Fig 2G). Full RGB benchmark RGB champions (from same multistep GH + dual-layer strategy): R 631 nm FWHM 32 nm PLQY 92.6 percent size 11.43 nm EQE 13.2 percent luminance 30670 cd/m2 T95 1.50 h (V112-S01); G 513/29/98.5 9.13 nm EQE 8.0 percent 26450 cd/m2 T95 0.98 h (V112-S02 THIS REP); B 446 nm FWHM 21 nm PLQY 53.3 percent size 7.26 nm EQE 2.9 percent 3580 cd/m2 T95 0.52 h (V112-S03). Red core uses 0.5/1.5 mmol In(ac)3/HMy (6.25x green); blue core uses 0.01/0.03 mmol (lowest In for smallest 7.26 nm NCs). QLED device architecture ITO/PEDOT:PSS/PF8Cz/AIGS QDs/ZnMgO/Al. Interfacial confinement self-assembly + ligand exchange OAm→MPA (17.3 deg → 4.8 deg contact angle) enables 2032 PPI full-color external excited pattern. Starter numeric correction: starter listed 535/21/92 for green but paper actual values are 513/29/98.5 (text explicit abstract); starter numerics appear drawn from stale draft — replaced with paper-actual values (LOG-V112-003). Starter rep color correction: starter picked V112-S01 R variant but user memo explicitly directs V112 to green rebalance; rep switched to V112-S02 G variant (LOG-V112-002). INC-018=1 new_system_tag_variant per starter (AgInGaS2/AgGaS2/GaSx triple-layer variant — vocabulary components exist but this specific dual-layer AGS+GS variant is new in spine). Shell boundary unambiguous (explicit 2-step shell stages Fig S1 + XRD progression Fig 2A). caution_count=1 (multistep complexity: only the final GS stage T/time 270C 120 min is committed in the NR while the full multistep protocol spans 255 min total core+AGS+GS). Wave 3 V112+V118 dual-paper bundle closeout — V112 green rebalance continuation after V117 blue.","closeout","1","0","0","1","feed_molar_and_EDS_atomic_percent","1","1","1","1","98.5","29"
"V118","I-III-VI (V-series)","NR-V118-01","V118-S02","NTR-V118-01","literature_structured","CuGaS2/ZnS/Zr(iPrO)4","hot_injection","0","0","250","30","498","","solution","V118-S02 = G-CGS/ZnS/Zr(i-PrO)4 (solution form Table 1 row 2) USER-DIRECTED GREEN CGS CORRECTION from starter's R-CIS/ZnS/Zr(i-PrO)4 (V118-S02 was originally listed as red per starter, corrected to green per user memo 'V118 Zr(iPrO)4 passivation CGS+CIS / Cu-based green coverage extension purpose'). Starter's 95 percent PLQY axis PRESERVED exactly because G-CGS/ZnS/Zr(i-PrO)4 also has PLQY 95 percent in Table 1 — same numeric, different color variant. Paper: Ko Yoon Eo Lee Do Kookmin University Seoul Nanoscale Research Letters 17 106 (2022) DOI 10.1186/s11671-022-03741-0. Synthesis protocol (multi-step hot-injection per Fig 1b for green CGS): CGS precursor flask 0.25 mmol CuI + 0.75 mmol Ga(acac)3 + 1.0 mmol S powder + 5 mL OLA + 5 mL DDT → degas 140C → heat to 240C under N2 → CGS core growth at 240C → 3x sequential hot ZnS shell injections: injection 1 (4 mmol Zn(ac)2 in 4 mL ODE + 8 mL OA at 240C 30 min) → injection 2 (4 mmol Zn(ac)2 in 2 mL ODE + 2 mL DDT + 4 mL OA at 240C 30 min) → injection 3 (4 mmol zinc stearate in 4 mL ODE + 4 mL OA at 250C 2 h) → finally 1 mL Zr(i-PrO)4 zirconium isopropoxide injected at 250C 30 min for secondary interlayer passivation forming CGS/ZnS/Zr(i-PrO)4 complex decoration (THE key INC-018 new_interlayer_vocab step). Table 1 champion metrics: PL 498 nm FWHM 70 nm PLQY 95 percent CIE (0.229, 0.472) green region — slight PLQY benefit from Zr interlayer 93 to 95 percent vs pristine CGS/ZnS. Zr(i-PrO)4 layer is molecular surface complex NOT a crystalline epitaxial ZrO2 shell — paper explicitly states 'coated Zr(i-PrO)4 complexes cannot be transformed into thick ZrO2 overcoating via thermal decomposition even at high reaction temperature of 240-250 C'; XPS O 1s deconvolution shows Zr-O bond at 530.4 eV (Fig 3b) evidencing Zr(i-PrO)4 surface decoration; FT-IR Zr-O stretching 500 cm-1 band supports (Fig 4a). PLQY benefit source: Zr(i-PrO)4 mitigates ligand loss + atmospheric oxidation. Key stability evidence: (1) photostability 92 percent PLQY retention at 12 h UV 365 nm vs 19 percent pristine CGS/ZnS (Fig 5a); (2) thermal 150C 102 percent retention at 4 h vs 2 percent pristine (Fig 5c); (3) 85H/85T 50 h Al2O3 hybrid powder retains 38 percent PLQY vs 15 percent without Zr (Fig 9c). XRD shows CGS core (JCPDS 25-0279) + ZnS shell (JCPDS 77-2100) + slight peak shift after Zr(i-PrO)4 complexing suggesting surface reaction but no new bulk phase (Fig 2a); TEM shows Zr(iPrO)4 does not form thick ZrO2 overcoat (Fig 2d) staying as surface complex. Hybrid powder final product (V118-S06 CGS/ZnS/Zr(iPrO)4@Al2O3) for WLED has PL 506 nm FWHM 66 nm PLQY 53.7 percent (Table 2) — significant PLQY drop from solution 95 percent due to Al(sec-BuO)3 hydrolysis oxidation but still 5 percentage points HIGHER than CGS/ZnS@Al2O3 without Zr interlayer (48.7 percent) demonstrating Zr interlayer protects against Al2O3 hydrolysis degradation. Red CIS variants preserved as contrast trace rows: V118-S04 = R-CIS/ZnS/Zr(i-PrO)4 PL 578 nm FWHM 105 nm PLQY 95 percent (starter's original rep), V118-S08 = R-CIS/ZnS/Zr(iPrO)4@Al2O3 PL 611 nm FWHM 89 nm PLQY 43.6 percent. V118 is the FIRST CIS (CuInS2) reference in the v1 literature spine (via contrast samples V118-S03/S04/S07/S08). Cu-based family coverage extension: V117 introduced Cu-based I-III-VI (CuGaS2/ZnGa2O4 at 475 nm blue); V118 extends Cu-based family with (a) CuGaS2/ZnS variant new shell combination, (b) Zr(i-PrO)4 interlayer new vocabulary, (c) first CIS (CuInS2) contrast samples in spine raw layer. PL 498 nm falls in 450-500 nm bin (blue-green boundary) — same bin as V117 blue 475 nm. V112 committed in same session at 513 nm adds to 500-550 bin. INC-018=1 new_interlayer_vocab: Zr(i-PrO)4 secondary interlayer passivation is new vocabulary element — first occurrence in spine (starter preserved). shell_presence_ambiguity_flag=1 reflects that ZnS is definitive crystalline shell but Zr(i-PrO)4 is molecular surface complex not epitaxial layer. caution_count=2 (shell/interlayer ambiguity + TEM size not numerically tabulated for Zr-complexed variant). Wave 3 V112+V118 dual-paper bundle closeout — V118 Cu-based green-side coverage extension continuation after V112 Ag-based green + V117 first Cu-based blue. Minji Ko Soyeon Yoon Yun Jae Eo Keyong Nam Lee Young Rag Do Kookmin University 2022 Nanoscale Research Letters open access CC BY 4.0.","closeout","1","0","1","1","feed_molar_only","1","0","1","2","95","70"
"V120","I-III-VI (V-series)","NR-V120-01","V120-S04","NTR-V120-01","literature_structured","Ag:ZnInS/ZnS","hot_injection","0","0","240","75","497","507","solution","V120-S04 = 0.02 mmol Ag:ZIS/ZS B5 (thickest shell) core/shell STARTER-ANCHORED REP from Stage 2 bundle starter (V120-S04 Ag:ZnInS/ZnS 0.02 mmol Ag champion). Route corrected from starter heating_up to hot_injection (LOG-V120-002) because rep is core/SHELL state and shell growth is explicitly hot-injection at 240 C per Fig S1 step 2 and section 2.3 (5 batches of ZnS precursor injected at 240 C with 15 min interval). Starter route heating_up reflects only the CORE step (220 C 30 min Ar per Fig S1 step 1). Paper: Swati Mukherjee Joicy Selvaraj Thangadurai Paramasivam Centre for Nanoscience and Technology Pondicherry University India ACS Appl Nano Mater 2021 4 10228-10243 DOI 10.1021/acsanm.1c01720. Synthesis protocol (heating-up core + hot-injection shell per Fig S1): CORE: Zn(Ac)2 0.2 mmol + InCl3 0.2 mmol + S powder 1.6 mmol + AgNO3 0.02 mmol dissolved in OA/OLA/DDT/ODE in 3-neck flask at RT - then heat to 220 C under Ar and hold 30 min for Ag:ZIS core nucleation/growth. SHELL: cool slightly then heat to 240 C, inject first ZnS shell precursor batch (B1), hold 15 min, inject B2 hold 15 min, B3 hold 15 min, B4 hold 15 min, B5 hold 15 min - total ~75 min shell growth with 5 sequential injections. The thickest shell state B5 is the committed rep state. Cool to RT and purify by ethanol/methanol wash and centrifuge then redisperse in chloroform. Table 1 champion metrics: 0.02 mmol Ag core = 507 nm, B1 = 502, B2 = 502, B3 = 500, B4 = 497, B5 = 497 nm - hypsochromic shift 10 nm core to B5 due to blue-shifting from shell-induced lattice compression and reduced surface state contribution. Figure 8a CIE 1931 diagram for 0.02 Ag:ZIS/ZS shows coordinates in greenish region consistent with 497 nm PL. TEM (Fig S2 and Fig S3): 0.02 Ag:ZIS core particle size 3.6 nm (histogram Log-normal fit Fig S3a); 0.02 Ag:ZIS/ZS core/shell thickest shell particle size 4.37 nm (Fig S3b) - shell adds ~0.8 nm radial thickness. XRD (Fig 1): Ag:ZIS core cubic zinc blende phase (JCPDS 77-2100 ZnS ZB reference 2theta peaks (111) (220) (311)); core/shell XRD shows peak sharpening and slight shift consistent with ZnS shell on Ag:ZIS core. UV-vis (Fig 3 and Fig S4): absorption onset shifts with Ag doping and shell growth; blue-shifted absorption for thicker shell batches (B5 vs B1). TRPL (Table 2 and Fig 7 and Fig S6): 0.02 mmol Ag:ZIS/ZS core/shell tau_avg 437.33 ns vs core tau_avg 296.49 ns - shell passivation enhances lifetime by ~1.47x; TRPL fit via triexponential function R(t) = A1 exp(-t/tau1) + A2 exp(-t/tau2) + A3 exp(-t/tau3). PLQY: NOT numerically tabulated or stated anywhere in V120 main text SI Table 1 Table 2 or figure annotations (LOG-V120-003) - paper only discusses relative PL intensity enhancement from shell layer and Ag doping effects without providing absolute or relative QY numbers. Stage 2 starter marked QY_numeric: yes which is inaccurate. Committed PLQY blank with caution flag. FWHM: NOT numerically tabulated or stated anywhere in V120 main text SI or figure annotations (LOG-V120-004). Emission spectra shown in Fig 4 Fig 6 Fig 7 Fig S5 Fig S6 but FWHM not explicitly reported. Stage 2 starter marked FWHM_numeric: partial which is optimistic. Committed FWHM blank with caution flag. Ag doping series demonstrates tunable PL from 392 nm (no Ag) to 543 nm (0.1 mmol Ag core) - 6-sample Ag concentration ladder (0.01 0.02 0.04 0.06 0.08 0.1 mmol) with core + 5 shell batches each (42+ possible sample points in paper); captured contrasts at 0.01 (V120-S05 B5 482 nm), 0.04 (V120-S06 B5 502 nm), 0.06 (V120-S07 B5 503 nm), 0.08 (V120-S08 B5 505 nm), 0.1 (V120-S09 B5 506 nm). PMMA-QD composite application (display target of paper): V120-S13 PMMA-0.02Ag:ZIS/ZS glass-coated PL 503 nm and free-standing flexible film PL 500 nm (Fig 10b and 10e) with ~90 percent NUV-NIR transmittance (Fig 11a); V120-S14 PMMA-0.08 variant higher absorption but similar flexibility. Composite films demonstrate the display/lighting application goal preserving QD monodispersity and optical properties in polymer matrix. Mechanism (Fig 5): Ag+ acts as acceptor in ZnInS host creating mid-gap states; donor-acceptor pair (DAP) recombination + Stokes-shifted emission. Shell quenching trend: PL intensity increases for first 2 ZnS batches (B1 B2) then decreases with further shell layers for 0.04/0.06/0.08/0.1 mmol - effective strain/defect accumulation from thicker shell. PL 497 nm falls in 450-500 nm bin (blue-green boundary) - user memo 'Ag:ZnInS/ZnS blue-green rebalance' matches bin placement. INC-018=1 new_system_tag: Ag:ZnInS/ZnS is new vocabulary element - first Ag-doped ZIS entry in v1 literature spine (starter preserved). shell_present_flag=1 unambiguous ZnS crystalline shell (XRD evidence); shell_presence_ambiguity_flag=0. caution_count=2: (1) PLQY blank - no numeric in paper (2) FWHM blank - no numeric in paper. Wave 3 V120+V126 dual-paper bundle closeout - V120 is the blue-green side rebalance extension following V112 green (513 nm) + V117 first Cu-based blue (475 nm) + V118 Cu-based green (498 nm) from prior sessions. V120 adds first Ag-doped ZIS family to v1 literature spine and demonstrates tunable emission 392-543 nm via Ag doping. Mukherjee Selvaraj Paramasivam Pondicherry University 2021 ACS Appl Nano Mater. Open access status: paywalled ACS publication but extracted per established v1 literature spine protocol.","closeout","1","0","0","1","feed_molar_only","1","0","1","2","",""
"V126","I-III-VI (V-series)","NR-V126-01","V126-S01","NTR-V126-01","literature_structured","AgInGaS2/GaSx","hot_injection","0","0","280","30","532","","solution","V126-S01 = AgInxGa1-xS2/GaSy green core/shell (130C/10min Ag source injection two-step heating method champion) STARTER-ANCHORED REP from Stage 2 bundle starter (V126-S01 AIS/GaSx narrow band-edge EL champion). Starter used 'AIS/GaSx' as family-level shorthand; committed rep is the quaternary AgInxGa1-xS2/GaSy variant within the AIS/GaSx family per user memo 'AIS/GaSx narrow band-edge EL 계열 / green rebalance 기여 / AIS/GaSx 확장 의미' - the AgInxGa1-xS2 core is an AIS-based quaternary extension (alloying Ga into AgInS2) which satisfies both 'AIS/GaSx 확장' and 'green rebalance 기여' directives. Paper: Taro Uematsu Ryunosuke Izumi Shoki Sugano Riku Sugano Tatsuya Hirano Genichi Motomura Tsukasa Torimoto Susumu Kuwabata Osaka University + Nagoya University + NHK Faraday Discuss 2024 250 281-297 DOI 10.1039/d3fd00142c Torimoto group. Synthesis protocol (two-step heating core + GaSy shell formation): CORE (two-step heating, original (In+Ga)/Ag=2.8 non-stoichiometric method): InCl3 0.3 mmol (66.4 mg) + Ga(DDTC)3 0.4 mmol (205.8 mg) in OLA 10 mL in 50 mL two-neck flask - heat 100C under vacuum 5 min to degas and fill Ar - heat to 130C then quickly inject OLA 1 mL solution containing Ag(OAc) 0.25 mmol (42.7 mg) - maintain 130C for 10 min (key two-step heating step allows Ag2S nanoparticles to grow to optimal size preventing nonluminescent clusters) - heat to 200C and maintain 20 min to complete material conversion Ag2S to AgInxGa1-xS2 quaternary core - cool to RT and purify via acetone/methanol precipitation + centrifugation then redisperse in chloroform or hexane. SHELL (GaSy shell formation in separate flask): Ga(DDTC)3 0.5 mmol (254 mg) + OLA 6 mL in new 50 mL two-neck flask - degas and fill Ar - heat to 230C - when actual T reaches 160C during ramp inject core QDs solution in hexane (1 mL) - from 230C increase T at 2 C/min until 280C (approximately 25 min ramp) - at 280C inject dropwise GaCl3 2.0 mmol (1.01 g) dissolved in OLA 10 mL as secondary Ga source - maintain 280C for 30 min GaSy shell growth - cool to RT and isolate by methanol precipitation + centrifugation + chloroform redispersion. Champion metrics (Fig 2b caption text explicit for 130C/10min variant): PL peak = 532 nm, FWHM = 31 nm, PLQY = 63 percent - these numerics are directly quoted from Fig 2b caption word for word. Compared to 100C/10min variant (Fig 2a): PL 528 nm FWHM 32 nm PLQY 58 percent - 130C variant exhibits longer PL wavelength and higher PLQY indicating higher indium content at higher injection T (lower Ga activation barrier). Product yield 75 percent (130C) vs 77 percent (100C) - minor difference both superior to single-step 60 percent baseline. Green QLED device (Fig 10 and section 'QLED with green emitting QDs'): V126-S10 device with this V126-S01 rep as EML achieves EL peak 529 nm (slightly blue-shifted from PL 532 nm), maximum EQE 1.5 percent (Fig 10c), maximum luminance 57 cd/m2, turn-on voltage 2.4 V (slightly above photon energy 2.35 eV at 529 nm). Device stack ITO 100 nm / Ga2O3 ETL 50 nm RF-sputtered / V126-S01 EML 10-15 nm spin-coat from chloroform 5 mg/mL / TCTA HTL 35 nm / MoO3 HIL 10 nm / Al 100 nm anode. Green QLED shows EQE slightly lower than yellow 1.5 percent (both at 1.5 percent - nominally equal) but lower luminance attributed to difficulty in electron injection due to higher CBM of AgInxGa1-xS2 vs AgInS2. Ga2O3 ETL (wide bandgap 4.5-4.9 eV, CBM 3.32 eV close to ZnO 3.35 eV) is key innovation mitigating defect EL emission vs prior ZnO ETL devices. Compared to yellow AgInS2/GaSy variant (V126-S08 contrast): PL 585 nm PLQY 50 percent solution / 40 percent film; Fig 7 yellow QLED EL 585 nm EQE 1.5 percent turn-on 2.0 V (below photon energy 2.1 eV attributable to defect EL); BPO oxidation (V126-S09 / V126-S12): 2 umol BPO reduces PLQY from 50 to 18 percent solution but boosts QLED luminance 5-fold (252 to 1193 cd/m2 max) while EQE drops from 2.0 to 1.4 percent - BPO oxidizes Ga2S3 shell per XPS Fig 9 (Ga-O peak increase Ga-S peak decrease). Stoichiometric alternative method (Table 1 Table 2 new (In+Ga)/Ag=1.5): core 60 min anneal at 200C PLQY 41 percent peak (Table 1); core/shell 10 min delay yield 56 percent QY 55 percent (best QY Table 2); core/shell 30 min delay yield 67 percent (best yield) QY 45 percent - trade-off between yield and QY. Rep V126-S01 uses original non-stoichiometric method which gives higher QY (63 percent) than stoichiometric method best (55 percent). Table 1 reaction time series at 200C for stoichiometric core: 0/20/40/60/80/100 min = 30/32/40/41/30/32 percent PLQY - peaks at 60 min (41 percent), drops for longer times due to possible Ostwald ripening damage. XRD and TEM: paper does not include explicit XRD or TEM characterization in main text Table 1 or Table 2 (structural verification implied but not tabulated). XPS (Fig 9): Ga 3d region shows Ga-S 3d 19.7 eV (fresh) and Ga-O 3d 18.4 eV - BPO-oxidized shows increased Ga-O ratio confirming shell oxidation. PL 532 nm falls in 500-550 nm bin (green) matching user memo 'green rebalance 기여' target. INC-018=0 CORRECTED from starter (LOG-V126-006 mechanical correction): AgInGaS2/GaSx already exists in v1 literature spine with 4 prior entries (V004 PL 543, V010 PL 518 Uematsu/Torimoto 2021 same group as V126, V113 PL 535, V114 PL blank). Starter's new_shell_variant rationale referenced AgInS2/GaSx (pure ternary with GaSx shell, which IS new to spine as V126-S08 yellow contrast variant) but the committed rep is the GREEN AgInGaS2/GaSx quaternary variant per user memo green rebalance directive, which reuses existing vocabulary. V126 therefore does NOT add a new system_tag vocabulary element - INC-018=0 reuse_existing_tag. V126 still provides significant scientific contribution via: (1) first narrow band-edge green QLED device in spine (Fig 10 EL 529 nm FWHM 31 nm EQE 1.5 percent), (2) first Ga2O3 ETL QLED device in spine, (3) first two-step heating multinary QD synthesis method, but these are process/device innovations NOT vocabulary additions. The yellow AgInS2/GaSx variant (preserved as V126-S08/S09/S11/S12 contrast trace rows) WOULD have been new_shell_variant if committed, but was not committed per user memo green rebalance directive. shell_present_flag=1 unambiguous GaSy crystalline shell (GaCl3 + Ga(DDTC)3 dual-source shell growth at 280C); shell_presence_ambiguity_flag=0. caution_count=2: (1) GaSy non-stoichiometric x value not explicitly resolved (denoted as y generic index) (2) core alloy In/Ga fraction x not explicitly resolved (denoted as AgInxGa1-xS2 with variable x). Wave 3 V120+V126 dual-paper bundle closeout - V126 is the green narrow band-edge EL device extension following V120 first Ag-doped ZIS blue-green from same session and V112/V117/V118 prior session green/blue Cu/Ag-based entries. V126 demonstrates narrow band-edge EL (FWHM 31 nm) with EQE 1.5 percent in a Ga2O3 ETL QLED device - key device-level demonstration of AIS-family quaternary green LED. Uematsu Izumi Sugano Sugano Hirano Motomura Torimoto Kuwabata 2024 Faraday Discussions RSC open access Torimoto group (reliable table-rich author).","closeout","1","0","0","1","feed_molar_and_ratio","1","0","1","2","63","31"
"V119","I-III-VI (V-series)","NR-V119-01","V119-S04","NTR-V119-01","literature_structured","Ga:CuInS2/ZnS","hot_injection","0","0","220","600","585","","solution","V119-S04 = CIGS/ZnS VIS champion (PL peak 585 nm PLQY 92 percent) STARTER-ANCHORED REP from Stage 2 bundle starter (V119-S04 Ga:CuInS2/ZnS PLQY 92 percent champion). Committed per user memo 'Ga:CuInS2 계열 / green-yellow rebalance 기여' - PL 585 nm falls in 550-600 nm yellow-green bin matching rebalance directive. Paper: Haoran Chen Zhipeng Xu Zhijun Shi Fenghuan Zhao Lixin Cao Bohua Dong Chenghui Xia School of Materials Science and Engineering Ocean University of China Qingdao + Rizhao Polytechnic Shandong Province Chem Commun 2024 60 14794-14797 DOI 10.1039/d4cc05375c. Synthesis protocol (three-stage hot-injection: CIS core + Ga cation exchange + ZnS two-stage shell): STAGE 1 CIS CORE (one-pot heating up): CuI 0.1 mmol (0.019 g) + In(Ac)3 anhydrous 0.1 mmol (0.029 g) + 10 mL DDT mixed in 3-neck flask at RT - degas under vacuum at 80 C for 1 hour - heat turbid solution to 215 C under N2 and hold 40 min for CIS core formation - NOT washed stored in glove box under N2. STAGE 2 Ga CATION EXCHANGE: In N2-filled glove box GaCl3 1 mmol (0.176 g) + DPP 1 mmol (0.174 mL) heat with stirring to 50 C - opaque white viscous liquid forms in few minutes - add 0.174 mL toluene to form GaCl3-DPP precursor - separately add 0.1 mmol CIS to 5 mL ODE heat to 120 C under N2 - inject 35 uL GaCl3-DPP precursor at 120 C and react for 1 hour (cation exchange forms Ga:CuInS2 CIGS core). STAGE 3A ZnS SHELL STEP 1 (ZnI2/TOP swift injection): transfer CIGS solution + 5 mL ODE to 100 mL 3-neck flask - degas at 120 C for 1 hour - swiftly inject Zn solution (ZnI2 0.3 mmol 0.096 g in 1 mL TOP + 4 mL ODE) - elevate T to 200 C and hold 90 min - cool to 120 C - degas 30 min. STAGE 3B ZnS SHELL STEP 2 (Zn(St)2/DDT slow injection KEY step): heat to 220 C under N2 - prepare ZnS stock (2 mmol Zn(St)2 + 5 mL OA + 5 mL DDT + 10 mL ODE) - SLOWLY inject at 1 mL/h for 10 h (600 min) via syringe pump - this slow injection is the key step for uniform ZnS shell growth and high crystallinity 95.7 percent. PURIFICATION: precipitate with equal volume methanol/butanol 1:1 - centrifuge - supernatant removed - repeat 3 times - disperse in 5 mL anhydrous toluene. Champion metrics: PL peak 585 nm (main text 'bright CIGS/ZnS QDs (PL peak at 585 nm, 0.1 wt%)' + Fig S10 VIS solution label); PLQY 92 percent (main text 'PLQYs as high as 92 percent' CHAMPION after ZnS shelling - from CIS core 1.2 percent to CIGS core 5.7 percent to CIS/ZnS ~50 percent to CIGS/ZnS 92 percent); FWHM NOT numerically tabulated (committed blank with caution flag per V014 rule - PL spectra shown in Fig 2 Fig S10 but FWHM values not in captions or main text); tau_avg 452 ns (Fig S6 - longest in paper: CIS 277 < CIGS 324 < CIS/ZnS 397 < CIGS/ZnS 452 ns); Stokes shift 220 meV VIS variant (Fig S8a); XRD Scherrer size 4.2 +/- 1.0 nm crystallinity 95.7 percent highest in paper (Table S1); TEM size 3.6 +/- 0.9 nm (Fig S2d histogram over 200 NPs Gaussian fit); ICP composition (Fig S3 for CIGS core pre-shell) Cu:In:Ga:S atomic ratio 1:0.91:0.14:1.71 - Ga:Cu atomic ratio 0.14 confirms low Ga incorporation approximately 7 percent of total cations from low GaCl3-DPP injection volume 35 uL. Key mechanism: Ga3+ incorporation into CIS crystal lattice greatly suppresses the diffusion of Cu+ (DFT calculation: Cu self-diffusion coefficient for CIGS = 0.55 x 10^-8 cm2/s vs 1.75 x 10^-8 cm2/s for pure CIS - one-third of CIS), reducing the formation of Cu-related defects that are deleterious to PLQYs and stability. This is the paper's key innovation leading to PLQY 92 percent CHAMPION. Ga doping series (Ga/Cu feed ratio 1-8) in V119-S05-S08 contrasts: PLQY 12-23 percent range (no shell CIGS), overload Ga/Cu=8 deteriorates luminescence due to lattice distortions + Ga interstitial + Ga substitutional impurities. XRD (Fig S1 + Table S1): tetragonal chalcopyrite structure preserved; Ga-doping causes slight shift to higher 2theta angles indicating lattice contraction; CIS (112)/204/312 planes at 27.44/45.89/54.58 deg; CIGS (112)/204/312 at 27.95/46.59/55.18 deg. Photostability (Fig S7): CIGS/ZnS exhibits the best photostability against Xe lamp 100 mW/cm2 300 min - outperforms CIS, CIGS no-shell, CIS/ZnS, CIS/ZnS-Classic reference, and CsPbBr3 perovskite reference. LSC device application (CuInGaS2/ZnS embedded in PMMA): V119-S10 LSC#1 with V119-S04 VIS QDs 0.1 wt% PL red-shifts to 615 nm in LSC - J_sc 4.64 mA/cm2 V_oc 0.51V FF 0.71 PCE 2.41 percent; V119-S09 NIR variant (tuned via larger CIS core) PL 645 nm used for V119-S11 LSC#2 (NIR 0.1 wt%) PCE 2.67 percent; V119-S12 LSC#3 (NIR 0.2 wt%) PCE 3.87 percent - this is the ABSTRACT HEADLINE VALUE 'PCE reaching 3.87 percent' from main text and abstract; V119-S13 LSC#4 (NIR 0.4 wt%) PCE 4.15 percent max but sharp decrease in transparency (Fig S9 SI only). NIR variant has 1.5x larger Stokes shift (340 meV) and half the spectral overlap area (9 vs 16) vs VIS (Fig S8a) - smaller reabsorption and better Si photovoltaic overlap explains LSC#2-4 higher PCE vs LSC#1. VIS variant (585 nm) committed as rep per user memo green-yellow rebalance directive rather than the NIR variant (higher PCE but outside green-yellow band). LSC device dimensions 5 x 5 x 0.5 cm PMMA matrix with AIBN initiator polymerized at 50 C then 70 C 2 h. INC-018=1 new_system_tag PRESERVED per starter draft (per user directive 'INC-018 / caution_count = draft 그대로 commit'): Ga:CuInS2/ZnS is first Ga-doped CuInS2 family entry in v1 literature spine - verified via spine vocabulary tally: existing CuInS2/ZnS (9 entries), CIS/ZnS abbreviation (4), Mn:CIS/ZnS (1) but NO Ga-doped CIS/ZnS variant - so V119 is genuinely a new system_tag element (starter draft aligns with spine reality). shell_present_flag=1 unambiguous crystalline ZnS shell (XRD Table S1 + TEM Fig S2); shell_presence_ambiguity_flag=0. caution_count=2 draft committed per user directive: (1) FWHM blank - not numerically tabulated in paper (2) Ga stoichiometry variable range - Ga/Cu feed ratio 1-8 series with PLQY 12-23 percent but exact PLQY per ratio not tabulated; ICP post-synthesis Ga/Cu = 0.14 for committed CIGS rep lineage but feed ratio not specified. Wave 3 V119 single-paper closeout - V119 is the first Ga-doped CuInS2 family entry in v1 spine contributing green-yellow rebalance via VIS 585 nm variant. Chen Xu Shi Zhao Cao Dong Xia 2024 Chem Commun RSC open access Ocean University of China Qingdao.","closeout","1","0","0","1","feed_molar_and_ratio","1","1","1","2","92",""
"V097","I-III-VI (V-series)","NR-V097-01","V097-S05","NTR-V097-01","literature_structured","CuZnInSe/ZnS/Al2O3","hot_injection","0","0","230","15","1036","","solution","V097-S05 = CZISe/ZnS/Al2O3 5.7 nm core/shell/shell champion (1036 nm / PLQY 53.5 percent / FWHM 102 meV) STARTER-ANCHORED REP from Stage 2 bundle starter (V097-S01 CZISe core+multishell champion PLQY 51.5 percent at 1036 nm - actual Fig 4a + Table S2 value is 53.5 percent). Paper: Avijit Saha Morena Cervino Hossein Roshan Rene Hubner Angelika Wrzesinska-Lashkova Christine Steinbach Yana Vaynzof Francesco Di Stasio Vladimir Lesnyak TU Dresden + IIT Bhilai + IIT Genoa + HZDR + Leibniz-Institut Adv Funct Mater 2026 36 e17605 DOI 10.1002/adfm.202517605. Synthesis protocol (Cu2-xSe template + partial cation exchange + ZnS shell + amorphous Al2O3 outer shell): STAGE 1 Cu2-xSe TEMPLATE (hot-injection): Cu(OAc) 97 percent 0.25 mmol + 2 mmol OlAm + 0.5 mL DDT in 3-neck flask - degassed 110C 30 min vacuum - N2 flow heat to 130-190C target T - swift inject 0.5 mL TOP-Se precursor (prepared separately from 10 mmol Se 790 mg + 5 mL OlAm + 5 mL DDT degassed 50C 1h stored N2 glove box as dark brown precursor) - hold 20-240 s depending on target size (5.7 nm uses intermediate conditions for 1036 nm emission). STAGE 2 PARTIAL CATION EXCHANGE: add Zn(acac)2 0.5 mmol + In(OAc)3 0.5 mmol mixture in OlAm to Cu2-xSe template - react at 225C for 5 min - Cu+ diffuses out and Zn2+/In3+ diffuses in forming CZISe chalcopyrite core (Cu dropout 60 to 20 percent ICP); CZISe bare core PLQY only 14 percent (Fig 4a black curve). STAGE 3 Zn 2-ethylhexanoate surface treatment: treat with Zn 2-ethylhexanoate at 200C for surface defect passivation (Fig S1); this intermediate step slightly improves PLQY before full ZnS shell formation. STAGE 4 ZnS SHELL: reduce T to 200C (from 225C to prevent Zn diffusion into CZISe core) - slowly add Zn-precursor (from Zn(OAc)2 stock 10 mmol in OlAm/OctAm degassed 40C 1h heated 110C) + S-precursor (0.2 M stock 64 mg S in 10 mL ODE) - form CZISe/ZnS core/shell 5.7 nm (Fig 2b); PLQY jumps from 14 to 48.5 percent (Fig 4a blue curve) due to surface passivation; ICP-OES confirms Cu 5.6 percent Zn 81 percent S 45.3 percent Se 16.7 percent (Table 1). STAGE 5 Al2O3 SHELL (KEY final step): raise T to 230C and add aluminum sec-butoxide Al precursor - maintain 230C for 15 min - form amorphous Al2O3 outer shell (no new XRD peaks Fig 2d confirming amorphous alumina); XPS Al 2p at 74.9 eV + binding energies at 51.4 and 54.2 eV (Al 2s) consistent with Al-O (Fig 3) confirming Al2O3 formation; ICP-OES confirms Al 13.8 percent in final (Table 1); PLQY further increases to 53.5 percent (Fig 4a red curve + Table S2 this work CHAMPION - highest PLQY for I-III-VI SWIR QDs surpassing prior CISe/ZnS less than 1 percent, In(Zn)As/InP/GaP/ZnS 73 percent at 1006 nm, AgAuSe 65.3 percent at 978 nm). Champion metrics (Fig 4a + Table S1 + Table S2): PL peak 1036 nm (Fig 4a + Fig S7b 5.7 nm size label), PLQY 53.5 percent (CHAMPION highest for I-III-VI SWIR QDs reported), FWHM 102 meV (narrowest for I-III-VI SWIR QDs - comparable to PbSe nanoplatelets and InAs nanorods), tau_avg 430 ns (Table S1 bi-exp A1=0.47 A2=0.53 tau1=200 ns tau2=510 ns), TEM size 5.7 +/- 0.6 nm (Fig S7b Gaussian fit), optical bandgap 1.2 eV (Fig S8b Tauc plot). SWIR tunability 915-1320 nm (over 405 nm range) demonstrated via 6 core size variants: 4.2 nm / 915 nm / PLQY ~35 percent / FWHM ~180 meV (smallest, shown in Fig S7a + Fig 5b magenta), 5.7 nm / 1036 nm / PLQY 53.5 percent / FWHM 102 meV (rep CHAMPION, Fig S7b + Fig 5b orange), 8.1 nm / 1115 nm / PLQY ~50 percent / FWHM ~120 meV (Fig S7c + Fig 5b cyan), 9.0 nm / 1160 nm / PLQY ~35 percent / FWHM ~120 meV (Fig S7d + Fig 5b green), 10.8 nm / 1230 nm / PLQY ~30 percent / FWHM ~110 meV (Fig S7e + Fig 5b blue), 14.2 nm / 1320 nm / PLQY ~15 percent / FWHM ~115 meV (Fig S7f + Fig 5b red - largest). Bandgap decreases monotonically 1.37 eV (4.2 nm) to 1.01 eV (14.2 nm) per Fig S8 Tauc plots - clear quantum confinement effect demonstrating full range tunability in second biological window 915-1320 nm. Paper marks 'first report of I-III-VI-based QDs exhibiting broad tunability in SWIR region' with 'narrow PL FWHM down to 102 meV' - this is the HIGH-YIELD HIGH-EFFICIENCY LANDMARK paper in the v1 literature spine for I-III-VI SWIR applications. Long-term stability (Fig 6): CZISe/ZnS/Al2O3 exhibits only ~2 percent PLQY loss over 9 months in ambient - vastly superior to bare CZISe core (PLQY drops ~40 percent) and CZISe/ZnS core/shell (~15 percent loss); Al2O3 amorphous shell provides superior ambient stability + improved biocompatibility. Down-conversion SWIR LED device (Fig 7): CZISe/ZnS/Al2O3 QDs (1070 nm variant) in PMMA composite at 1:1 QD:PMMA ratio - coupled to commercial 520 nm green LED chip - max external photon conversion efficiency (EQE) 7 percent at 1070 nm (highest EQE reported for I-III-VI SWIR LED in paper); FWHM 152 meV solution 156 meV film for 1070 nm variant (minor broadening); 1170 nm variant shows even narrower in-film FWHM 122 meV; 1:1 ratio optimal over 1:2 (too dilute) and 2:1 (too concentrated with Forster resonance energy transfer self-absorption); almost linear output power density vs excitation power density indicates stable response. ICP-OES elemental analysis table (Table 1) confirms proper stepwise shell formation: Cu2-xSe template: Cu 60.1 Zn 0 In 0 Se 39.6 S 0 Al 0 percent, CZISe core: Cu 20.4 Zn 21.5 In 0.9 Se 43.2 S 8 Al 0 percent (partial cation exchange Cu dropout), CZISe/ZnS: Cu 5.6 Zn 81 In 0.5 Se 16.7 S 45.3 Al 0 percent (ZnS shell massive Zn/S increase), CZISe/ZnS/Al2O3: Zn 27 Se 14.3 S 25.2 Al 13.8 percent (final with Al2O3 shell). XRD (Fig 2d) confirms chalcopyrite CZISe phase preserved across all shell stages - comparable to bulk berzelianite CZISe reference (ICSD C6-680); ZnS cubic shell peaks appear; amorphous Al2O3 has no new crystalline peaks. HAADF-STEM + EDXS mapping (Fig 2e-j) shows uniform distribution of Cu Zn In Se S across particles confirming homogeneous shell formation. INC-018=0 reuse_existing PRESERVED per user directive 'INC-018 / caution_count = draft 그대로 commit' - starter draft preserved as-is even though spine vocabulary tally shows CuZnInSe/ZnS/Al2O3 does NOT exist in spine (spine only has CuZnInS/ZnS×1 sulfide variant not selenide); starter's reuse_existing basis may have referenced CuZnInS sulfide family loosely - preserved per user directive without mechanical correction. caution_count=2 draft preserved: (1) FWHM numeric only tabulated in Table S2 for rep variant (102 meV) - other size variants inferred from Fig S9b approximately (2) Shell precursor exact molar amounts not fully tabulated for ZnS shell step. shell_present_flag=1 with shell_presence_ambiguity_flag=0 - both ZnS (crystalline XRD evidence Fig 2d) and Al2O3 (amorphous but XPS Al 2p 74.9 eV + ICP 13.8 percent evidence) confirmed. Wave 3 V097+V133 high-yield dual-paper bundle closeout - V097 is the HIGH-YIELD landmark paper for CZISe multishell architecture setting record PLQY 53.5 percent FWHM 102 meV for tunable 915-1320 nm SWIR I-III-VI QDs with 9-month ambient stability. Saha Cervino Roshan Hubner Wrzesinska-Lashkova Steinbach Vaynzof Di Stasio Lesnyak 2026 Adv Funct Mater Wiley open access CC BY. User memo: 'CZISe multishell high-yield 핵심 논문 / 6 cores x 4 shells 구조를 raw layer에서 최대한 보존 / high-yield 대표 논문' - raw layer preserves 6-size series (4.2/5.7/8.1/9.0/10.8/14.2 nm via V097-S06/S05/S07/S08/S09/S10) + 4-stage shell lineage (Cu2-xSe template / CZISe core / CZISe+ZnEH / CZISe/ZnS / CZISe/ZnS/Al2O3 via V097-S01/S02/S03/S04/S05) as directed.","closeout","1","0","0","1","feed_molar_and_ratio","1","0","1","2","53.5",""
"V133","I-III-VI (V-series)","NR-V133-01","V133-S01","NTR-V133-01","literature_structured","AgInS2/ZnS","aqueous","0","0","120","45","650","","solution","V133-S01 = AIS/ZnS Ag/In=1/4 CMC pH=7 S:In=1:2 champion STARTER-ANCHORED REP from Stage 2 bundle starter (V133-S01 AIS/ZnS CMC pH=7 S:In=1:2 champion PLQY 33.1 percent). Paper: Zecheng Cao Xiaojiao Kang Wei Lu Weiliang Guan Dongguan University of Technology + South China Normal University + HKC Co Ltd J Alloys Compd 2025 1022 179801 DOI 10.1016/j.jallcom.2025.179801. Synthesis protocol (HIGH-YIELD ECO-FRIENDLY AQUEOUS ONE-POT TWO-STEP - 4.27 RMB per gram for 4-L scale batch): STAGE 1 AIS CORE (aqueous water bath precipitation): Dissolve CMC (carboxymethyl chitosan biopolymer) in deionized water to form 0.0025 g/mL aqueous CMC solution as capping agent ligand (40.25 gn total for 4-L batch via standard 1.5 wt percent CMC stock) - add AgNO3 0.4247 g + In(NO3)3 5H2O 2.9312 g giving Ag/In mole ratio 1/4 standard champion - add Na2S 9H2O 20.0 g as sulfur source giving In/S molar ratio 1/2 standard (S excess for Ag vacancy compensation) - adjust pH to 7 (slightly alkaline optimum determined by Fig 2b pH axis study - pH too low decreases COO- ionization + weakens CMC-QD binding while pH too high causes CMC aggregation and precipitation) - place in water bath at 120C for 6 hours (360 min) under constant stirring to form CMC-ligated AIS core QDs (reaction time beyond 6h introduces defects per Fig 2d time axis study). STAGE 2 ZnS SHELL: add thiourea 1.1418 g (as second sulfur source for ZnS shell) + Zn(NO3)3 6H2O 2.9749 g to AIS core solution - continue water bath at 120C for 45 min - ZnS shell forms on AIS core as single shell (additional shells 2/3/4 layers tested in Fig 3c but 1 shell optimal for PLQY - excess ZnS shells introduce lattice strain + defects). PURIFICATION: AIS/ZnS QDs stable in aqueous dispersion - no organic solvent required. Champion metrics (Fig 4a + Fig 4b explicit): PLQY 33.1 percent (Fig 4a red circle Ag/In=1/4 AIS/ZnS CHAMPION - maximum in paper - compared to Ag/In=1/2 11.2 percent, 1/3 25.1 percent, 1/8 28.1 percent, 1/12 31.7 percent, 1/16 31.5 percent, 1/20 29.6 percent; bare AIS core at same Ag/In=1/4 only 20.8 percent - ZnS shell boosts PLQY by +13 points); fluorescence lifetime tau 641.4 ns (Fig 4b double-exp fit A1 exp(-x/t1) + A2 exp(-x/t2) + y0 - longer than bare AIS 527.4 ns indicating reduced nonradiative recombination); PL peak approximately 650 nm (Fig 3d green curve Ag/In=1/4 position - exact numeric not tabulated; paper states emission wavelength 590-697 nm range tunable via Ag/In - committed 650 nm as mid-range estimate with tier2_figure confidence + caution flag); FWHM NOT numerically tabulated in paper (committed blank with caution); AIS core TEM size 2.2 nm and AIS/ZnS size 3.0 nm from Fig 1d/g histograms (Gaussian fit). Four synthesis axes preserved in raw layer per user memo 'pH / time / CMC / S:In 축': (1) CMC concentration axis Fig 2a with V133-S10 at 0.0025 g/mL optimal - 5 values 0.001/0.0025/0.005/0.0075/0.01 g/mL tested; (2) pH axis Fig 2b with V133-S08 at pH=7 optimal and V133-S09 at pH=11 extreme - 6 values pH 6-11 tested; (3) reaction time axis Fig 2d with V133-S12 at 6h=360 min optimal - 8 values 0.5 to 8 h tested; (4) In/S ratio axis Fig 2c with V133-S11 at 1/2 optimal - 5 values 1/0.625 to 1/2.5 tested. Additional axes: Ag/In ratio 7 values (1/2 to 1/20 - V133-S01/S03-S07), ZnS shell layers 4 values (1-4 - V133-S13/S14), ZnS shell time 6 values (15-90 min - Fig 3b). AIS optical bandgap decreases from 2.54 eV (Ag/In=1/2) to 1.84 eV (Ag/In=1/20) per Fig 2f Tauc plots. Warm-white LED application (Fig 5d explicit table): V133-S16 WLED 2# champion combines V133-S07 AIS/ZnS Ag/In=1/16 single shell QDs + YAG phosphor + blue GaN chip = chromaticity (0.3728, 0.3350) CCT 3873 K (vs reference 1# 6486 K cool white = 2613 K warmer) CRI 82 (vs reference 1# CRI 74 = +8 points improvement); V133-S07 AIS/ZnS acts as supplementary red phosphor compensating the missing red component in standard YAG phosphor WLEDs. NIR-LED application (Fig 5e explicit): V133-S17 NIR-LED combines V133-S06 AIS/ZnS Ag/In=1/3 single shell QDs + blue GaN chip = EL peak 749 nm broad emission under 100 mA forward current (redshifted from solution PL due to chip thermal effect + QD solid-state agglomeration); demonstrated for night vision imaging (finger blood vessel visualization Fig 5f/g). Additional applications: V133-S18 CMC-AIS/ZnS QD ink (Fig 6) for writing and screen printing on paper/steel/wood/plastic/glass - complies with water-based flexographic ink GB 4806.14-2023 food safety standard - counterfeit prevention via UV excitation. V133-S19 CMC-AIS/ZnS composite film (Fig 7) at 13.75 wt percent QD loading - champion loading with max PL intensity and uniform dot-like SEM distribution - higher loadings (17.5 wt percent) show aggregation + PL quenching; film cuttable into shapes + bendable + flexible maintaining luminescence. Stability (Fig 4c): PL intensity stable for 14 days under natural light and air exposure (~97 percent retention). Cell viability (Fig 4d): L929 cells >80 percent viability at 12.5-1000 ug/mL QD concentrations - biocompatible for biological applications. Reproducibility (Fig S1): 3-batch PL spectra overlap confirming good batch-to-batch reproducibility. Cost analysis (SI Table S1 4-L batch): AgNO3 0.4247 g x 7986.9 RMB/500g = 6.78 RMB, In(NO3)3 5H2O 2.9312 g x 2555.0/500g = 14.98 RMB, Zn(NO3)3 6H2O 2.9749 g x 254.9/500g = 1.52 RMB, Na2S 9H2O 20.0 g x 61.9/500g = 2.48 RMB, CMC 4 g x 1274.9/500g = 10.20 RMB, Thiourea 1.1418 g x 209.9/500g = 0.48 RMB, DI water 4 L x 14.0/25L = 2.24 RMB, electricity 6.3 kWh x 0.9/kWh = 1.62 RMB, TOTAL 40.30 RMB for 4-L batch = approximately 4.27 RMB/g of AIS/ZnS QDs ~ 0.60 USD/g - this is the HIGH-YIELD AQUEOUS SERIES characteristic that justifies V133 as wave 3 high-yield dual bundle inclusion. INC-018=0 reuse_existing PRESERVED per user directive 'INC-018 / caution_count = draft 그대로 commit' - starter draft aligns with spine reality: AgInS2/ZnS already exists in v1 spine with 11 entries (validated via spine tally). CMC ligand functionalization represents a reinforcement of aqueous vocabulary + biopolymer capping but does not create new system_tag. caution_count=2 draft preserved: (1) FWHM not numerically tabulated in paper (2) Exact PL peak for Ag/In=1/4 rep not tabulated - only visible from Fig 3d curves in 590-697 nm range; committed 650 nm estimate with tier2_figure. shell_present_flag=1 with shell_presence_ambiguity_flag=0 - ZnS shell confirmed via orthorhombic XRD (Fig 1a), HR-TEM (Fig 1c), FTIR Zn-S stretching 1153 cm-1 (Fig 1h), and XPS Zn 2p 1022.3/1045.4 eV (Fig 1m). Wave 3 V097+V133 high-yield dual-paper bundle closeout - V133 is the HIGH-YIELD AQUEOUS LANDMARK paper demonstrating 4-axis systematic optimization (CMC/pH/time/S:In) at 4.27 RMB/g cost with multifunctional applications (warm-WLED CRI 82, NIR-LED 749 nm, ink, flexible film, counterfeit prevention, biocompatible) - complements V097 CZISe SWIR high-yield landmark. Cao Kang Lu Guan 2025 Journal of Alloys and Compounds Elsevier. User memo: 'AIS/ZnS chitosan 계열 4-axis series / pH / time / CMC / S:In 축을 raw layer에서 최대한 보존 / high-yield aqueous series' - all 4 core axes captured with dedicated contrast samples + Ag/In ratio series + ZnS shell layer series + LED device samples as directed.","closeout","1","0","0","1","feed_molar_and_ratio","1","0","1","2","33.1",""
"V134","I-III-VI (V-series)","NR-V134-01","V134-S01","NTR-V134-01","literature_structured","AgInS2","heating_up","0","0","25","60","596","856","solution","V134-S01 = AIS DDT->TOP 298 K 1 h CHAMPION MAX total PL-QY 64.6 percent STARTER-ANCHORED REP from Stage 2 bundle starter (V134-S01 AIS DDT->TOP 298K PLQY 65 percent champion). Committed per user memo 'AIS DDT->TOP 3-T x multi-time series 핵심 논문, 3 temperature x multi-time 구조를 raw layer에서 최대한 보존, high-yield AIS time-series 논문'. Paper: Takahiro Seto Taro Takayama Yasushi Hamanaka Toshihiro Kuzuya Development of Luminescence Transformation Ability of Band-edge Emissive AgInS2 Quantum Dots via Low-Temperature Ligand Treatment J Phys Chem C 2025 129 12888-12897 DOI 10.1021/acs.jpcc.5c02041 Nagoya Institute of Technology + Muroran Institute of Technology Japan. Synthesis protocol (AIS-DDT two-stage thiol-mediated hot-injection + subsequent low-T TOP ligand treatment): STAGE 1 AIS-DDT core synthesis (V134-S02 parent): 0.8 mmol silver acetate (Wako 99 percent) + 0.8 mmol indium acetate (Alfer Aesar 99.99 percent) + 25 mL DDT (1-dodecanethiol Wako 98 percent) in 4-neck round-bottom flask - degas heated 423 K (150 C) 30 min Ar - separately prepare S precursor (6.4 mmol sulfur powder Wako 98 percent + 10 mL DDT) - rapidly inject S-DDT solution into Ag-In-thiolate at 523 K (250 C) - continuously heat 523 K 120 min Ar - cool RT - ethanol precipitation (Wako 99.5 percent) centrifuge redispersion repeat purification - disperse in hexane (Wako 96 percent). STAGE 2 TOP ligand treatment (all TOP samples): add TOP (trioctylphosphine) to hexane-dispersed AIS-DDT QDs - maintain at low-T (283/298/313 K) in ambient conditions - treatment time 1-96 h depending on target condition. For V134-S01 REP: 298 K (room temperature ~25 C) for 1 h (60 min). Champion metrics: total PL-QY 64.6 percent (= 0.646 Table S1 298 K 1 h row - PAPER MAXIMUM across all 3-T x multi-time conditions); band-edge emission peak 2.082 eV ~596 nm (Table S1); band-edge FWHM 0.179 eV ~51 nm (Table S1); band-edge avg lifetime tau_B 15.0 +/- 2.3 ns (Table S5); defect emission peak 1.526 eV ~813 nm (co-existing with band-edge at 1 h - still dominant in intensity at this early transformation stage); defect avg lifetime tau_D 555.8 +/- 40.7 ns (Table S4); TEM parent size 4.4 +/- 1.0 nm (Fig S3a/e histogram) - TOP treatment at 298 K 24 h increases to 4.6 +/- 0.9 nm (V134-S15 Fig S3c/g); tetragonal AIS XRD JCPDS 01-070-5629 (Fig S1 AIS-DDT parent). STARTER NOTE DISCREPANCY - starter rep_trace_note said '298K 24h PLQY 65 percent champion' but Table S1 shows: 298 K 1 h total PL-QY 0.646 (= 65 percent matches); 298 K 24 h total PL-QY 0.120 (= 12 percent band-edge dominant but much lower total PL-QY). Starter confused peak TIME (1 h) with BAND-EDGE DOMINANCE TIME (24 h). Committed 298 K 1 h paper-accurate max PL-QY per V097 precedent (paper-accurate values without forcing mechanical correction log). Key mechanism: TOP ligand replaces DDT on AIS surface - TOP can extract Cu+ ions from analog Cu2-xS to form TOP-Cu complexes; similarly Ag+ ions in AIS QDs form TOP-Ag(?) complexes - extraction of surface atoms enhances nonradiative recombination initially (defect formation); simultaneously band-edge emissive AIS QDs formed via reconstruction of bare surface owing to modification by TOP - these processes are thermally activated so higher T = faster transformation + decomposition. Complete 3-T x multi-time raw layer preservation: 283 K series (6 samples 1/2/3/4/6/24 h Table S2), 298 K series (10 samples 1/2/3/4/5/6/7/24/48/96 h Table S1 = most extensive time axis incl. REP), 313 K series (6 samples 1/2/3/4/6/24 h Table S3) - total 22 TOP-treated samples + 1 AIS-DDT parent = 23 samples. Additional metrics across full series: band-edge intensity increases over time (1 h -> 96 h at 298 K: 0.60 -> 15.01 Table S1), defect intensity peaks then decays (1 h -> 96 h at 298 K: 15.71 -> 3.38 Table S1); band-edge peak position 2.028-2.088 eV consistent ~594-611 nm; band-edge FWHM consistent ~0.179-0.200 eV; defect peak position blue-shifts 1.449 -> 1.708 eV during TOP aging. XPS Table S10 after 24 h: no TOP (C 79.74 P 0) vs 283 K (C 76.60 P 3.36 In/Ag 1.39) vs 298 K (C 47.75 P 1.53 In/Ag 1.73) vs 313 K (C 51.03 P 1.43 In/Ag 1.88) - P evidence of TOP ligand attachment + In/Ag ratio progressively increases indicating selective Ag+ extraction via TOP-Ag complex. TEM-EDS Table S11 similar trend In/Ag 0.81 (no TOP) -> 0.92/1.00/1.13 for 283/298/313 K. Lifetime trends across series: band-edge tau_B ~9-15 ns monotonically decreases with processing time (Tables S5/S7/S9) indicating accelerated band-edge recombination; defect tau_D 200-665 ns varies with TOP condition. Raman spectra Fig 7 confirm tetragonal AIS lattice preserved across all treatment conditions (peaks at 226 279 305 348 cm-1 E(L)/B2(L) A1 E(L) E(L)/B2(L) modes). INC-018=0 reuse_existing DRAFT PRESERVED per user directive 'INC-018 / caution_count = draft 그대로 commit' - AgInS2 already has 11+ entries in v1 literature spine; single-phase AIS QD (no shell, no new vocabulary element). shell_present_flag=0 (TOP ligand is surface ligand not crystalline shell - confirmed by XRD Fig S1 tetragonal AIS only); shell_presence_ambiguity_flag=0. caution_count=2 DRAFT PRESERVED per user directive: (1) bimodal PL emission (defect + band-edge two-peak) - at REP condition defect is dominant in intensity and band-edge is emerging; (2) Ag:In feed ratio slightly ambiguous in SI text (only '0.8 mmol silver acetate and indium acetate' stated without explicit per-element breakdown - committed as 0.8 mmol each standard AIS stoichiometric). HIGH-YIELD AIS time-series landmark per user memo: this paper provides the most comprehensive 3-temperature x multi-time low-T ligand transformation dataset for AgInS2 QDs in v1 spine with complete tabulated PL-QY / band-edge peak / FWHM / lifetime parameters across 22 conditions. Seto Takayama Hamanaka Kuzuya 2025 J Phys Chem C Nagoya/Muroran ACS.","closeout","0","1","0","0","feed_molar_nominal","1","0","1","2","64.6",""
"V121","I-III-VI (V-series)","NR-V121-01","V121-S03","NTR-V121-01","literature_structured","CuInS2/ZnS","hot_injection","0","0","215","30","682","709","solution","V121-S03 = CIS/ZnS-30 REP CHAMPION (PL 682 nm PLQY ~10% HIGHEST S_I=3.1%/C) STARTER-ANCHORED REP from Stage 2 bundle starter (V121 CIS/ZnS-30 highest sensitivity nanothermometer). INC-018=0 reuse_existing: CuInS2/ZnS existing spine vocabulary (9 prior entries). Duda Joshi Borodziuk Sobczak Sikora-Dobrowolska Mackoski Dennis Klopotowski Institute of Physics Polish Academy of Sciences Warsaw + Northeastern University Boston ACS Appl Mater Interfaces 2024 16 60008-60017 DOI 10.1021/acsami.4c14541. Synthesis protocol (CIS core + ZnS shell + micelle encapsulation): CORE: CuI 0.09 g (0.473 mmol) + In(Ac)3 0.2 g (0.685 mmol) + 5 mL DDT mixed in three-neck flask at RT - degas 30 min Ar - heat to 100 C (solution clears) then heat to 230 C under Ar hold 10 min for CIS core growth - rapid cool water bath - precipitate with acetone - centrifuge 6000 rpm 15 C 10 min - redisperse in toluene x3. ZnS SHELL: CIS core + ODE + Zn stearate + OA + DDT loaded into flask - heat to 215 C under Ar - shell growth continues with aliquots taken at 0/10/30/60/80/90/120/150 min (9-point shell-time axis) - after each aliquot cool to 80 C - 30 min aliquot is the REP CHAMPION state. MICELLE ENCAPSULATION (V121-S09): Pluronic F-127 + polyoxyethylene stearate micelle encapsulation of CIS/ZnS-30 for aqueous phase transfer (bioapplication nanothermometry). Champion metrics (CIS/ZnS-30 = V121-S03): PL_peak 682 nm (Tables S2/S4/S5 explicit - three-table cross-validation); PLQY ~10% (Fig S2F bar estimate - caution flag 1: bar estimate not exact numeric); FWHM NOT numerically tabulated in paper (caution flag 2); tau_0.1 ~150 ns at 23 C to ~101 ns at 60 C (Fig 1E); Q_tau(T) = -1.37*T + 180 linear fit. S_I = 3.1 %/C HIGHEST intensity sensitivity (Table S2 This work row; HIGHEST in comparison table among all cited nanothermometers). S_tau = 1 %/C lifetime sensitivity (Table S4 This work row CuInS2/ZnS-30). S_R = 0.26 %/C ratiometric sensitivity (Table S5 This work row; dual excitation 450/580 nm; I_580/I_450 ratio). Shell-time axis (8 primary samples 0/10/30/60/80/90/120/150 min): S01 CIS core PL 709 nm QY ~3% tau ~37 ns; S02 10 min QY ~5%; S03 30 min PL 682 nm QY ~10% CHAMPION S_I=3.1%/C; S04 60 min PL 653 nm QY ~14% tau ~290 ns; S05 80 min QY ~16%; S06 90 min QY ~16% (plateau with S05); S07 120 min QY ~20%; S08 150 min PL ~655 nm QY ~24% HIGHEST QY tau ~185 ns. Temperature-dependent PL readout modes (CIS/ZnS-30): Mode1 Intensity Q_I: Q_I(T) = -0.0192*T + 1.37 (Fig 1B) S_I=3.1%/C T_range 20-54 C; Mode2 Peak energy Q_E: peak shifts ~5 meV over 20-54 C range (Fig 1C); Mode3 Lifetime Q_tau: tau_0.1 150-101 ns Q_tau(T)=-1.37*T+180 S_tau=1%/C; Mode4 Excitation ratio Q_R: I_580/I_450 dual-exc ratio S_R=0.26%/C (Fig 2C). MLR multiparametric readout achieves ~5x sensitivity improvement over single-mode. Nanothermometer comparison tables: Table S2 intensity sensitivity comparison (This work CIS/ZnS-30 S_I=3.1%/C HIGHEST); Table S4 lifetime sensitivity (This work CIS/ZnS-30 S_tau=1%/C; CIS core S_tau=1.2%/C); Table S5 ratiometric sensitivity (This work CIS/ZnS-30 S_R=0.26%/C dual exc 450/580). INC-018=0 reuse_existing confirmed: CuInS2/ZnS spine vocabulary with 9 existing entries; system_tag committed as CuInS2/ZnS per spine convention (starter abbreviated as CIS/ZnS). caution_count=2: (1) PLQY ~10% from Fig S2F bar estimate not exact numeric tabulation; (2) FWHM not numerically tabulated anywhere in main text or SI. Cu:In feed molar ratio = 0.473:0.685 = 0.69:1 (sub-stoichiometric Cu; ratio_reported_flag=1 feed_molar). TEM: ~3 nm pyramid-shaped NCs (Fig S1 STEM-HAADF of CIS/ZnS-30). measurement_state: solution (toluene for all toluene-dispersed samples; V121-S09 micelle in water but same QD committed as solution for NR row). User memo: CIS/ZnS shell-time 5 samples + temperature dependence key paper; shell-time axis + T-dep axis preserved in raw layer; high-yield CIS shell-time landmark. Wave 3 V121 single-paper closeout.","closeout","1","1","0","1","feed_molar","1","0","1","2","10",""
"V124","I-III-VI (V-series)","NR-V124-01","V124-S01","NTR-V124-01","literature_structured","AgInS2","heating_up","0","0","260","","620","","solution","V124-S01 = Irf-AgInS2 (In-rich feeding Ag:In=1:2) REP CHAMPION BAND-EDGE EMITTER (PL 620 nm PLQY 6.0%) STARTER-ANCHORED REP from Stage 2 bundle starter (V124 Irf-AgInS2 band-edge champion). INC-018=0 reuse_existing: AgInS2 existing spine vocabulary. Kim Song Park Lim Bang Incheon National University + GIST Korea Adv. Optical Mater. 2025 13 2500331 DOI 10.1002/adom.202500331. PAPER SIGNIFICANCE: First demonstration of band-edge emission engineering in AgInS2 NCs via In-rich feeding (Ag:In=1:2) creating stoichiometric AgInS2 core with In-enriched surface layer (XPS depth profile Fig 3b); defect trap emission suppressed; band-edge at 620 nm achieved vs. broad defect emission ~700 nm for stoichiometric feeding. SYNTHESIS PROTOCOL: 50 mL three-neck flask; 0.3 mmol Ag(OAc) + 0.6 mmol In(OAc)3 + 0.8 mmol thiourea (S source) + 11.8 mL OAm (oleylamine) + 0.2 mL DDT (dodecanethiol); load at RT under air; degas 80-120C for 1h under Ar (ramp from 80 to 120C); heat to 260C at ramp rate ~10C/min under Ar; cool immediately upon NC formation (no explicit dwell time at 260C); purify: acetone-ethanol 5:5 centrifugation x2; redisperse in hexane or chloroform. Ag:In RATIO SERIES: 1:1 (S02 sf-AgInS2 stoichiometric reference PL ~700 nm FWHM 166 nm defect-dominated); 1:2 (S01 Irf-AgInS2 REP band-edge 620 nm PLQY 6.0%); 1:3 (S03 cubic AgIn5S8 dominant XRD Fig S5c); 1:5 (S04 cubic AgIn5S8 dominant XRD Fig S5d). CHAMPION METRICS V124-S01: PL_peak 620 nm (Table S1; batch range 616-628 nm Fig S6c); PLQY 6.0% (main text exact: band-edge PL quantum yield of 6.0%; caution flag 1: low QY but band-edge character is contribution not QY); FWHM NOT numerically tabulated for Irf-AIS (caution flag 2; sf-AIS FWHM 166 nm is for S02 not REP); tau_ave 138.2 ns at 620 nm band-edge (Table S1 bi-exponential: A1=71.8% t1=24.9 ns A2=28.2% t2=178.3 ns); tau_ave 506.1 ns at 750 nm trap (Table S1: A1=51.1% t1=55.7 ns A2=48.9% t2=550.0 ns); TEM 10.35+/-2.48 nm (Fig S12a; batch range 8.5-11.0 nm Fig S6c); EDS Ag 19.3% In 34.2% S 46.6% atom% (Fig S2b); XPS In/Ag=2.16 surface ratio (Fig S3b; bulk EDS In/Ag~1.77; surface enrichment confirmed). STRUCTURE: Orthorhombic AgInS2 + cubic AgIn5S8 dual-phase mixture (XRD Fig S7 batches 1-4 for Irf-AIS); stoichiometric AgInS2 core with In-enriched outer surface layer (XPS depth profile Fig 3b - key mechanistic finding). GROWTH KINETICS: Temperature aliquot series at 180/210/240/260C (Fig 2c) shows absorption evolution during heating_up protocol; no distinct nucleation burst observed - gradual NC formation during ramp. GaSx SHELL (V124-S08 secondary): ~30 nmol purified Irf-AIS + 0.1 mmol Ga(acac)3 + 0.1 mmol DMTU + 4 mL OAm; degas 110C 1h; heat to 270C N2 10-30 min; PLQY 11% (band-edge improved trap suppressed Fig 5b); TEM 10.74+/-2.21 nm (slight size increase confirms shell); HAADF-STEM+EDS mapping confirms Ag/In/S/Ga distribution (Fig S12c). STOICHIOMETRIC REFERENCE (V124-S02): Ag:In=1:1 sf-AgInS2; TEM ~3.5 nm (much smaller than Irf-AIS 10.35 nm); PL ~700 nm broad defect; FWHM 166 nm; EDS Ag 21.6% In 20.6% S 57.8%; XPS In/Ag=1.21; orthorhombic AgInS2 only (XRD Fig S7 batches 5-7); demonstrates that In-rich feed drives larger NC formation + In-enriched surface + band-edge character. MECHANISM: In-enriched surface layer (confirmed by XPS depth profile) passivates surface trap states responsible for ~750 nm broad defect emission; residual In3+ on surface creates selective band-edge radiative pathway at 620 nm. caution_count=2: (1) PLQY 6.0% is low; paper frames contribution as band-edge character demonstration not PLQY optimization; (2) FWHM for Irf-AIS (REP) not explicitly tabulated as standalone nm value in paper. INC-018=0 reuse_existing confirmed: AgInS2 is existing spine vocabulary. process_sensitive_reporting_flag=1: ramp rate ~10C/min stated; degas temperature range 80-120C 1h stated; injection_rate_reported_flag=0: heating_up protocol no injection; ratio_reported_flag=1: Ag:In=1:2 feed molar ratio explicitly reported; ratio_definition_type=feed_molar; measurement_state=solution (hexane/chloroform). Wave V124 single-paper closeout.","closeout","0","0","0","1","feed_molar","1","0","1","2","6",""
"V127","I-III-VI (V-series)","NR-V127-01","V127-S01","NTR-V127-01","literature_structured","AgInS2","heating_up","0","0","180","240","643","","solution","V127-S01 = DDT route 180C 4h o-AgInS2@InSx STARTER-ANCHORED REP. Paper: Zhang Hou Qin Wang Huang Chang Cai Li Niu Hefei University of Technology Inorg. Chem. 2024 63 24754-24761 DOI 10.1021/acs.inorgchem.4c04037. Title: Ligands Induced the Growth of Colloidal AgInS2 Nanoparticles with Tuned Structure and Photoluminescence Property. Landmark ligand-induced growth study comparing DDT (1-dodecanethiol) vs OLA (oleylamine) routes using [AgR] and [InR3] molecular precursor pair at [AgR]/[InR3]=1:2 feed molar ratio. SYNTHESIS - DDT ROUTE (V127-S01 REP): [AgR] and [InR3] molecular precursors dissolved in excess DDT (1-dodecanethiol) which serves as both solvent and sulfur source and capping ligand. Mixture heated at 180C. Sequential decomposition mechanism: [AgR] decomposes first at lower temperature forming Ag2S intermediate nanoparticles (3 min: 2.5+/-0.8 nm; XPS Ag:In:S=1:0.04:0.8; EDS Ag:In:S=1.0:0:0.5 pure Ag2S). Then [InR3] decomposes at higher temperature releasing In3+ ions which incorporate into Ag2S lattice via cation exchange (Ag+ expelled) converting Ag2S to orthorhombic AgInS2 (o-AgInS2). Time series at 180C: 3 min Ag2S (2.5 nm no PL) -> 5 min transition -> 10 min transition -> 1h o-AgInS2 (6.4+/-1.3 nm; PL 643 nm + 819 nm; XPS Ag:In:S=1:0.7:1.3) -> 2h o-AgInS2 (6.9+/-1.3 nm; PL 643 nm + 820 nm; EDS Ag:In=1.0:1.0 stoichiometric) -> 4h o-AgInS2@InSx REP (7.7+/-1.6 nm; PL 643 nm + 820 nm; XPS Ag:In:S=1:1:3). REP ENDPOINT (4h): TEM diameter 7.7+/-1.6 nm (Fig S2e). XPS Ag:In:S=1:1:3 (Table S1 4h row) - excess S from thin amorphous InSx surface layer deposited on o-AgInS2 core. EDS confirms o-AgInS2 composition (Fig S4). XRD orthorhombic AgInS2 confirmed (Fig 1 PDF 25-1328). PL band-edge 643 nm + trap 820 nm from Fig S5d 2nd derivative analysis (explicit text). PLQY 0.23 percent (main text explicit for alpha-AgInS2 DDT product - very low PLQY; caution_count item 1). FWHM not tabulated explicitly (caution_count item 2). DDT-capped nanoparticles. InSx surface layer: thin amorphous deposit from excess In in DDT medium at long reaction times. NOT treated as formal crystalline shell (shell_present_flag=0; shell_presence_ambiguity_flag=1 because InSx surface layer exists but is thin and amorphous). SYNTHESIS - OLA ROUTE CONTRAST (V127-S05 through S07): [AgR]/OLA and [InR3]/OLA solutions combined and heated at 180C. OLA enables quasi-co-decomposition: both [AgR] and [InR3] decompose nearly simultaneously due to OLA amine coordination with In3+ lowering decomposition barrier. This produces amorphous Ag-In-S + In-doped Ag2S at 1m15s -> tetragonal AgInS2/InSx heterostructure (t-AgInS2/InSx) at 5 min -> stable t-AgInS2/InSx at 2h. OLA route XPS shows N from OLA amine ligand coordination at all timepoints (Ag:In:S:N = 1:0.3:1.1:0.3 at 1m15s; 1:2.2:3.9:0.9 at 5 min; 1:2.7:3.8:1.4 at 2h). OLA route PL has three overlapping bands (P1/P2/P3) vs two bands (band-edge + trap) for DDT route. OLA 180C 2h PLQY approximately 5 percent (text: 25 times larger than 0.2 percent DDT = ~5 percent estimate). TEMPERATURE VARIANTS: DDT 220C aliquots (Fig S7) - 10 min: PL 660 nm band-edge + 819 nm trap; Eg=2.06 eV. OLA 100C time series (Fig S12) - 1h: t-AgInS2 XRD; PL 688 nm band-edge; Eg=2.14 eV. OLA 220C aliquots (Fig S13) - 5 min: PL approximately 703 nm; Eg=2.17-2.23 eV. Higher T produces redder emission in both routes. GROWTH MECHANISM: DDT sequential decomposition (Ag2S -> o-AgInS2 via cation exchange) vs OLA quasi-co-decomposition (amorphous Ag-In-S -> t-AgInS2/InSx heterostructure). Ligand identity controls decomposition kinetics which controls crystal phase (orthorhombic vs tetragonal) and nanostructure (homogeneous core vs heterostructure). OLA N coordination to In3+ reduces [InR3] decomposition temperature enabling simultaneous nucleation with [AgR]. NR COMMIT VALUES (V127-S01 REP): system_tag=AgInS2 (reuse; confirmed 11+ entries in spine). route=heating_up. T_growth_C=180. time_min=240 (4h). PL_peak_nm_final=643 (Fig S5d 2nd derivative band-edge explicit). measurement_state=solution. shell_present_flag=0 (AgInS2 core only; thin InSx surface layer is not a formal crystalline shell). postprocess_present_flag=0. shell_presence_ambiguity_flag=1 (thin amorphous InSx surface layer present at 4h per XPS S ratio 3.0 and paper discussion but not a formal crystalline shell). ratio_reported_flag=1 ([AgR]/[InR3]=1:2). ratio_definition_type=feed_molar. precursor_purity_reported_flag=1. injection_rate_reported_flag=0. process_sensitive_reporting_flag=1. caution_count=2: (1) very low PLQY 0.23 percent well below typical QD values; (2) FWHM not tabulated explicitly for any DDT product. INC-018=0 reuse_existing (AgInS2 confirmed in spine with 11+ prior entries). User memo: ligand-induced growth landmark paper demonstrating ligand control of crystal phase and nanostructure via decomposition kinetics.","closeout","0","0","1","1","feed_molar","1","0","1","2","0.23",""
"V129","I-III-VI (V-series)","NR-V129-01","V129-S01","NTR-V129-01","literature_structured","AgInS2/ZnS","microwave","0","0","160","15","570","625","solution","V129-S01 = AIS@ZnS Zn/AgIn=2 PLQY 33.10% MAX REP CHAMPION. Paper: Hu, Chen, Xie, Guo, Jiang, Chen, Xu. Opt. Mater. 124 (2022) 111975 DOI 10.1016/j.optmat.2022.111975. Title: Emission tunable AgInS2 quantum dots synthesized via microwave method for white light-emitting diodes application. Suzhou Univ. Science & Technology + Jingdezhen Ceramic Institute, China. SYNTHESIS - AIS CORE: AgNO3 + In(OAc)3 (Ag:In=1:4 feed molar ratio) + sulfur powder + DDT (dodecanethiol) + ODE (1-octadecene) + glycerol (20 vol% as MW absorber) → loaded into MW vial → microwave 160°C 15 min. Glycerol volume ratio optimized 0-40%; PLQY maximum at 20% glycerol = 13.66% (Fig 2b explicit; CAUTION: starter said 27.67% = WRONG; corrected to paper-accurate 13.66%). SYNTHESIS - ZnS SHELL: Zn(OAc)2 added to AIS core dispersion at Zn/AgIn molar ratio = 2; shell growth yields AIS@ZnS; PLQY 33.10% at Zn/AgIn=2 MAX (Fig 9d explicit; CAUTION: starter said 35.66% = WRONG; corrected to paper-accurate 33.10%). OPTICAL: PL_peak_nm_final = 570 nm (tier3_fig_estimate from Fig 9c/10b; PL tuning 608→549.8 nm for Zn/AgIn 0→3; Zn/AgIn=2 interpolated ~570 nm; no explicit table value for champion PL = caution_count item 1). AIS core PL ~625 nm at 160°C (Fig 6d explicit). LIFETIME: τ_ave core=183.8 ns → τ_ave AIS@ZnS=211.76 ns (main text explicit); A1=23.25% after ZnS (decreased from 39.04%). TEM: Zn/AgIn=2 champion TEM ~4.04 nm (Fig 9); Zn/AgIn=3 TEM 4.42 nm. EDS (Fig 5b): Ag 14.517% In 28.577% S 56.906% at% (S-rich from DDT). GLYCEROL SERIES (Table 1): τ_ave 184.12→307.59→325.44 ns for 0→20→40% glycerol; glycerol reduces trap density. Ag:In SERIES (Table 2): τ_ave 294.41→183.80 ns for 1:1→1:10; In-rich → shorter τ → more traps. T SERIES: 100°C→3.65 nm; 160°C standard; 180°C→7.05 nm (Fig 6/7); higher T → larger size → redder PL. ZnS RATIO: PLQY 17%→33.10%→18% for Zn/AgIn 0.5→2→3; champion at Zn/AgIn=2. PL TUNING: 608→549.8 nm (Zn/AgIn 0→3; Fig 10b explicit). WLED (V129-S11): AIS@ZnS + Y3Al5-xGaxO12:Ce3+ + 450 nm blue LED → LE 58.83 lm/W CRI 87.6 CCT 3337 K warm white. NR COMMIT: system_tag=AgInS2/ZnS route=microwave T=160 time=15 PL=570(tier3) PLQY=33.10% shell=1 caution=2 INC-018=0.","closeout","1","0","0","1","feed_molar","0","0","1","2","33.1",""
"V110","I-III-VI (V-series)","NR-V110-01","V110-S03","NTR-V110-01","literature_structured","Mn:AgInGaZnS","heating_up","0","0","220","40","612","","solution","V110-S03 = Mn(2.5%):AIGZS PLQY CHAMPION and REP. Paper: Galiyeva Rinnert Bouguet-Bonnet Leclerc Balan Alem Blanchard Jasniewski Medjahdi Uralbekov Schneider Mn-Doped Quinary Ag-In-Ga-Zn-S Quantum Dots for Dual-Modal Imaging ACS Omega 2021 6 33100-33110 DOI 10.1021/acsomega.1c05441 Universite de Lorraine CNRS Nancy France + Kazakh National University. INC-018=1 new_system_tag: Mn:AgInGaZnS is FIRST quinary I-III-VI QD system in v1 spine (Ag+In+Ga+Zn+S 5-component host doped Mn2+). T=220 C OAm thermal decomp dithiocarbamate. Mn series: 0%(14.3% PLQY 506nm) 1%(37.9% 612nm tau 887.9us) 2.5%(41.3% MAX 612nm tau 624.3us TEM1.9nm) 5%(39.1% 612nm tau 419.9us) 10%(24.9% conc-quench 613nm tau 293.2us). EPR A=67.5G 6-line Mn2+. XPS Ag3d5/2=367.76eV In3d5/2=444.75eV Ga2p3/2=1117.71eV Zn2p3/2=1021.71eV Mn2p3/2~641.2eV S2p=161.49eV. GTMA water transfer: PL preserved zeta=-58.5mV Dh=13.7nm pH4-12 stable. MRI r1=0.15 r2=0.57 mM-1 s-1 at 2.34T dual-modal landmark. caution_count=2.","closeout","0","1","0","1","feed_molar_and_icp","1","0","1","2","41.3",""
"V098","I-III-VI (V-series)","NR-V098-01","V098-S03","NTR-V098-01","literature_structured","CuZnInSe","cation_exchange","0","0","25","","1000","","solution","V098-S03 = CZISe (Cu-Zn-In-Se) champion In/Zn=1.24 REP via cation exchange from Cu2-xSe template. Paper: Bora, Lox, Hubner, Weiss, Jalali, di Stasio, Steinbach, Gaponik, Lesnyak. Chem. Mater. 2023, 35, 4068-4077 DOI 10.1021/acs.chemmater.3c00538. Title: Composition-Dependent Optical Properties of Cu-Zn-In-Se Colloidal Nanocrystals Synthesized via Cation Exchange. TU Dresden, Germany. TEMPLATE SYNTHESIS: Se powder + DDT + OAm → heat 180°C → inject Cu(OAc)2 → hold 140°C 5-10 min → cool RT → Cu2-xSe ~3.5 nm (LSPR 1000-1200 nm Fig S3). CATION EXCHANGE: disperse Cu2-xSe in hexane → add Zn2+/In3+ stock at feed Cu:Zn:In=1:1:1 → stir RT → purify → CZISe. CE at room temperature (25°C); Ce duration not tabulated (HOLD-V098-H04). COMPOSITION (ICP-OES Table 1): final Cu:Zn:In=1:0.91:1.13; In/Zn=1.24 (champion). SERIES: 5 CZISe compositions In/Zn 0.81-1.73; PL range 980-1060 nm; PLQY 12.2-20.2%; tau_avg 115-223 ns; TEM 5.0-5.4 nm. OPTICAL: PLQY 20.2% CHAMPION (text EXPLICIT: 'PLQY values range from 12.2% to 20.2% (In/Zn=1.24)'). PL_peak_nm_final ~1000 nm (TIER3_FIG_ESTIMATE from Fig 5c; no tabulated value; HOLD-V098-H01). tau_avg = 120 ns (Fig S4 EXPLICIT; intermediate in series; V098-S06 highest=223 ns). SHELL NOTE: no formal ZnS shell deposition step; Zn-rich CE surface may provide passivation (HOLD-V098-H05; shell_presence_ambiguity_flag=1). STRUCTURAL: XRD tetragonal chalcopyrite structure (Fig 2). TEM 5.0±0.8 nm (Table 1). HOLDS: H01=PL tier3; H02=In/Zn=1.00 adjacent composition identity; H03=dual 1:1:1 feed differentiation; H04=CE duration blank; H05=shell presence ambiguity. NR COMMIT: system_tag=CuZnInSe/ZnS(draft) route=cation_exchange T=25 time=blank PL=1000(tier3) PLQY=20.2% shell=0 ambiguity=1 caution=2 INC-018=0.","closeout","0","0","1","1","icp_measured","1","0","1","2","20.2",""
"V099","I-III-VI (V-series)","NR-V099-01","V099-S01","NTR-V099-01","literature_structured","CuZnInSe/ZnS","aqueous","0","0","","","680","712","solution","V099-S01 = ZCISe/ZnS (Zn-Cu-In-Se/ZnS) aqueous Zn:Cu=1.0 REP CHAMPION. Paper: Liu, Cai, McHugh, Perkinson, Li, Wang, Wang, Jiao, Luo, Jing. Nano Research 2022, 15, 8252-8261 DOI 10.1007/s12274-022-4426-z. Title: Aqueous synthesis of bright near-infrared-emitting Zn-Cu-In-Se quantum dots for multiplexed detection of tumor markers. SYNTHESIS - CORE: GSH (glutathione) + citric acid as ligands; NaBH4/Se as Se precursor; Zn(OAc)2+CuSO4+InCl3 cation precursors in water; 100°C 30 min N2. ZCISe COMPOSITION SERIES (Table S1 ICP-OES): 8 Zn:Cu feed ratios 0.1-10.0; all show under-incorporation (actual<feed); Zn:Cu=1.0 feed actual=0.8. SHELL: Zn(OAc)2+Na2S added to ZCISe core → heat → ZnS shell; confirmed by TEM 2.6→4.0 nm increase. CORE OPTICAL (Table S3 EXPLICIT): 9 compositions Zn:Cu 0.0-10.0; PL 639-796 nm (blue→red with decreasing Zn); tau_avg 31.5-210.6 ns (tri-exponential). SHELLED OPTICAL (Table S2 EXPLICIT): PLQY series: cores 2.0-14.2%; shells 15.9-25.8%; champion ZCISe/ZnS Zn:Cu=1.0 PLQY=25.8%. PL 680 nm (Table S5 EXPLICIT for ZCISe/ZnS Zn:Cu=1:1). CORE CHAMPION (V099-S04): Zn:Cu=1.0; PL 712 nm; PLQY 14.2%; tau_avg 210.6 ns (longest); TEM 2.6 nm. FWHM ~0.35 eV (~143 nm at 712 nm) from Fig S4a ONLY (tier3_fig_estimate; caution_count item 1). WAVELENGTH-DEP DECAY (Table S4 Zn:Cu=1.0): tau_avg 183.8ns@650nm / 210.6ns@712nm / 301.5ns@800nm. SHELLED TAU: not separately tabulated (caution_count item 2; HOLD-V099-H03). BIOIMAGING: QD640-DNA (V099-S09; miRNA-21) + QD710-DNA (V099-S10; nucleolin) for multiplexed NIR tumor marker detection (Fig 5 + Fig S9). TABLE S5 COMPARISON: ZCISe/ZnS 1:1=680nm; 1:2=710nm; 1:5=725nm (redshift with lower Zn). NR COMMIT: system_tag=CuZnInSe/ZnS route=aqueous T=100 time=30 PL=680(Table S5) PLcore=712(Table S3) PLQY=25.8% shell=1 ambiguity=0 caution=2 INC-018=0. [HALLUC-PATCH: T_growth 100→blank (no direct T stated; aqueous boiling inferred only), time 30→blank (paper says 2h core+2h shell; 30 has no basis). caution_count +2.]","closeout","1","0","0","1","feed_molar_and_icp","0","0","1","4","25.8",""
"V100","I-III-VI (V-series)","NR-V100-01","V100-S01","NTR-V100-01","literature_structured","CuInSe2/ZnS","hot_injection","0","0","230","60","810","865","solution","V100-S01 = Zn:CuInSe2/ZnS hot_injection NIR OWC QD champion. Paper: Nie, Chen, Li, Wang, Wang, Zhang, Dong, Pan. J. Mater. Chem. C 2025, 13, 7043-7051 DOI 10.1039/D4TC05224B. Title: Highly efficient Zn:CuInSe2/ZnS quantum dots for near-infrared optical wireless communications. SYNTHESIS CORE: CuI 0.2 mmol + In(Ac)3 0.4 mmol + Zn(St)2 (Zn:In=0.7) + DDT 1.6 mL + ODE; degas; 120°C 30 min Ar; ramp 220°C; inject TOP-Se 0.3 mmol at 220°C; 230°C 30 min core growth. ZnS SHELL: inject Zn(OAc)2+DDT+OAm at 230°C; heat to 280°C 30 min; T_growth_C=280 time_min=30 NR commit. OPTICAL (Table S1 EXPLICIT): PL=810 nm; PLQY=62.7%; tau_avg=161 ns biexp (A1=0.45 tau1=62 ns; A2=0.55 tau2=186 ns); Stokes=150 nm; photostability>90% 250 min UV. CORE (Table S1 EXPLICIT): PL=865 nm; PLQY=18%; tau_avg=130 ns biexp (A1=0.32 tau1=11.6 ns; A2=0.68 tau2=135 ns). STRUCTURAL: TEM core-shell 5.30±0.68 nm Fig S7; core 4.59±0.71 nm; XRD tetragonal CuInSe2 ICDS 40-1487 Fig 3a. APPLICATION: OWC device 3.23 MHz bandwidth; BER<0.0038 at 14 Mbps Fig 5. FWHM: not tabulated anywhere; blank; caution_count item 1. Cu:In series PL fig-est only: caution_count item 2. INC-018=0 reuse_existing CuInSe2/ZnS. [HALLUC-PATCH: T_growth 280→230 (shell 230°C), time 30→60 (shell 60min). PL=810 retained per paper text.]","closeout","1","0","0","1","feed_molar","0","0","1","2","62.7",""
"V101","I-III-VI (V-series)","NR-V101-01","V101-S01","NTR-V101-01","literature_structured","CuInSe2/ZnSe","cation_exchange","0","0","200","50","737","750","solution","V101-S01 = CISe:Zn2+@ZnSe cation_exchange NEAR-UNITY NIR micro-LED champion. Paper: Lian, Tu, Weng, Yang, Li, Huang, Zhu, Xie, Chen. Adv. Mater. 2024, 36, 2311011 DOI 10.1002/adma.202311011. Title: Near-Infrared Nanophosphors Based on CuInSe2 Quantum Dots with Near-Unity Photoluminescence Quantum Yield for Micro-LEDs Applications. SYNTHESIS CORE: CuI 0.1 mmol + In(Ac)3 0.2 mmol + Zn(St)2 0.2 mmol (Zn/In=1.0) + ODE 10 mL + DDT 1 mL; 120°C 30 min N2; add OAm 0.5 mL + OA 0.5 mL; degas 30 min; heat to 220°C; inject TOP-Se 0.4 mmol at 220°C; 220°C 20 min core growth. ZnSe SHELL: 50 mg CISe:Zn2+ + Zn(St)2 0.2 mmol + ODE 8 mL + OAm 0.4 mL + OA 0.4 mL; 120°C 1h N2; heat to 200°C; dropwise Se 0.2 mmol in TOP+ODE over 30 min; anneal 200°C 20 min; T_growth_C=200 time_min=50 NR commit. OPTICAL (Table S5 EXPLICIT): PL=737 nm; IQY=92.8% NEAR-UNITY; FWHM=176 nm; Abs=93.6% at 450 nm. tau_avg=307 ns text explicit; prolonged from 221 ns core. TEM=7.2±1.4 nm text+Fig S3f. TA (Table S4 EXPLICIT): t1=18.61 ps A1%=12.8%; t2=165.36 ps A2%=19.4%; A3%=67.8% (t3>800 ps). THERMAL: Ea=116.4 meV; 71.5% at 423 K; LED stability 94.5% after 72h 85C/85%RH. CORE (text explicit): PL=750 nm; PLQY=28.6%; tau=221 ns; TEM=5.6±1.3 nm. Undoped: PLQY=12.5%. ICP (Table S3): Cu=0.23 In=0.46 Se=1.22 Zn=0.53. DFT (Table S1): Zn_v=-1.92 eV most favorable. APPLICATION: NIR pc-LED 88.7 mW at 350 mA; micro-LED EHD jet printing 3.7-4.2 μm pixel. caution_count=1 (route classification: CE-like mechanism in hot injection). INC-018=0 reuse_existing CuInSe2/ZnSe.","closeout","1","0","0","1","feed_molar_and_icp","1","0","1","1","92.8","176"
"V102","I-III-VI (V-series)","NR-V102-01","V102-S03","TRC-V102-01","literature_semi_structured","Mn:CISe/ZnSe","heating_up","0","0","150","20","690","","solution","V102-S03 = Mn:CISe-2/ZnSe heating_up In-rich Cu/In=1/2 PEC champion. Paper: Wang, Tong, Long, Channa, Zhao, Li, Cai, You, Sun, Wang. Nano Res. 2022, DOI 10.1007/s12274-022-4334-2. Title: Rational design of eco-friendly Mn-doped nonstoichiometric CuInSe/ZnSe core/shell QDs for boosted PEC efficiency. SYNTHESIS CORE: CuI 0.05mmol + In(Ac)3 0.1mmol + Mn(Ac)2 0.05mmol + OA 0.5mL + DDT 5mL; degas RT; evacuate 100C 30min; inject Se-ODE (0.2mmol Se in 1mL ODE) at 100C; heat to 150C 20min core growth. ZnSe SHELL: cool 100C; inject 0.1mmol ZnSt2 in 0.5mL ODE+0.5mL OLA; heat to 200C 30min. PURIFICATION: centrifuge ethanol/toluene; redisperse toluene. OPTICAL: PL ~690nm (figure estimate medium confidence); tau_avg=184ns (Table S3 tri-exponential); TEM 2.3+/-0.3nm; Eg_core=1.84eV Tauc. ICP-OES (Table S2): Mn 2.04% Cu 9.89% In 33.75% Se 40.56% Zn 13.76%; actual Cu/In=1/1.9. PEC: 6.0 mA/cm2 (3.5x vs CISe/ZnSe 1.7). PLQY: NOT REPORTED. FWHM: NOT REPORTED. caution_count=4: (1)INC-018 new_system_tag Mn:CISe/ZnSe (2)PL_peak figure_estimate (3)PLQY blank (4)FWHM blank. Stage2 triage PLQY/FWHM hallucination corrected.","main_text","1","0","0","1","feed_molar","1","0","1","4","",""
"V103","I-III-VI (V-series)","NR-V103-01","V103-S01","TRC-V103-01","literature_structured","Mn:CuInZnS","hydrothermal","0","0","95","85","590","","solution","V103-S01 = Mn-CIZS11 hydrothermal dual-emission temperature sensor champion. Paper: Bellatreccia, Ziani, Germinario, Engelaar, Battaglia, Gradone, Villa, Ceroni. Small 2024, 20, 2404425 DOI 10.1002/smll.202404425. Title: Dual Luminescent Mn(II)-Doped Cu-In-Zn-S Quantum Dots as Temperature Sensors in Water. SYNTHESIS: CuCl2 ~2.2umol + InCl3 20umol + MnSO4 1umol + Na2S 96umol + L-GSH 60umol + citrate 80umol in 10mL water; closed vessel 95C 40min core; add Zn stock (Zn(OAc)2 120umol + thiourea 90umol + GSH 180umol) 95C 45min Zn alloying (NOT core-shell). ALLOYED CIZS confirmed by 400meV blue-shift vs CISy. OPTICAL: DUAL EMISSION - CIZS host PL ~590nm (figure_estimate; tau ~0.1-1us; 85-89% of total) + Mn2+ PL 620nm (text EXPLICIT; tau=1.91ms Table S3; 11-16% of total). PLQY: NOT TABULATED for Mn-CIZS11 batch; neighbors 6-7% Table S3; Fig S20 ~6-7% in PBS. FWHM: NOT REPORTED. COMPOSITION (Table S1 ICP-AES): In:Cu meas=11.2 Zn:In meas=2.4 Mn:In meas=0.6%. STRUCTURAL: XRD zinc-blende 1.6-1.8nm Scherrer; DLS 5.0nm; HRTEM d=0.32nm. TEMPERATURE SENSING: Mn2+ lifetime slope 15 us/K in PBS 25-45C (0.8%/K); reversible; O2-independent; pH-stable 4-9. caution_count=4: (1)INC-018 new_system_tag Mn:CuInZnS (2)PL_peak figure_estimate (3)PLQY blank (4)FWHM blank. Stage2 triage corrections: route aqueous->hydrothermal; T 140C->95C; PLQY 16.9%->blank (was Mn contribution); shell->0 alloyed.","main_text","0","0","0","1","feed_molar_and_icp","1","0","1","4","",""
"V104","I-III-VI (V-series)","NR-V104-01","V104-S01","TRC-V104-01","literature_structured","Cu:ZnInSe/ZnSe","hot_injection","0","0","240","45","542","557","solution","V104-S01 = NCs@B C/S batch3 Cu:ZnInSe/ZnSe hot_injection CHAMPION. Paper: Selvaraj, Mahesh, Dhayalan, Baskaralingam, Rajendran, Gracia Pinilla, Paramasivam. RSC Appl. Interfaces 2024, 1, 1317-1333 DOI 10.1039/D4LF00132J. Title: Colloidal synthesis of emission-tunable Cu-doped Zn-In-Se/ZnSe core/shell nanocrystals for lighting and bioimaging. SYNTHESIS CORE: ZnI2 0.12mmol + In2(SO4)3 0.12mmol + Cu(NO3)2 0.01mmol + Se 1.6mmol in OLA 8mL + ODE 1mL; heat to 200C 10min; then 230C 10min under Ar. ZnSe SHELL: hot-inject 2mL Zn stock (Zn(OAc)2 2.4mmol in OLA+ODE) at 240C x3 injections 15min each. OPTICAL (ALL EXPLICIT): PL=542nm (Table 1); PLcore=557nm (Table 1); PLQY=57.95% (text p.9); FWHM=93.3nm (SI Table T2); tau_avg=348.7ns (text p.10 tri-exp). TEM=4.2+/-0.6nm; XPS Cu 2.15% In 12.90% Se 72.21% Zn 12.74% (SI Table T1). Cu doping series 0-0.08mmol tunes emission 467-780nm. caution_count=1 INC-018 only (all metrics explicit). Stage2 PLQY 18% was wrong -> actual 57.95%.","main_text","1","0","0","0","","0","0","1","1","57.95","93.3"
"V106","I-III-VI (V-series)","NR-V106-01","V106-S01","TRC-V106-01","literature_structured","CuZnInS/ZnS","hot_injection","0","0","200","30","590","","solution","V106-S01 = ZCIS/ZnS-MPA hot_injection bioimaging CHAMPION cc=0. Paper: Cunha, da Silva, Munk, dos Santos, Thome, Campos-Junior, Schiavon. ACS Appl. Nano Mater. 2025, 8, 22373-22388 DOI 10.1021/acsanm.5c04267. Title: Synthesis of Zn-Cu-In-S/ZnS QDs via Ligand Exchange for Bioimaging and Comprehensive Toxicity Evaluation. SYNTHESIS: InCl3 0.2mmol + ZnCl2 0.2mmol + CuCl 0.2mmol + DDT 0.6mL + ODE 4mL; degas 90C 30min vacuum; Ar purge 180C 5min; S-ODE (0.8mmol S) at 160C 10min core; ZnS shell (ZnCl2 0.2mmol in OAm+ODE) at 200C 30min; purify ethanol/CHCl3; ligand exchange to MPA (water-dispersible). OPTICAL (ALL EXPLICIT): PL=590nm (text 590.3nm); PLQY=18% (Table 1); FWHM=113nm (text 113.2nm); tau=115ns (Table 1 biexp). TEM=3.93+/-0.32nm chalcopyrite; Eg=2.6eV; Stokes shift ~370meV. FIRST cc=0 in I-III-VI pilot. INC-018=0 reuse CuZnInS/ZnS. Toxicity: comprehensive in vivo/in vitro safe at 300mg/kg.","main_text","1","1","0","0","","0","0","1","0","18","113"
"V108","I-III-VI (V-series)","NR-V108-01","V108-S03","TRC-V108-01","literature_structured","CuZnInS/ZnS/ZnS","aqueous","0","0","95","225","725","","solution","V108-S03 = ZCIS/ZnS-ZnS multi-shell aqueous CHAMPION Cu(II) sensor. Paper: Mgedle, Aladesuyi, Lebepe, Ncapayi, Oluwafemi. Green Process. Synth. 2023, 12, 20228155 DOI 10.1515/gps-2022-8155. Title: Facile aqueous synthesis of ZnCuInS/ZnS-ZnS QDs with enhanced PL lifetime for Cu(II) detection. SYNTHESIS: Aqueous reflux 95C; ZnCuInS core (Zn(OAc)2+CuCl2+InCl3+GSH+citrate+Na2S) 65min; ZnS shell1 (Zn(OAc)2+thiourea) 80min; ZnS shell2 80min; total 225min. Reagent amounts not specified (refs Toeleke et al.). OPTICAL (Table 1 EXPLICIT): PL=725nm; PLQY=6.44%; tau=43.69ns (biexp tau1=4.38 tau2=82.99ns); Eg=4.39eV. FWHM NOT REPORTED. TEM=3.66+/-0.81nm spherical; XRD zinc blende. Cu(II) sensor LOD=1.4uM Stern-Volmer. caution_count=2: INC-018 new CuZnInS/ZnS/ZnS + FWHM_blank. main_only no SI.","main_text","1","0","0","0","","0","0","1","2","6.44",""
"V051","I-III-VI (V-series)","NR-V051-02","V051-S09","TRC-V051-02","literature_structured","AgZnInS","hot_injection","0","0","170","","684","","solution","V051-S09 = AZIS Ag/Zn=1/1 quaternary Ag-Zn-In-S CHAMPION. RETROACTIVE multi-NR from V051 (NR-V051-01 is AIS binary AgInS2 at 642nm PLQY 62%). Paper: Xiang, Xie, Wang, Zhong, Liang, Yang, Luo, Chen. J. Alloys Compd. 588 (2014) 114-121 DOI 10.1016/j.jallcom.2013.10.188. Title: Studies on highly luminescent AgInS2 and Ag-Zn-In-S quantum dots. SYNTHESIS: AgNO3 + Zn(OAc)2 (Ag/Zn=1/1) + InCl3 + DDT + ODE; hot-injection at 170C; bare QDs no shell. OPTICAL: PL=684nm (text p.119 EXPLICIT 'blue-shifted from 684 to 510nm'); PLQY=34% (text p.119 EXPLICIT 'ca. 34%'); FWHM not reported for AZIS. INDEPENDENCE: Binary AgInS2 (3 elements) vs Quaternary AgZnInS (4 elements Zn added); different crystal structure (zinc blende ZnS+tetragonal vs pure tetragonal/spinel); different synthesis T (170C vs 110C). caution_count=2: FWHM_blank + time_blank. system_tag=AgZnInS reuse V029 INC-018=0.","main_text","0","0","0","0","","0","0","1","2","",""
"V060","I-III-VI (V-series)","NR-V060-01","V060-S07","TRC-V060-01","literature_semi_structured","CuInS2/ZnS","aqueous","0","0","100","45","","","solution","CIS/ZnS Cu:In=0.6 champion; aqueous MPA-capped 100C/45min; PL ~700nm core (text ~approx) / ~655nm core/shell (figure label) — both approximate, set blank. QY figure-only (6-8x enhancement from ~0.15%); FWHM ~158nm core (text); ZnS SILAR shell. Multi-NR: CIS independent from ZCIS by composition(ternary vs quaternary)+system_tag+application(no bio vs cell imaging).","main_text","1","0","0","1","feed_molar","0","0","0","3","",""
"V060","I-III-VI (V-series)","NR-V060-02","V060-S13","TRC-V060-02","literature_semi_structured","CuZnInS/ZnS","aqueous","0","0","100","40","","","solution","30% ZCIS/ZnS champion; aqueous MPA-capped 100C/40min; PL ~670nm core ~666nm core/shell (figure+text derived — blank). QY 1.4→4.7% after ZnS (text p.7). FWHM ~120nm core (figure est). ZnS SILAR shell. Cell imaging demonstrated. Multi-NR: ZCIS independent from CIS by composition(quaternary vs ternary)+system_tag+application(cell imaging).","main_text","1","0","0","1","feed_molar","0","0","0","2","4.7",""
"V069","I-III-VI (V-series)","NR-V069-01","V069-S01","TRC-V069-01","literature_semi_structured","AgZnInS/ZnS","hot_injection","0","0","130","120","530","","solution","G-type AIZS/ZnS green champion; hot_injection ODE/OlAm; core 90C/3min then 1st alloy 180C then 2nd alloy/shell 130C/2h; PL ~530nm (SI FigS1a figure_estimate); PLQY 41% (text Conclusions); FWHM blank; QLED 999 cd/m2 1.12 cd/A 0.39% EQE CIE(0.331,0.448); multi-NR: independent green band composition (S=0.6mmol) + device.","main_text","1","0","0","0","feed_molar","0","0","0","2","41",""
"V069","I-III-VI (V-series)","NR-V069-02","V069-S02","TRC-V069-02","literature_semi_structured","AgZnInS/ZnS","hot_injection","0","0","160","120","560","","solution","Y-type AIZS/ZnS yellow champion; hot_injection; core 160C/3min then 1st alloy 180C then 2nd alloy/shell 160C/2h; PL ~560nm (SI FigS1b figure_estimate); PLQY 51% (text Conclusions); FWHM blank; QLED 698 cd/m2 1.17 cd/A 0.49% EQE CIE(0.346,0.431); multi-NR: independent yellow band composition (S=0.3mmol) + device.","main_text","1","0","0","0","feed_molar","0","0","0","2","51",""
"V069","I-III-VI (V-series)","NR-V069-03","V069-S03","TRC-V069-03","literature_semi_structured","AgZnInS/ZnS","hot_injection","0","0","200","120","590","","solution","A-type AIZS/ZnS amber champion; hot_injection; core 180C/3min then 1st alloy 180C then 2nd alloy/shell 200C/2h; PL ~590nm (SI FigS1c figure_estimate); PLQY 52% (text Conclusions highest); FWHM blank; QLED 498 cd/m2 0.36 cd/A 0.25% EQE CIE(0.372,0.444); multi-NR: independent amber band composition (S=0.5mmol) + device.","main_text","1","0","0","0","feed_molar","0","0","0","2","52",""
"V063","I-III-VI (V-series)","NR-V063-01","V063-S04","TRC-V063-01","literature_semi_structured","CuZnInS/ZnS","aqueous","0","0","","","622","","solution","CZIS/ZnS nZn/nCuInZn=1.33 champion; aqueous one-pot GSH; QY 26.12% Table2; PL ~622nm; T/time not reported; Na2S; WLED CRI=87.2. cc=3.","main_text","1","0","0","1","feed_molar","0","0","0","3","26.12",""
"V070","I-III-VI (V-series)","NR-V070-01","V070-S01","TRC-V070-01","literature_semi_structured","AgZnInS","aqueous","0","0","25","270","545","","solution","AIZS Ag:Zn:In=0.2:2:4 champion; aqueous RT/4.5h MPA; QY 41.2% text; PL ~545nm fig_est; tau=262.55ns; pH 9.5; 80-day stability. cc=2.","main_text","0","0","0","1","feed_molar","0","0","0","2","41.2",""
"V081","I-III-VI (V-series)","NR-V081-01","V081-S08","TRC-V081-01","literature_semi_structured","CuZnInS/ZnS","hot_injection","0","0","230","30","527","","solution","ZCIS/ZnS 6-shell champion; hot_injection DDT/ODE; core 230C/30min; QY 35% text Conclusions (MPTMS-capped); PL ~527nm fig_est; FWHM blank; size 10-11nm. cc=2.","main_text","1","1","0","1","feed_molar","0","0","0","2","35",""
"V092","I-III-VI (V-series)","NR-V092-01","V092-S04","TRC-V092-01","literature_semi_structured","AgZnInS/ZnS","hot_injection","0","0","210","60","524","","solution","AgZnInS/ZnS SchemeII champion; hot_injection+Zn_exchange+ZnS_shell 210C/60min; QY 60% text; PL 524nm text; FWHM 96nm text; Ag/In=1:8; 4-color WLED CRI=97.1. cc=0.","main_text","1","0","0","1","feed_molar","0","0","0","0","60","96"
"V089","I-III-VI (V-series)","NR-V089-01","V089-S06","TRC-V089-01","literature_semi_structured","AgInS2/ZnS","hot_injection","0","0","130","20","666","","solution","AIS/ZnS In/Ag=4 champion; hot_injection 130C/20min shell; QY 72% Table1; PL ~666nm fig_est; FWHM blank; QLED EQE 1.25%. cc=2.","main_text","1","0","0","1","feed_molar","0","0","0","2","72",""
"V028","I-III-VI (V-series)","NR-V028-01","V028-S01","TRC-V028-01","literature_semi_structured","AgInGaS2/GaSx","hot_injection","0","0","280","30","524","","solution","AIGS/Ga-S single composition; hot_injection 130C; core 200C/20min; Ga-S shell 280C/30min; QY 39% text; PL ~524nm from EL; FWHM blank (EL=30nm); size 6.9nm. cc=2.","main_text","1","0","0","1","feed_molar","0","0","0","2","39",""
"V078","I-III-VI (V-series)","NR-V078-01","V078-S05","TRC-V078-01","literature_semi_structured","CuInS2/ZnS","continuous_flow","0","0","230","10","712","","solution","CIS/ZnS continuous-flow microreactor champion; TR 230C shell 10min; QY 50% Table1; PL 712nm Table1; FWHM blank; core 250C/10min 3ml/min; shell 2ml/min. cc=1.","main_text","1","0","0","1","feed_molar","0","0","0","1","50",""
"V093","I-III-VI (V-series)","NR-V093-01","V093-S15","TRC-V093-01","literature_semi_structured","AgInS2/ZnS","microwave_hydrothermal","0","0","120","5","582","","solution","AIS@ZnS MW hydrothermal champion; core 120C/5min MW sealed vessel; ZnS shell 90C/2min; QY 35.66% text; PL ~582nm fig_est; FWHM blank; IL/AgIn=2.5; Zn/AgIn=3; WLED CRI=87.7. cc=2.","main_text","1","0","0","1","feed_molar","0","0","0","2","35.66",""
"V096","I-III-VI (V-series)","NR-V096-01","V096-S01","TRC-V096-01","literature_semi_structured","AgInS2","heating_up","0","0","180","60","690","","solution","AIS Ag/In=1.0 champion; heating_up OAm 180C/60min oil bath; QY 74% text; PL ~690nm fig_est; FWHM blank; core-only no shell; QDSC PCE 2.91%. cc=2.","main_text","0","0","0","1","feed_molar","0","0","0","2","74",""
"V079","I-III-VI (V-series)","NR-V079-01","V079-S04","TRC-V079-01","literature_semi_structured","CuInS2/ZnS","solvothermal","0","0","60","40","554","","solution","CIS/ZnS solvothermal 60C sealed autoclave; QD#8 smallest size-sorted fraction; QY ca.81% text_explicit body; PL ~554nm fig; FWHM ~90nm text abstract; core 5h40min DDT/DMF; ZnS shell 40min. cc=1.","main_text","1","0","0","1","feed_molar","0","0","0","1","81","90"
"V136","I-III-VI (V-series)","NR-V136-01","V136-S04","TRC-V136-01","literature_structured","CuInS2/ZnS","solvothermal","0","0","180","340","554","","solution","CIS/ZnS solvothermal 180C sealed autoclave; QD#8 smallest size-sorted; QY ca.81% text; PL 554nm text; FWHM ~90nm text; Cu:In=1:3.5; unsorted QY=65%. cc=0.","main_text","1","0","0","1","feed_molar","0","0","0","0","81","90"
"V147","I-III-VI (V-series)","NR-V147-01","V147-S02","TRC-V147-01","literature_semi_structured","CuInS2/ZnS","heating_up","0","0","230","20","600","","solution","CIS/ZnS heating_up ODE 230C; QY 60% text (max); PL ~600nm fig_est; seminal Li 2009 Chem Mater; in vivo imaging paper; PL range 550-815nm. cc=2.","main_text","1","0","0","1","feed_molar","0","0","0","2","60",""
"V148","I-III-VI (V-series)","NR-V148-01","V148-S02","TRC-V148-01","literature_semi_structured","CuZnInS/ZnS","heating_up","0","0","240","20","560","","solution","Cu-doped ZnInS/ZnS non-injection heating_up; 2%Cu champion; QY 65% text; PL ~560nm fig; FWHM 93nm text; core 220C/20min; ZnS shell 240C/20min; method B (In-oleate). cc=1.","main_text","1","0","0","1","feed_molar","0","0","0","1","65","93"
"V143","I-III-VI (V-series)","NR-V143-01","V143-S02","TRC-V143-01","literature_structured","CuInS2/ZnS","continuous_flow","0","0","210","1","556.7","","solution","CIS/ZnS CTAB water-soluble; hybrid flow reactor; core 210C/1min + ZnS furnace continuous_flow; QY 56% text; PL 556.7nm text; stable 6 months; Cu:In=1:2. cc=1.","main_text","1","0","0","1","feed_molar","0","0","0","1","56",""
"V140","I-III-VI (V-series)","NR-V140-01","V140-S02","TRC-V140-01","literature_semi_structured","CuInS2/ZnS","hydrothermal","0","0","180","30","710","","solution","CIS/ZnS hydrothermal NAC-capped water-soluble; QY 30% text (corrected from briefed 42%); PL ~710nm fig_est (~1.75eV from Fig8a); FWHM blank; non-HI; BCSJ Iida 2019. cc=2.","main_text","1","0","0","1","feed_molar","0","0","0","2","30",""
"V142","I-III-VI (V-series)","NR-V142-01","V142-S01","TRC-V142-01","literature_structured","CuInS2","heating_up","0","0","210","15","633","","solution","CIS core heating_up diesel oil; Cu:In=1:1 210C/15min; QY 60% text; PL 633nm (1.96eV text-derived); FWHM 102nm (315meV text-derived); large-scale low-cost non-HI. cc=1.","main_text","0","0","0","1","feed_molar","0","0","0","1","60","102"
"V150","I-III-VI (V-series)","NR-V150-01","V150-S01","TRC-V150-01","literature_semi_structured","CuZnInS/ZnS/ZnS","hot_injection","0","0","230","10","530","","solution","CZIS/ZnS//ZnS E-QDs champion; hot_injection 230C/10min core; QY 83% text abstract; PL 530nm text; FWHM blank; EHA ligand-assisted; LED EQE paper. cc=1.","main_text","1","0","0","1","feed_molar","0","0","0","1","83",""
"V158","I-III-VI (V-series)","NR-V158-01","V158-S01","TRC-V158-01","literature_semi_structured","AgInGaS2","heating_up","0","0","180","10","620","","solution","AIGS AgInS2-AgGaS2 solid solution y=1.0 (pure AIS); heating_up OAm 180C/10min; QY 45% text; PL ~620nm (y=1.0 endpoint); FWHM 150-200nm text (avg 175nm); Torimoto 2010. cc=0.","main_text","0","0","0","1","feed_molar","0","0","0","0","45","175"
"V157","I-III-VI (V-series)","NR-V157-01","V157-S02","TRC-V157-01","literature_semi_structured","AgInS2/ZnS","microwave_aqueous","0","0","160","6","550","","solution","AIS@ZnS MW aqueous GSH; QY 49% text abstract (core/shell); PL ~550nm fig_est (tunable 500-600nm text); microwave 160C/5.5min; bioimaging paper; non-HI. cc=1.","main_text","1","0","0","1","feed_molar","0","0","0","1","49",""
"V159","I-III-VI (V-series)","NR-V159-01","V159-S01","TRC-V159-01","literature_semi_structured","ZAIS/ZIS/ZnS","heating_up","0","0","190","10","580","","solution","ZnInS:Ag/ZnS Ag-doped; heating_up noninjection 190C; QY 63.5% text; PL ~580nm fig_est (tunable 458-603nm text); non-HI; bioimaging. cc=1.","main_text","1","0","0","1","feed_molar","0","0","0","1","63.5",""
"V149","I-III-VI (V-series)","NR-V149-01","V149-S01","TRC-V149-01","literature_semi_structured","CuZnInS/ZnS","heating_up","0","0","220","10","550","","solution","Cu-doped Zn-In-S/ZnS heating_up; QY up to 85% text; PL ~550nm fig_est (tunable 450-810nm); DDT+S+OAm; Park Chem Mater 2014; non-HI. cc=1.","main_text","1","0","0","1","feed_molar","0","0","0","1","85",""
"V154","I-III-VI (V-series)","NR-V154-01","V154-S01","TRC-V154-01","literature_semi_structured","AgInS2","hot_injection","0","0","150","60","560","","solution","AIS QDs chalcopyrite; QY=63% text D=2.5nm; PL ~560nm fig_est; D-A pair; JPCC 2014. cc=2.","main_text","0","0","0","1","feed_molar","0","0","0","2","63",""
"V151","I-III-VI (V-series)","NR-V151-01","V151-S01","TRC-V151-01","literature_structured","CuZnInS","cation_exchange","0","0","240","10","630","","solution","ZCIS nanoplatelets from In2S3 template; cation_exchange Cu@180C+Zn@240C/10min; QY 28% text; PL 630nm text; FWHM 80nm text; all text_explicit. cc=0.","main_text","0","0","0","1","feed_molar","0","0","0","0","28","80"
"V059","I-III-VI (V-series)","NR-V059-01","V059-S01","TRC-V059-01","literature_structured","CuZnInS/ZnS","hot_injection","0","0","230","","700","670","final_purified","V059-S01 CIZS/ZnS-230 first-shell representative per Wave 1 option_A. PL=700 nm text-explicit (p.6795 blue-shift); raw 650 was hallucinated (CUR-V059-W1-01 correction). QY=28.9+/-2.9% text-explicit. system_tag=CuZnInS/ZnS matches spine. Route=hot_injection, ZnS first shell at 230 C via syringe pump 5 mL/h. FWHM blank (not reported). time_min blank (per-sample not text-explicit). Abstract 41.6% aspirational unmatched to series; 28.9% is series max. Second-shell series (S04-S06) kept raw_only.","main_text","1","0","0","0","","1","1","0","3","28.9",""
"L057","InP (L-series)","NR-L057-01","L057-S07","TRC-L057-01","literature_structured","InP/ZnS","aminophosphine","no","no","200","","607","","final_purified","InP/ZnS continuous-flow MAIN rep: source L057-S07, Wang & Segets 2023 React Chem Eng 8 316-322 (UDE / CENIDE Duisburg-Essen). User-approved 2026-05-04 GATE-L057-006 option_A: route=aminophosphine (existing base form, count=4 pre-L057, NO new compound vocabulary), system_tag=InP/ZnS (existing, count=19 pre-L057, NO INC-018). Key metrics ALL text-explicit: PL emission peak 607 nm (main p.320 §3 + Fig 4a; HORIBA Fluorolog-3 @ 400 nm excitation; SOLUTION PL of final-purified InP/ZnS colloid in n-hexane), PLQY 30.9% (main p.320 §3 + Fig 4b inset + abstract + conclusion §4; absolute PLQY via integrating sphere F-3018), FWHM 90 nm (abstract + main + conclusion; paper attributes broadening to surface defects). Synthesis: customized tubular continuous-flow reactor with two heating boxes (HB1 core 200 C, core flow 0.06 mL/min; HB2 shell 200 C, DDT inline 0.03 mL/min, combined 0.09 mL/min); SS spiral tubes OD 1/16 inch ID 0.9975 mm length ~4.6 m; ayxessis GmbH dual-syringe pump for truly continuous flow; premixed precursor stock heat-transfer-only design. Precursor stock InCl3 (99.999%) : ZnCl2 (>=98%) : tris(diethylamino)phosphine PDEA (97%) = 4 : 20 : 16 mmol in oleylamine (Acros 80-90%); ZnCl2 acts as Lewis-acid catalyst (analogous to L016 L017 L054 sister precedents); paper does NOT report ICP/EDX of QDs, so system_tag remains InP/ZnS (NOT In(Zn)P/ZnS) per §9.4 + project curation rules system_tag-from-body rule. DDT used as S source instead of TOP-S. CAUTION 1: time_min blank per L051 NR-L051-01 / TG-L051-148 precedent — continuous tubular flow with separate HB1+HB2 zones is structurally not comparable to single-point growth-hold convention; explicit residence times in paper only at 0.03/0.05/0.1/0.3/1.5 mL/min (not at 0.06/0.09 mL/min used for REP); full per-zone flow-rate detail in raw_process_events PE-015/PE-016. CAUTION 2: first continuous-flow representative under aminophosphine route in spine (existing continuous_flow rows are CIS/ZnS only V078 V143); single-paper-precedent for methodology fold; future revisit per §9.6 if more flow-aminophosphine InP papers accumulate. CAUTION 3: FWHM 90 nm broader than sister aminophosphine cluster (37-53 nm L013/L016/L017/L018/L035/L054) — value preserved exactly as text-explicit; paper notes surface-defect-related broadening. Modality CLEAN final_purified solution PL in n-hexane (no device EL / film PL / phosphor matrix; no L048-style modality mismatch). Coverage: fills empty 580-700 nm orange-red gap in aminophosphine cluster (between L017 540 nm and L054 720 nm). License source_license=CC BY-NC 3.0 logged at CUR-L057-LICENSE-01. Existing system_tag InP/ZnS count=19 pre-L057. Wang2023 React Chem Eng 8 316-322 DOI 10.1039/d2re00378c.","text","1","0","0","0","","1","1","1","3","30.9","90"
