candidate_id,method,T_growth_C,time_min,shell_innermost,shell_layer_count,shell_composition_tier,outer_is_ZnS,route,pred_PL_peak_nm,pred_PL_peak_nm_std,maha_distance,extrap_flag
M1-0000,M1,319.3121,4.1680,ZnS,2,double_shell,1,hot_injection,513.5625,61.2864,1.8104,in_distribution
M1-0001,M1,258.9981,34.0092,ZnSe,2,double_shell,1,hot_injection,671.1746,55.6686,0.9332,in_distribution
M1-0002,M1,334.5476,5.9432,ZnS,1,single_shell,1,hot_injection,559.8602,51.6314,2.0310,in_distribution
M1-0003,M1,305.5262,6.7240,ZnS,2,double_shell,1,hot_injection,516.7161,60.8033,1.5172,in_distribution
M1-0004,M1,196.9519,85.5112,ZnSe,1,single_shell,1,hot_injection,601.2949,50.5416,1.0647,in_distribution
M1-0005,M1,355.6120,24.0580,ZnS,2,double_shell,1,hot_injection,525.9415,60.3088,2.5703,extrapolation
M1-0006,M1,317.0051,396.5805,ZnSe,2,double_shell,1,hot_injection,620.6661,43.0519,3.1123,extrapolation
M1-0007,M1,321.4916,16.2746,ZnSe,1,single_shell,1,hot_injection,625.6447,45.9583,1.8519,in_distribution
M1-0008,M1,203.0605,140.6318,ZnSe,1,single_shell,1,hot_injection,601.4382,49.7899,1.3732,in_distribution
M1-0009,M1,261.0695,34.5243,ZnS,2,double_shell,1,hot_injection,558.3389,77.5679,0.9743,in_distribution
M1-0010,M1,246.7436,99.0123,ZnSe,1,single_shell,1,hot_injection,643.4413,58.3448,1.3861,in_distribution
M1-0011,M1,346.8177,71.9512,ZnSe,2,double_shell,1,hot_injection,620.9911,44.5749,2.7584,extrapolation
M1-0012,M1,295.8957,36.7292,ZnSe,2,double_shell,1,hot_injection,634.3173,43.8019,1.6010,in_distribution
M1-0013,M1,328.0971,460.5113,ZnSe,2,double_shell,1,hot_injection,618.8236,42.1112,3.3537,extrapolation
M1-0014,M1,259.8146,18.4381,ZnSe,1,single_shell,1,hot_injection,639.8065,49.8483,0.7232,in_distribution
M1-0015,M1,220.9030,7.6727,ZnSe,2,double_shell,1,hot_injection,602.3564,76.5127,0.5406,in_distribution
M1-0016,M1,279.8253,109.0024,ZnSe,2,double_shell,1,hot_injection,629.5093,45.6044,1.8615,in_distribution
M1-0017,M1,191.4871,265.3445,ZnSe,1,single_shell,1,hot_injection,604.0615,43.9883,1.7865,in_distribution
M1-0018,M1,328.9736,3.7132,ZnS,2,double_shell,1,hot_injection,509.4192,59.5597,1.9862,in_distribution
M1-0019,M1,293.6996,32.4892,ZnSe,1,single_shell,1,hot_injection,642.2225,53.3005,1.5170,in_distribution
M1-0020,M1,316.4558,339.4394,ZnS,2,double_shell,1,hot_injection,544.4888,64.5344,3.0174,extrapolation
M1-0021,M1,243.8147,159.2268,ZnSe,2,double_shell,1,hot_injection,638.7380,74.3146,1.6650,in_distribution
M1-0022,M1,354.7256,574.5139,ZnSe,2,double_shell,1,hot_injection,618.8236,42.1112,3.8662,extrapolation
M1-0023,M1,340.7618,50.1095,ZnSe,2,double_shell,1,hot_injection,620.9911,44.5749,2.5156,in_distribution
M1-0024,M1,320.1090,99.0356,ZnSe,2,double_shell,1,hot_injection,620.6661,43.0519,2.4382,in_distribution
M1-0025,M1,215.0350,14.8983,ZnSe,1,single_shell,1,hot_injection,626.6213,68.2346,0.1760,in_distribution
M1-0026,M1,264.0098,454.3903,ZnS,1,single_shell,1,hot_injection,592.1824,45.9436,2.5411,extrapolation
M1-0027,M1,187.8847,20.8963,ZnSe,2,double_shell,1,hot_injection,580.9157,30.0866,0.6160,in_distribution
M1-0028,M1,207.7721,150.1262,ZnSe,2,double_shell,1,hot_injection,634.5985,67.1515,1.4211,in_distribution
M1-0029,M1,302.9488,25.3956,ZnS,2,double_shell,1,hot_injection,553.8014,73.5388,1.6070,in_distribution
M1-0030,M1,314.0572,58.8686,ZnSe,2,double_shell,1,hot_injection,620.9911,44.5749,2.1063,in_distribution
M1-0031,M1,354.1518,135.9448,ZnSe,1,single_shell,1,hot_injection,626.2330,47.6825,3.1505,extrapolation
M1-0032,M1,238.6486,44.4830,ZnSe,1,single_shell,1,hot_injection,640.9206,62.8765,0.7916,in_distribution
M1-0033,M1,246.6827,366.7365,ZnSe,1,single_shell,1,hot_injection,643.4413,58.3448,2.2391,in_distribution
M1-0034,M1,264.5200,27.6659,ZnSe,3,triple_plus_shell,1,hot_injection,652.1455,44.8223,0.9380,in_distribution
M1-0035,M1,214.1048,92.4811,ZnS,2,double_shell,1,hot_injection,550.5371,76.8556,1.1122,in_distribution
M1-0036,M1,203.3859,18.4038,ZnS,2,double_shell,1,hot_injection,476.3523,36.4085,0.3382,in_distribution
M1-0037,M1,265.6269,26.0797,ZnSe,1,single_shell,1,hot_injection,650.1927,55.5849,0.9352,in_distribution
M1-0038,M1,220.8437,30.8809,ZnS,1,single_shell,1,hot_injection,595.8017,78.7220,0.3983,in_distribution
M1-0039,M1,300.5665,5.8426,ZnS,2,double_shell,1,hot_injection,515.6054,61.9971,1.4507,in_distribution
M1-0040,M1,258.6873,4.8773,ZnSe,2,double_shell,1,hot_injection,611.3233,24.6873,0.9304,in_distribution
M1-0041,M1,329.8821,103.0471,ZnS,2,double_shell,1,hot_injection,544.4888,64.5344,2.6188,extrapolation
M1-0042,M1,306.0477,96.7135,ZnS,2,double_shell,1,hot_injection,544.4188,64.4600,2.1980,in_distribution
M1-0043,M1,236.2260,100.5765,ZnS,2,double_shell,1,hot_injection,550.2846,71.2685,1.2959,in_distribution
M1-0044,M1,329.8068,3.3312,ZnS,2,double_shell,1,hot_injection,507.1391,58.5828,2.0187,in_distribution
M1-0045,M1,324.8576,16.9245,ZnSe,3,triple_plus_shell,1,hot_injection,634.3371,41.0181,1.9217,in_distribution
M1-0046,M1,249.7461,8.5563,ZnSe,2,double_shell,1,hot_injection,583.6312,59.9235,0.5938,in_distribution
M1-0047,M1,231.8991,185.2128,ZnSe,2,double_shell,1,hot_injection,680.6062,62.8186,1.6697,in_distribution
M1-0048,M1,302.8492,286.7198,ZnSe,2,double_shell,1,hot_injection,620.0111,43.5253,2.7308,extrapolation
M1-0049,M1,205.1554,11.0851,ZnSe,1,single_shell,1,hot_injection,594.0741,59.2861,0.4800,in_distribution
M1-0050,M1,215.9835,103.2434,ZnS,2,double_shell,1,hot_injection,556.1953,81.3342,1.1916,in_distribution
M1-0051,M1,181.3252,5.9537,ZnSe,1,single_shell,1,hot_injection,577.8815,44.2707,1.1685,in_distribution
M1-0052,M1,321.6464,12.8901,ZnSe,2,double_shell,1,hot_injection,618.9642,25.2456,1.8211,in_distribution
M1-0053,M1,299.6732,6.2542,ZnS,2,double_shell,1,hot_injection,516.4934,61.4881,1.4262,in_distribution
M1-0054,M1,306.9298,13.4744,ZnSe,2,double_shell,1,hot_injection,617.9692,26.6337,1.5525,in_distribution
M1-0055,M1,320.5312,107.0805,ZnSe,2,double_shell,1,hot_injection,620.6661,43.0519,2.4817,in_distribution
M1-0056,M1,262.6048,373.0876,ZnS,2,double_shell,1,hot_injection,549.1581,68.9308,2.4001,in_distribution
M1-0057,M1,282.3734,8.7727,ZnSe,1,single_shell,1,hot_injection,624.9673,48.0811,1.0956,in_distribution
M1-0058,M1,205.1635,53.0226,ZnSe,1,single_shell,1,hot_injection,624.3583,57.3360,0.7478,in_distribution
M1-0059,M1,200.6154,123.3228,ZnSe,1,single_shell,1,hot_injection,601.4382,49.7899,1.2883,in_distribution
M1-0060,M1,300.3125,467.5461,ZnS,2,double_shell,1,hot_injection,544.2506,64.9083,2.9817,extrapolation
M1-0061,M1,264.7973,76.0131,ZnSe,2,double_shell,1,hot_injection,640.6381,53.5953,1.4471,in_distribution
M1-0062,M1,281.7425,11.5912,ZnSe,1,single_shell,1,hot_injection,626.3078,48.0874,1.0759,in_distribution
M1-0063,M1,317.6998,82.4832,ZnSe,2,double_shell,1,hot_injection,620.1977,44.1503,2.3145,in_distribution
M1-0064,M1,294.2493,16.3901,ZnSe,2,double_shell,1,hot_injection,621.5465,11.2882,1.3438,in_distribution
M1-0065,M1,279.6443,528.7154,ZnS,2,double_shell,1,hot_injection,545.1198,65.0143,2.8055,extrapolation
M1-0066,M1,280.6573,24.9338,ZnSe,2,double_shell,1,hot_injection,620.5460,13.0648,1.1920,in_distribution
M1-0067,M1,234.7110,113.3212,ZnS,1,single_shell,1,hot_injection,615.0572,51.8009,1.3625,in_distribution
M1-0068,M1,185.5472,3.3929,ZnSe,2,double_shell,1,hot_injection,558.8860,46.9172,1.4278,in_distribution
M1-0069,M1,258.6091,24.9847,ZnSe,2,double_shell,1,hot_injection,631.8079,37.5742,0.7944,in_distribution
M1-0070,M1,218.6252,309.5780,ZnS,1,single_shell,1,hot_injection,615.0551,55.5572,1.9407,in_distribution
M1-0071,M1,253.5352,76.0804,ZnSe,3,triple_plus_shell,1,hot_injection,641.6671,47.4785,1.2996,in_distribution
M1-0072,M1,333.6126,31.5244,ZnSe,2,double_shell,1,hot_injection,641.3689,53.9872,2.2344,in_distribution
M1-0073,M1,222.1091,427.3085,ZnS,2,double_shell,1,hot_injection,556.1937,81.3357,2.1744,in_distribution
M1-0074,M1,190.4945,276.7993,ZnSe,2,double_shell,1,hot_injection,601.6508,42.7980,1.8144,in_distribution
M1-0075,M1,230.6491,16.5405,ZnSe,2,double_shell,1,hot_injection,633.6193,72.2728,0.1571,in_distribution
M1-0076,M1,232.8469,53.7209,ZnS,2,double_shell,1,hot_injection,559.4723,80.3992,0.8535,in_distribution
M1-0077,M1,299.1450,40.1996,ZnSe,2,double_shell,1,hot_injection,634.0873,43.9267,1.6928,in_distribution
M1-0078,M1,280.2658,85.4748,ZnSe,2,double_shell,1,hot_injection,629.4231,46.6448,1.7347,in_distribution
M1-0079,M1,321.1017,17.6166,ZnSe,1,single_shell,1,hot_injection,626.9088,45.7527,1.8589,in_distribution
M1-0080,M1,299.5764,10.9407,ZnSe,1,single_shell,1,hot_injection,627.3355,47.2494,1.3994,in_distribution
M1-0081,M1,253.1496,377.7518,ZnSe,1,single_shell,1,hot_injection,643.0388,56.5753,2.3159,in_distribution
M1-0082,M1,326.5237,400.8521,ZnS,2,double_shell,1,hot_injection,544.4888,64.5344,3.2544,extrapolation
M1-0083,M1,210.0551,261.5969,ZnSe,2,double_shell,1,hot_injection,641.0352,68.3691,1.7963,in_distribution
M1-0084,M1,184.0882,534.5631,ZnS,2,double_shell,1,hot_injection,501.2572,61.5805,2.2412,in_distribution
M1-0085,M1,196.2086,155.3707,ZnSe,2,double_shell,1,hot_injection,599.3274,43.0018,1.4400,in_distribution
M1-0086,M1,310.0247,172.4422,ZnSe,1,single_shell,1,hot_injection,626.2330,47.6825,2.5548,extrapolation
M1-0087,M1,263.1379,170.5548,ZnSe,2,double_shell,1,hot_injection,640.3131,52.4573,1.9106,in_distribution
M1-0088,M1,209.0289,38.2837,ZnS,2,double_shell,1,hot_injection,539.7854,82.9077,0.5371,in_distribution
M1-0089,M1,270.1881,33.6846,ZnSe,2,double_shell,1,hot_injection,651.4768,52.9355,1.1168,in_distribution
M1-0090,M1,207.4162,10.7125,ZnSe,2,double_shell,1,hot_injection,580.2720,51.2937,0.4649,in_distribution
M1-0091,M1,305.3377,91.3839,ZnS,2,double_shell,1,hot_injection,544.4188,64.4600,2.1590,in_distribution
M1-0092,M1,260.3081,13.8949,ZnSe,2,double_shell,1,hot_injection,610.3046,37.4415,0.6915,in_distribution
M1-0093,M1,248.5838,11.7583,ZnSe,3,triple_plus_shell,1,hot_injection,629.9240,61.0165,0.4912,in_distribution
M1-0094,M1,234.2722,66.9015,ZnS,2,double_shell,1,hot_injection,559.4723,80.3992,1.0103,in_distribution
M1-0095,M1,293.4509,26.3332,ZnSe,1,single_shell,1,hot_injection,643.9625,53.3031,1.4430,in_distribution
M1-0096,M1,245.1263,9.5657,ZnSe,1,single_shell,1,hot_injection,612.4602,66.2317,0.4957,in_distribution
M1-0097,M1,195.7770,226.4074,ZnSe,2,double_shell,1,hot_injection,599.3274,43.0018,1.6821,in_distribution
M1-0098,M1,201.2411,286.6279,ZnSe,1,single_shell,1,hot_injection,601.4382,49.7899,1.8392,in_distribution
M1-0099,M1,353.1416,7.2946,ZnSe,1,single_shell,1,hot_injection,614.6524,48.8865,2.3625,in_distribution
M1-0100,M1,343.5445,3.1217,ZnS,2,double_shell,1,hot_injection,507.1391,58.5828,2.2514,in_distribution
M1-0101,M1,305.9473,17.8060,ZnSe,1,single_shell,1,hot_injection,626.8888,45.7719,1.5776,in_distribution
M1-0102,M1,227.8566,205.2190,ZnS,3,triple_plus_shell,1,hot_injection,578.2047,69.5536,1.7123,in_distribution
M1-0103,M1,354.4517,255.9090,ZnS,2,double_shell,1,hot_injection,544.4888,64.5344,3.4499,extrapolation
M1-0104,M1,320.1752,6.2434,ZnS,2,double_shell,1,hot_injection,516.2111,61.1697,1.7764,in_distribution
M1-0105,M1,309.0402,181.5062,ZnS,2,double_shell,1,hot_injection,544.4888,64.5344,2.5672,extrapolation
M1-0106,M1,260.8851,5.5381,ZnS,2,double_shell,1,hot_injection,515.5658,60.9732,0.8955,in_distribution
M1-0107,M1,229.0035,23.6956,ZnS,2,double_shell,1,hot_injection,531.2540,75.1935,0.2888,in_distribution
M1-0108,M1,197.3504,595.5959,ZnSe,1,single_shell,1,hot_injection,601.0580,48.0633,2.3170,in_distribution
M1-0109,M1,342.4684,8.3230,ZnSe,2,double_shell,1,hot_injection,620.0433,23.3445,2.1722,in_distribution
M1-0110,M1,262.0397,6.7826,ZnSe,2,double_shell,1,hot_injection,606.7592,14.0832,0.8322,in_distribution
M1-0111,M1,216.4254,28.1837,ZnSe,1,single_shell,1,hot_injection,664.1473,65.3707,0.3299,in_distribution
M1-0112,M1,235.0722,79.9829,ZnSe,2,double_shell,1,hot_injection,640.3455,76.1788,1.1349,in_distribution
M1-0113,M1,284.2595,420.4883,ZnS,2,double_shell,1,hot_injection,545.2325,65.3127,2.7172,extrapolation
M1-0114,M1,211.8191,542.0260,ZnSe,2,double_shell,1,hot_injection,638.6550,67.3744,2.2904,in_distribution
M1-0115,M1,334.1906,4.3388,ZnS,2,double_shell,1,hot_injection,513.5625,61.2864,2.0507,in_distribution
M1-0116,M1,316.5335,6.2324,ZnSe,1,single_shell,1,hot_injection,613.2976,48.8311,1.7133,in_distribution
M1-0117,M1,309.5033,197.9853,ZnSe,2,double_shell,1,hot_injection,620.6661,43.0519,2.6207,extrapolation
M1-0118,M1,257.7767,12.5850,ZnSe,1,single_shell,1,hot_injection,625.2990,57.0741,0.6438,in_distribution
M1-0119,M1,292.9156,325.9759,ZnSe,1,single_shell,1,hot_injection,633.4689,48.2076,2.6719,extrapolation
M1-0120,M1,285.1376,100.8665,ZnSe,1,single_shell,1,hot_injection,633.1439,48.4484,1.8961,in_distribution
M1-0121,M1,296.9724,5.4260,ZnSe,2,double_shell,1,hot_injection,613.1003,15.2089,1.4051,in_distribution
M1-0122,M1,195.2000,247.0564,ZnSe,2,double_shell,1,hot_injection,599.3274,43.0018,1.7387,in_distribution
M1-0123,M1,254.8453,7.6370,ZnSe,2,double_shell,1,hot_injection,580.0115,55.9703,0.6986,in_distribution
M1-0124,M1,187.4906,28.2876,ZnSe,1,single_shell,1,hot_injection,595.4622,44.2406,0.6454,in_distribution
M1-0125,M1,268.9183,55.9391,ZnSe,1,single_shell,1,hot_injection,635.9725,50.5955,1.3389,in_distribution
M1-0126,M1,239.3750,42.5990,ZnSe,2,double_shell,1,hot_injection,644.3380,74.8566,0.7733,in_distribution
M1-0127,M1,206.0144,113.7634,ZnSe,1,single_shell,1,hot_injection,624.5016,56.6161,1.2361,in_distribution
M1-0128,M1,198.6125,95.2737,ZnSe,2,double_shell,1,hot_injection,599.3274,43.0018,1.1272,in_distribution
M1-0129,M1,285.7760,575.2275,ZnSe,2,double_shell,1,hot_injection,627.2459,44.0689,2.9285,extrapolation
M1-0130,M1,210.7067,598.1651,ZnSe,2,double_shell,1,hot_injection,638.6550,67.3744,2.3527,in_distribution
M1-0131,M1,346.5216,46.2924,ZnS,2,double_shell,1,hot_injection,547.1688,66.8280,2.5920,extrapolation
M1-0132,M1,284.5910,4.9679,ZnS,1,single_shell,1,hot_injection,562.1302,52.0464,1.2379,in_distribution
M1-0133,M1,242.4366,141.8765,ZnS,1,single_shell,1,hot_injection,610.3397,50.1776,1.5769,in_distribution
M1-0134,M1,286.3648,530.2182,ZnSe,2,double_shell,1,hot_injection,627.2459,44.0689,2.8850,extrapolation
M1-0135,M1,184.1047,16.2032,ZnSe,2,double_shell,1,hot_injection,581.9402,31.3521,0.7182,in_distribution
M1-0136,M1,352.5407,34.5443,ZnSe,2,double_shell,1,hot_injection,641.3689,53.9872,2.6094,extrapolation
M1-0137,M1,266.8146,28.4804,ZnS,1,single_shell,1,hot_injection,579.5223,58.9563,0.9896,in_distribution
M1-0138,M1,320.8923,3.9395,ZnS,2,double_shell,1,hot_injection,509.4192,59.5597,1.8456,in_distribution
M1-0139,M1,194.8914,105.6871,ZnS,2,double_shell,1,hot_injection,511.3721,73.6116,1.2006,in_distribution
M1-0140,M1,267.5985,19.5057,ZnS,2,double_shell,1,hot_injection,526.6379,60.6894,0.8816,in_distribution
M1-0141,M1,268.3273,194.5805,ZnSe,1,single_shell,1,hot_injection,635.7908,49.9954,2.0531,in_distribution
M1-0142,M1,348.8088,246.5213,ZnS,3,triple_plus_shell,1,hot_injection,565.9453,59.1661,3.3412,extrapolation
M1-0143,M1,282.9110,232.7008,ZnS,1,single_shell,1,hot_injection,592.7580,46.7436,2.3423,in_distribution
M1-0144,M1,265.2281,27.2824,ZnSe,2,double_shell,1,hot_injection,664.2780,52.6391,0.9450,in_distribution
M1-0145,M1,228.0556,16.4819,ZnS,2,double_shell,1,hot_injection,531.9890,75.2833,0.1088,in_distribution
M1-0146,M1,239.6824,158.5551,ZnSe,2,double_shell,1,hot_injection,640.0205,75.3812,1.6259,in_distribution
M1-0147,M1,273.7210,209.4799,ZnS,2,double_shell,1,hot_injection,545.3748,65.4513,2.1635,in_distribution
M1-0148,M1,259.0041,40.5060,ZnS,2,double_shell,1,hot_injection,555.5484,74.3368,1.0193,in_distribution
M1-0149,M1,183.8902,340.4179,ZnSe,1,single_shell,1,hot_injection,597.6300,40.2306,1.9542,in_distribution
M1-0150,M1,328.7325,6.4307,ZnS,1,single_shell,1,hot_injection,560.4265,51.4610,1.9249,in_distribution
M1-0151,M1,341.3089,316.1440,ZnSe,2,double_shell,1,hot_injection,620.6661,43.0519,3.3490,extrapolation
M1-0152,M1,205.2448,4.9916,ZnS,2,double_shell,1,hot_injection,494.8951,60.1098,0.9576,in_distribution
M1-0153,M1,279.7265,6.7669,ZnS,1,single_shell,1,hot_injection,563.8473,51.0576,1.0898,in_distribution
M1-0154,M1,199.5436,50.7578,ZnS,1,single_shell,1,hot_injection,579.6894,73.0911,0.7454,in_distribution
M1-0155,M1,301.0032,4.2903,ZnS,2,double_shell,1,hot_injection,513.8448,61.6163,1.5174,in_distribution
M1-0156,M1,230.6221,3.9686,ZnSe,1,single_shell,1,hot_injection,611.7460,70.6467,0.9483,in_distribution
M1-0157,M1,298.6961,3.0083,ZnSe,1,single_shell,1,hot_injection,610.4168,55.3520,1.5858,in_distribution
M1-0158,M1,310.8590,30.2760,ZnSe,2,double_shell,1,hot_injection,641.3689,53.9872,1.8048,in_distribution
M1-0159,M1,318.3565,181.7833,ZnSe,2,double_shell,1,hot_injection,620.6661,43.0519,2.7095,extrapolation
M1-0160,M1,199.3934,3.6082,ZnSe,3,triple_plus_shell,1,hot_injection,577.7701,66.4134,1.2264,in_distribution
M1-0161,M1,344.8821,95.0573,ZnSe,3,triple_plus_shell,1,hot_injection,622.4562,33.3170,2.8380,extrapolation
M1-0162,M1,221.4385,235.0509,ZnSe,1,single_shell,1,hot_injection,653.0079,63.5702,1.7683,in_distribution
M1-0163,M1,186.7343,7.3063,ZnSe,2,double_shell,1,hot_injection,571.9839,36.4051,0.9793,in_distribution
M1-0164,M1,279.8734,6.5322,ZnS,2,double_shell,1,hot_injection,516.6973,60.1638,1.0995,in_distribution
M1-0165,M1,246.7660,286.9790,ZnSe,2,double_shell,1,hot_injection,643.6112,69.1779,2.0782,in_distribution
M1-0166,M1,329.3622,235.0475,ZnS,1,single_shell,1,hot_injection,589.1615,46.6810,3.0118,extrapolation
M1-0167,M1,325.4853,52.1486,ZnSe,1,single_shell,1,hot_injection,626.4147,48.3473,2.2579,in_distribution
M1-0168,M1,237.0850,230.2103,ZnSe,1,single_shell,1,hot_injection,640.0181,61.5947,1.8527,in_distribution
M1-0169,M1,351.5219,4.9041,ZnSe,2,double_shell,1,hot_injection,607.4175,24.2902,2.3391,in_distribution
M1-0170,M1,232.3652,24.2569,ZnSe,3,triple_plus_shell,1,hot_injection,652.6116,53.3290,0.3468,in_distribution
M1-0171,M1,272.7103,149.5600,ZnSe,2,double_shell,1,hot_injection,630.8539,46.4414,1.9479,in_distribution
M1-0172,M1,226.0737,11.7362,ZnSe,2,double_shell,1,hot_injection,610.7879,79.9028,0.2392,in_distribution
M1-0173,M1,348.4878,161.5298,ZnSe,3,triple_plus_shell,1,hot_injection,622.4562,33.3170,3.1339,extrapolation
M1-0174,M1,209.6294,43.3762,ZnSe,2,double_shell,1,hot_injection,635.9473,66.8899,0.6126,in_distribution
M1-0175,M1,188.0839,159.7739,ZnSe,1,single_shell,1,hot_injection,597.6300,40.2306,1.4737,in_distribution
M1-0176,M1,258.3175,35.1854,ZnSe,2,double_shell,1,hot_injection,651.8112,54.7756,0.9384,in_distribution
M1-0177,M1,358.6276,21.0708,ZnS,2,double_shell,1,hot_injection,525.9415,60.3088,2.5965,extrapolation
M1-0178,M1,340.5019,9.5826,ZnSe,1,single_shell,1,hot_injection,621.2079,48.7690,2.1435,in_distribution
M1-0179,M1,314.7494,9.0492,ZnS,2,double_shell,1,hot_injection,519.6932,63.0608,1.6700,in_distribution
M1-0180,M1,340.3426,160.8141,ZnS,2,double_shell,1,hot_injection,544.4888,64.5344,2.9980,extrapolation
M1-0181,M1,340.8204,5.6330,ZnS,1,single_shell,1,hot_injection,559.8602,51.6314,2.1440,in_distribution
M1-0182,M1,273.3945,4.7312,ZnS,2,double_shell,1,hot_injection,515.4193,60.9075,1.1037,in_distribution
M1-0183,M1,236.8672,7.6344,ZnSe,1,single_shell,1,hot_injection,605.2159,66.2159,0.5349,in_distribution
M1-0184,M1,318.9622,7.5962,ZnSe,1,single_shell,1,hot_injection,620.5100,49.3358,1.7462,in_distribution
M1-0185,M1,299.0990,235.0264,ZnSe,1,single_shell,1,hot_injection,633.1461,48.4105,2.5656,extrapolation
M1-0186,M1,247.2584,24.7798,ZnS,2,double_shell,1,hot_injection,528.1545,67.2681,0.5934,in_distribution
M1-0187,M1,197.0040,570.2100,ZnS,2,double_shell,1,hot_injection,519.2531,71.5285,2.2877,in_distribution
M1-0188,M1,314.4221,6.2065,ZnSe,1,single_shell,1,hot_injection,613.2976,48.8311,1.6772,in_distribution
M1-0189,M1,227.2429,95.7053,ZnS,1,single_shell,1,hot_injection,615.8163,51.2300,1.1957,in_distribution
M1-0190,M1,348.6264,32.3341,ZnSe,1,single_shell,1,hot_injection,634.9367,54.0210,2.5182,in_distribution
M1-0191,M1,223.3747,24.0568,ZnSe,1,single_shell,1,hot_injection,639.1400,64.4425,0.2433,in_distribution
M1-0192,M1,202.0964,309.5396,ZnS,2,double_shell,1,hot_injection,518.3027,71.9917,1.8911,in_distribution
M1-0193,M1,329.6003,527.2251,ZnSe,2,double_shell,1,hot_injection,618.8236,42.1112,3.4504,extrapolation
M1-0194,M1,207.5912,305.9116,ZnS,2,double_shell,1,hot_injection,536.9855,79.9586,1.8943,in_distribution
M1-0195,M1,212.2683,8.3102,ZnS,2,double_shell,1,hot_injection,509.8370,64.5237,0.5583,in_distribution
M1-0196,M1,287.8889,9.6646,ZnSe,2,double_shell,1,hot_injection,625.9085,8.2806,1.1867,in_distribution
M1-0197,M1,337.4212,96.9989,ZnSe,1,single_shell,1,hot_injection,626.2330,47.6825,2.7191,extrapolation
M1-0198,M1,215.3582,13.8775,ZnSe,1,single_shell,1,hot_injection,625.6163,68.2879,0.2073,in_distribution
M1-0199,M1,235.8583,147.1451,ZnS,2,double_shell,1,hot_injection,550.2846,71.2685,1.5452,in_distribution
M1-0200,M1,319.9329,60.3215,ZnSe,2,double_shell,1,hot_injection,620.9911,44.5749,2.2181,in_distribution
M1-0201,M1,354.9288,55.5621,ZnS,2,double_shell,1,hot_injection,546.0846,66.4673,2.8066,extrapolation
M1-0202,M1,270.1334,241.8982,ZnS,2,double_shell,1,hot_injection,545.3748,65.4513,2.2089,in_distribution
M1-0203,M1,205.9016,129.4430,ZnSe,2,double_shell,1,hot_injection,632.4215,66.0418,1.3207,in_distribution
M1-0204,M1,182.5085,3.4536,ZnSe,2,double_shell,1,hot_injection,558.8860,46.9172,1.4567,in_distribution
M1-0205,M1,221.3381,3.8988,ZnS,2,double_shell,1,hot_injection,506.9314,68.7399,0.9943,in_distribution
M1-0206,M1,203.7280,72.6650,ZnS,1,single_shell,1,hot_injection,579.4552,73.3187,0.9477,in_distribution
M1-0207,M1,301.9786,39.4334,ZnSe,1,single_shell,1,hot_injection,633.9186,49.5382,1.7356,in_distribution
M1-0208,M1,201.9299,11.9073,ZnSe,1,single_shell,1,hot_injection,573.4743,56.7313,0.4964,in_distribution
M1-0209,M1,271.1394,27.5716,ZnSe,1,single_shell,1,hot_injection,645.9795,54.3193,1.0540,in_distribution
M1-0210,M1,304.9672,166.3779,ZnS,2,double_shell,1,hot_injection,544.6888,64.7044,2.4598,in_distribution
M1-0211,M1,284.6010,239.4303,ZnSe,2,double_shell,1,hot_injection,629.8914,45.5116,2.3811,in_distribution
M1-0212,M1,215.9596,58.6830,ZnS,2,double_shell,1,hot_injection,556.7228,81.8768,0.8132,in_distribution
M1-0213,M1,324.7424,23.1136,ZnSe,2,double_shell,1,hot_injection,618.2456,19.7558,1.9861,in_distribution
M1-0214,M1,308.7733,12.5893,ZnS,1,single_shell,1,hot_injection,571.8133,46.7349,1.5793,in_distribution
M1-0215,M1,313.0171,47.6509,ZnSe,2,double_shell,1,hot_injection,622.6286,41.9633,2.0031,in_distribution
M1-0216,M1,203.5904,15.8990,ZnSe,2,double_shell,1,hot_injection,582.8943,27.6647,0.3592,in_distribution
M1-0217,M1,202.2757,59.5828,ZnS,1,single_shell,1,hot_injection,579.4552,73.3187,0.8278,in_distribution
M1-0218,M1,346.9613,108.1730,ZnS,1,single_shell,1,hot_injection,589.1615,46.6810,2.9287,extrapolation
M1-0219,M1,251.5641,4.2577,ZnSe,2,double_shell,1,hot_injection,576.8038,40.7994,0.9466,in_distribution
M1-0220,M1,234.1708,3.0170,ZnSe,1,single_shell,1,hot_injection,610.0162,71.5775,1.1240,in_distribution
M1-0221,M1,267.9451,9.2380,ZnSe,2,double_shell,1,hot_injection,608.3300,34.0446,0.8458,in_distribution
M1-0222,M1,299.3156,343.0987,ZnSe,2,double_shell,1,hot_injection,630.7398,44.7591,2.7864,extrapolation
M1-0223,M1,352.0122,92.0992,ZnSe,2,double_shell,1,hot_injection,620.6661,43.0519,2.9480,extrapolation
M1-0224,M1,231.5603,7.4612,ZnS,1,single_shell,1,hot_injection,581.0812,70.7000,0.5338,in_distribution
M1-0225,M1,346.4655,335.4635,ZnSe,2,double_shell,1,hot_injection,620.6661,43.0519,3.4592,extrapolation
M1-0226,M1,184.4747,36.1829,ZnS,2,double_shell,1,hot_injection,494.1708,55.7446,0.7493,in_distribution
M1-0227,M1,279.9356,37.3786,ZnSe,1,single_shell,1,hot_injection,633.5133,49.6702,1.3282,in_distribution
M1-0228,M1,294.1155,426.4139,ZnSe,2,double_shell,1,hot_injection,630.4469,45.4289,2.8474,extrapolation
M1-0229,M1,199.0615,4.1115,ZnS,2,double_shell,1,hot_injection,468.5326,28.2098,1.1475,in_distribution
M1-0230,M1,205.2611,9.3811,ZnSe,2,double_shell,1,hot_injection,580.2720,51.2937,0.5700,in_distribution
M1-0231,M1,255.4406,66.8342,ZnS,1,single_shell,1,hot_injection,595.8946,48.9286,1.2463,in_distribution
M1-0232,M1,353.9217,8.4517,ZnSe,2,double_shell,1,hot_injection,620.0433,23.3445,2.3827,in_distribution
M1-0233,M1,287.2877,109.8331,ZnS,1,single_shell,1,hot_injection,592.7580,46.7436,1.9739,in_distribution
M1-0234,M1,347.9442,9.3273,ZnS,1,single_shell,1,hot_injection,565.1554,49.7336,2.2788,in_distribution
M1-0235,M1,324.7850,5.0732,ZnS,1,single_shell,1,hot_injection,559.8602,51.6314,1.8740,in_distribution
M1-0236,M1,264.1287,8.9826,ZnSe,2,double_shell,1,hot_injection,607.4220,37.2206,0.7883,in_distribution
M1-0237,M1,321.2574,28.1738,ZnSe,1,single_shell,1,hot_injection,636.7245,54.2472,1.9742,in_distribution
M1-0238,M1,183.2106,7.6282,ZnSe,2,double_shell,1,hot_injection,567.4714,39.0083,1.0134,in_distribution
M1-0239,M1,199.6459,6.1242,ZnSe,2,double_shell,1,hot_injection,571.8495,32.4899,0.8949,in_distribution
M1-0240,M1,329.2972,286.1908,ZnSe,2,double_shell,1,hot_injection,620.6661,43.0519,3.1137,extrapolation
M1-0241,M1,323.4271,16.3819,ZnSe,2,double_shell,1,hot_injection,616.9022,21.1821,1.8892,in_distribution
M1-0242,M1,221.8753,20.2879,ZnSe,2,double_shell,1,hot_injection,627.9686,72.7559,0.1199,in_distribution
M1-0243,M1,275.5385,4.0207,ZnSe,2,double_shell,1,hot_injection,600.2649,27.8824,1.1917,in_distribution
M1-0244,M1,289.0828,19.9269,ZnSe,1,single_shell,1,hot_injection,631.9968,44.3619,1.2867,in_distribution
M1-0245,M1,336.1930,12.2025,ZnSe,2,double_shell,1,hot_injection,618.9642,25.2456,2.0854,in_distribution
M1-0246,M1,288.5593,76.1843,ZnSe,2,double_shell,1,hot_injection,630.7719,46.8069,1.8018,in_distribution
M1-0247,M1,254.2629,8.9070,ZnS,2,double_shell,1,hot_injection,517.1146,61.1945,0.6409,in_distribution
M1-0248,M1,247.3531,332.1061,ZnSe,2,double_shell,1,hot_injection,643.6112,69.1779,2.1795,in_distribution
M1-0249,M1,256.6588,413.3444,ZnSe,2,double_shell,1,hot_injection,647.6272,56.3030,2.4075,in_distribution
M1-0250,M1,297.3476,5.0914,ZnSe,3,triple_plus_shell,1,hot_injection,622.8462,46.4902,1.4235,in_distribution
M1-0251,M1,336.1483,5.2998,ZnS,2,double_shell,1,hot_injection,515.3231,61.6772,2.0656,in_distribution
M1-0252,M1,261.7014,5.5270,ZnSe,1,single_shell,1,hot_injection,617.1019,50.0907,0.9054,in_distribution
M1-0253,M1,224.6111,79.9408,ZnS,2,double_shell,1,hot_injection,556.1937,81.3357,1.0585,in_distribution
M1-0254,M1,222.5992,5.7250,ZnS,1,single_shell,1,hot_injection,579.8366,73.6093,0.7291,in_distribution
M1-0255,M1,314.2826,274.4597,ZnSe,2,double_shell,1,hot_injection,620.6661,43.0519,2.8686,extrapolation
M1-0256,M1,326.9824,163.2009,ZnS,1,single_shell,1,hot_injection,589.1615,46.6810,2.7898,extrapolation
M1-0257,M1,198.9501,230.9543,ZnS,2,double_shell,1,hot_injection,518.5369,71.9592,1.6954,in_distribution
M1-0258,M1,191.9806,48.7082,ZnSe,2,double_shell,1,hot_injection,602.6299,41.9314,0.7789,in_distribution
M1-0259,M1,286.9981,589.5293,ZnSe,1,single_shell,1,hot_injection,628.7060,47.8716,2.9580,extrapolation
M1-0260,M1,206.3112,3.7911,ZnS,1,single_shell,1,hot_injection,555.8031,77.9348,1.1248,in_distribution
M1-0261,M1,328.4396,25.1446,ZnS,2,double_shell,1,hot_injection,553.8714,73.5951,2.0760,in_distribution
M1-0262,M1,235.8602,16.6920,ZnSe,1,single_shell,1,hot_injection,630.6642,59.4738,0.2556,in_distribution
M1-0263,M1,205.8969,457.0703,ZnSe,2,double_shell,1,hot_injection,630.1164,64.6425,2.1581,in_distribution
M1-0264,M1,345.7747,63.7523,ZnSe,2,double_shell,1,hot_injection,620.9911,44.5749,2.6934,extrapolation
M1-0265,M1,209.7957,214.8775,ZnSe,1,single_shell,1,hot_injection,624.5016,56.6161,1.6641,in_distribution
M1-0266,M1,231.2496,7.3974,ZnS,1,single_shell,1,hot_injection,581.0812,70.7000,0.5390,in_distribution
M1-0267,M1,207.6504,535.7816,ZnSe,2,double_shell,1,hot_injection,632.2934,65.8520,2.2691,in_distribution
M1-0268,M1,200.7882,42.1217,ZnS,2,double_shell,1,hot_injection,519.4303,74.7142,0.6347,in_distribution
M1-0269,M1,183.8066,41.0275,ZnS,1,single_shell,1,hot_injection,543.8798,41.1684,0.7980,in_distribution
M1-0270,M1,189.9712,514.2285,ZnS,3,triple_plus_shell,1,hot_injection,536.3135,68.3799,2.2145,in_distribution
M1-0271,M1,211.4355,22.5527,ZnS,2,double_shell,1,hot_injection,520.9518,69.5934,0.2361,in_distribution
M1-0272,M1,189.6087,24.6512,ZnS,2,double_shell,1,hot_injection,479.9796,39.3262,0.5909,in_distribution
M1-0273,M1,286.4059,66.4745,ZnS,2,double_shell,1,hot_injection,546.4843,67.3983,1.6998,in_distribution
M1-0274,M1,302.5286,5.9125,ZnS,2,double_shell,1,hot_injection,515.2531,61.5662,1.4814,in_distribution
M1-0275,M1,250.8535,16.4418,ZnSe,2,double_shell,1,hot_injection,610.0119,55.2645,0.5333,in_distribution
M1-0276,M1,237.2384,8.3502,ZnSe,2,double_shell,1,hot_injection,570.5308,57.5108,0.4856,in_distribution
M1-0277,M1,270.8147,5.1854,ZnSe,2,double_shell,1,hot_injection,607.8820,11.4544,1.0383,in_distribution
M1-0278,M1,337.5009,295.2201,ZnS,2,double_shell,1,hot_injection,544.4888,64.5344,3.2550,extrapolation
M1-0279,M1,333.2037,68.1067,ZnS,1,single_shell,1,hot_injection,589.8115,46.7924,2.4982,in_distribution
M1-0280,M1,187.8255,20.0650,ZnSe,2,double_shell,1,hot_injection,580.9157,30.0866,0.6190,in_distribution
M1-0281,M1,212.6697,26.1506,ZnSe,1,single_shell,1,hot_injection,635.5569,66.7723,0.2973,in_distribution
M1-0282,M1,222.6141,29.5161,ZnSe,1,single_shell,1,hot_injection,663.7923,65.8764,0.3763,in_distribution
M1-0283,M1,224.8898,85.9046,ZnS,1,single_shell,1,hot_injection,615.3801,55.4535,1.1086,in_distribution
M1-0284,M1,282.8219,407.0478,ZnSe,1,single_shell,1,hot_injection,632.8708,48.5022,2.6801,extrapolation
M1-0285,M1,254.9272,420.2185,ZnSe,2,double_shell,1,hot_injection,640.1505,67.3969,2.4020,in_distribution
M1-0286,M1,188.8657,23.8757,ZnS,2,double_shell,1,hot_injection,479.9796,39.3262,0.6009,in_distribution
M1-0287,M1,247.2505,17.1698,ZnS,2,double_shell,1,hot_injection,528.8895,67.4023,0.4735,in_distribution
M1-0288,M1,274.2755,32.7335,ZnSe,1,single_shell,1,hot_injection,644.2895,54.3581,1.1756,in_distribution
M1-0289,M1,198.3009,60.8072,ZnSe,2,double_shell,1,hot_injection,598.8590,43.8743,0.8556,in_distribution
M1-0290,M1,330.0225,34.6560,ZnS,2,double_shell,1,hot_injection,553.8014,73.5388,2.1974,in_distribution
M1-0291,M1,189.3531,98.3858,ZnS,2,double_shell,1,hot_injection,501.2627,61.6107,1.1781,in_distribution
M1-0292,M1,346.4715,56.5992,ZnS,2,double_shell,1,hot_injection,546.0846,66.4673,2.6616,extrapolation
M1-0293,M1,197.8404,16.4096,ZnSe,2,double_shell,1,hot_injection,582.6593,26.7803,0.4590,in_distribution
M1-0294,M1,331.8435,18.7352,ZnSe,2,double_shell,1,hot_injection,616.7322,21.0195,2.0717,in_distribution
M1-0295,M1,342.4776,22.2984,ZnSe,3,triple_plus_shell,1,hot_injection,635.4254,39.2506,2.3078,in_distribution
M1-0296,M1,356.3227,4.9532,ZnS,2,double_shell,1,hot_injection,515.7831,61.8926,2.4231,in_distribution
M1-0297,M1,324.3647,7.2316,ZnSe,2,double_shell,1,hot_injection,608.1970,23.8405,1.8436,in_distribution
M1-0298,M1,320.3060,138.3655,ZnSe,2,double_shell,1,hot_injection,620.6661,43.0519,2.6019,extrapolation
M1-0299,M1,295.6470,23.5746,ZnS,1,single_shell,1,hot_injection,567.4819,44.2589,1.4513,in_distribution
M1-0300,M1,320.2193,9.3494,ZnS,2,double_shell,1,hot_injection,519.6932,63.0608,1.7703,in_distribution
M1-0301,M1,204.2194,59.1354,ZnS,2,double_shell,1,hot_injection,519.1052,72.9488,0.8177,in_distribution
M1-0302,M1,276.4922,164.3011,ZnSe,1,single_shell,1,hot_injection,634.7408,49.4074,2.0527,in_distribution
M1-0303,M1,272.5601,11.7343,ZnSe,3,triple_plus_shell,1,hot_injection,635.5434,48.5462,0.9097,in_distribution
M1-0304,M1,334.3630,239.6567,ZnSe,2,double_shell,1,hot_injection,620.6661,43.0519,3.0992,extrapolation
M1-0305,M1,263.3039,408.6371,ZnSe,1,single_shell,1,hot_injection,639.2775,51.8163,2.4657,in_distribution
M1-0306,M1,249.3161,71.0794,ZnSe,1,single_shell,1,hot_injection,643.6229,58.8362,1.2068,in_distribution
M1-0307,M1,295.1214,103.8460,ZnSe,1,single_shell,1,hot_injection,633.1661,48.3898,2.0622,in_distribution
M1-0308,M1,227.9634,3.9637,ZnS,2,double_shell,1,hot_injection,510.6272,69.1522,0.9558,in_distribution
M1-0309,M1,205.1583,449.5633,ZnS,1,single_shell,1,hot_injection,610.8163,56.4904,2.1452,in_distribution
M1-0310,M1,266.0179,24.0016,ZnS,2,double_shell,1,hot_injection,526.6379,60.6894,0.9131,in_distribution
M1-0311,M1,255.0401,400.9071,ZnSe,2,double_shell,1,hot_injection,647.6272,56.3030,2.3723,in_distribution
M1-0312,M1,221.8626,64.4712,ZnSe,2,double_shell,1,hot_injection,675.0834,67.3722,0.8988,in_distribution
M1-0313,M1,246.1521,3.0743,ZnSe,2,double_shell,1,hot_injection,575.6597,46.9540,1.1175,in_distribution
M1-0314,M1,245.9506,3.6797,ZnSe,1,single_shell,1,hot_injection,602.7479,62.0419,1.0064,in_distribution
M1-0315,M1,238.9492,110.3533,ZnSe,1,single_shell,1,hot_injection,640.0181,61.5947,1.3807,in_distribution
M1-0316,M1,248.3035,59.1340,ZnSe,2,double_shell,1,hot_injection,643.9362,70.0295,1.0821,in_distribution
M1-0317,M1,303.4338,3.4528,ZnS,1,single_shell,1,hot_injection,547.2552,56.4875,1.6091,in_distribution
M1-0318,M1,233.4378,154.1150,ZnSe,1,single_shell,1,hot_injection,658.1123,59.7163,1.5577,in_distribution
M1-0319,M1,350.7944,274.1153,ZnS,2,double_shell,1,hot_injection,544.4888,64.5344,3.4252,extrapolation
M1-0320,M1,344.9426,41.6287,ZnSe,1,single_shell,1,hot_injection,626.6805,49.1307,2.5281,in_distribution
M1-0321,M1,266.5639,35.3869,ZnSe,2,double_shell,1,hot_injection,643.5564,50.2942,1.0769,in_distribution
M1-0322,M1,239.1050,3.0883,ZnSe,2,double_shell,1,hot_injection,568.6299,42.0280,1.1056,in_distribution
M1-0323,M1,276.3783,193.7429,ZnSe,2,double_shell,1,hot_injection,629.7593,45.7433,2.1494,in_distribution
M1-0324,M1,332.7409,17.3025,ZnSe,2,double_shell,1,hot_injection,616.9022,21.1821,2.0731,in_distribution
M1-0325,M1,297.4657,315.6332,ZnS,2,double_shell,1,hot_injection,544.3506,65.1883,2.7130,extrapolation
M1-0326,M1,324.7905,21.6543,ZnSe,2,double_shell,1,hot_injection,618.2456,19.7558,1.9714,in_distribution
M1-0327,M1,275.8900,59.8939,ZnSe,2,double_shell,1,hot_injection,630.0843,47.1168,1.4817,in_distribution
M1-0328,M1,293.9252,12.5657,ZnSe,2,double_shell,1,hot_injection,625.4190,13.5123,1.3041,in_distribution
M1-0329,M1,231.8680,7.0249,ZnSe,1,single_shell,1,hot_injection,621.4035,65.7363,0.5726,in_distribution
M1-0330,M1,312.2808,182.0571,ZnS,2,double_shell,1,hot_injection,544.4888,64.5344,2.6176,extrapolation
M1-0331,M1,216.4328,41.6669,ZnSe,1,single_shell,1,hot_injection,653.2995,64.8197,0.5862,in_distribution
M1-0332,M1,305.0637,51.4750,ZnS,1,single_shell,1,hot_injection,590.1315,46.9049,1.8952,in_distribution
M1-0333,M1,334.9294,499.5424,ZnSe,1,single_shell,1,hot_injection,621.9122,46.4300,3.4974,extrapolation
M1-0334,M1,203.7785,494.7064,ZnSe,2,double_shell,1,hot_injection,599.1626,41.6769,2.2057,in_distribution
M1-0335,M1,290.5884,279.2412,ZnS,2,double_shell,1,hot_injection,544.8885,65.5027,2.5501,extrapolation
M1-0336,M1,197.1172,8.1062,ZnS,2,double_shell,1,hot_injection,471.2847,31.4870,0.7676,in_distribution
M1-0337,M1,310.6288,69.9134,ZnSe,2,double_shell,1,hot_injection,620.9911,44.5749,2.1218,in_distribution
M1-0338,M1,195.2088,314.6044,ZnSe,1,single_shell,1,hot_injection,601.4382,49.7899,1.8957,in_distribution
M1-0339,M1,348.4692,21.8159,ZnSe,2,double_shell,1,hot_injection,618.2456,19.7558,2.4145,in_distribution
M1-0340,M1,204.7334,5.1259,ZnSe,2,double_shell,1,hot_injection,572.0045,32.2856,0.9460,in_distribution
M1-0341,M1,352.5984,220.3795,ZnSe,2,double_shell,1,hot_injection,620.6661,43.0519,3.3477,extrapolation
M1-0342,M1,324.1592,38.5189,ZnS,1,single_shell,1,hot_injection,575.2108,54.4814,2.1251,in_distribution
M1-0343,M1,286.8628,59.6768,ZnSe,1,single_shell,1,hot_injection,633.3255,49.0772,1.6548,in_distribution
M1-0344,M1,320.8723,545.8392,ZnS,2,double_shell,1,hot_injection,544.4588,64.3265,3.3474,extrapolation
M1-0345,M1,323.1207,74.8743,ZnSe,2,double_shell,1,hot_injection,620.9911,44.5749,2.3636,in_distribution
M1-0346,M1,350.2849,28.5109,ZnS,2,double_shell,1,hot_injection,553.8714,73.5951,2.5141,in_distribution
M1-0347,M1,225.6090,21.3043,ZnS,2,double_shell,1,hot_injection,531.2540,75.1935,0.1831,in_distribution
M1-0348,M1,286.2137,27.4205,ZnSe,2,double_shell,1,hot_injection,653.1322,50.6505,1.3238,in_distribution
M1-0349,M1,197.1089,5.6177,ZnSe,2,double_shell,1,hot_injection,571.8495,32.4899,0.9788,in_distribution
M1-0350,M1,290.9098,202.2396,ZnSe,1,single_shell,1,hot_injection,633.4689,48.2076,2.3666,in_distribution
M1-0351,M1,210.8324,253.9410,ZnS,1,single_shell,1,hot_injection,613.8787,54.7457,1.7786,in_distribution
M1-0352,M1,281.6911,13.5372,ZnSe,1,single_shell,1,hot_injection,629.6475,45.2960,1.0842,in_distribution
M1-0353,M1,283.0375,15.0026,ZnSe,2,double_shell,1,hot_injection,620.3610,11.1937,1.1209,in_distribution
M1-0354,M1,263.8773,308.3121,ZnSe,2,double_shell,1,hot_injection,640.3131,52.4573,2.2915,in_distribution
M1-0355,M1,274.0737,3.4063,ZnS,2,double_shell,1,hot_injection,508.1115,58.4793,1.2455,in_distribution
M1-0356,M1,317.5062,47.2835,ZnSe,2,double_shell,1,hot_injection,622.6286,41.9633,2.0794,in_distribution
M1-0357,M1,323.8640,34.9988,ZnSe,2,double_shell,1,hot_injection,641.3689,53.9872,2.0881,in_distribution
M1-0358,M1,268.5876,116.1779,ZnS,2,double_shell,1,hot_injection,546.8348,64.9001,1.7446,in_distribution
M1-0359,M1,287.9268,7.1300,ZnSe,2,double_shell,1,hot_injection,612.1897,13.1602,1.2132,in_distribution
M1-0360,M1,347.6225,103.5071,ZnS,2,double_shell,1,hot_injection,544.4888,64.5344,2.9211,extrapolation
M1-0361,M1,201.5520,22.0799,ZnSe,2,double_shell,1,hot_injection,581.5598,25.3520,0.3766,in_distribution
M1-0362,M1,201.0786,79.5797,ZnSe,2,double_shell,1,hot_injection,598.8590,43.8743,1.0096,in_distribution
M1-0363,M1,195.7876,3.7101,ZnS,2,double_shell,1,hot_injection,465.6737,24.5231,1.2489,in_distribution
M1-0364,M1,298.4154,34.6393,ZnS,2,double_shell,1,hot_injection,553.6149,73.7384,1.6244,in_distribution
M1-0365,M1,255.3495,47.7349,ZnS,2,double_shell,1,hot_injection,553.0473,72.7394,1.0521,in_distribution
M1-0366,M1,319.3779,9.3388,ZnSe,2,double_shell,1,hot_injection,620.0433,23.3445,1.7549,in_distribution
M1-0367,M1,300.8217,6.2864,ZnSe,2,double_shell,1,hot_injection,612.9174,16.3235,1.4447,in_distribution
M1-0368,M1,240.0548,8.1434,ZnSe,1,single_shell,1,hot_injection,606.6249,66.1057,0.5181,in_distribution
M1-0369,M1,341.7060,18.5781,ZnSe,2,double_shell,1,hot_injection,616.7322,21.0195,2.2543,in_distribution
M1-0370,M1,317.2558,5.0105,ZnSe,2,double_shell,1,hot_injection,607.4175,24.2902,1.7487,in_distribution
M1-0371,M1,228.6963,453.8711,ZnSe,1,single_shell,1,hot_injection,652.6415,60.8276,2.2513,in_distribution
M1-0372,M1,245.5546,25.6463,ZnSe,2,double_shell,1,hot_injection,668.5200,69.2676,0.5801,in_distribution
M1-0373,M1,236.5992,218.0643,ZnSe,1,single_shell,1,hot_injection,640.0181,61.5947,1.8129,in_distribution
M1-0374,M1,208.3701,523.9433,ZnSe,2,double_shell,1,hot_injection,632.2934,65.8520,2.2563,in_distribution
M1-0375,M1,206.6010,4.6015,ZnSe,2,double_shell,1,hot_injection,582.4787,44.3090,0.9962,in_distribution
M1-0376,M1,348.5029,94.7616,ZnS,1,single_shell,1,hot_injection,589.1615,46.6810,2.8990,extrapolation
M1-0377,M1,258.8227,303.5706,ZnS,2,double_shell,1,hot_injection,549.6858,69.6531,2.2290,in_distribution
M1-0378,M1,248.9976,86.4000,ZnSe,2,double_shell,1,hot_injection,643.1429,70.0205,1.3244,in_distribution
M1-0379,M1,311.3434,29.1288,ZnS,2,double_shell,1,hot_injection,553.8714,73.5951,1.8018,in_distribution
M1-0380,M1,279.5388,29.4470,ZnS,1,single_shell,1,hot_injection,579.2723,58.8072,1.2280,in_distribution
M1-0381,M1,348.5052,3.6285,ZnSe,2,double_shell,1,hot_injection,596.3636,38.1866,2.3130,in_distribution
M1-0382,M1,320.4543,50.9628,ZnSe,2,double_shell,1,hot_injection,620.9911,44.5749,2.1602,in_distribution
M1-0383,M1,266.2865,579.8204,ZnSe,2,double_shell,1,hot_injection,635.9699,50.4170,2.7210,extrapolation
M1-0384,M1,247.7447,482.0988,ZnSe,1,single_shell,1,hot_injection,638.9004,57.9495,2.4289,in_distribution
M1-0385,M1,357.5937,3.7160,ZnS,2,double_shell,1,hot_injection,509.8792,59.8281,2.4650,in_distribution
M1-0386,M1,309.1968,126.2354,ZnS,2,double_shell,1,hot_injection,544.4888,64.5344,2.3805,in_distribution
M1-0387,M1,351.2150,14.8420,ZnSe,2,double_shell,1,hot_injection,619.6592,23.3947,2.3922,in_distribution
M1-0388,M1,201.3261,358.8611,ZnS,2,double_shell,1,hot_injection,518.3027,71.9917,1.9878,in_distribution
M1-0389,M1,333.0961,3.8101,ZnSe,1,single_shell,1,hot_injection,607.4648,53.0423,2.0496,in_distribution
M1-0390,M1,294.6733,427.1650,ZnS,1,single_shell,1,hot_injection,592.7580,46.7436,2.8555,extrapolation
M1-0391,M1,201.9459,253.6168,ZnS,2,double_shell,1,hot_injection,518.3027,71.9917,1.7593,in_distribution
M1-0392,M1,285.8864,5.5912,ZnSe,3,triple_plus_shell,1,hot_injection,621.6963,46.8353,1.2265,in_distribution
M1-0393,M1,303.4973,4.1189,ZnSe,1,single_shell,1,hot_injection,610.2490,51.1598,1.5648,in_distribution
M1-0394,M1,182.2145,249.9244,ZnS,2,double_shell,1,hot_injection,499.8387,59.6762,1.7651,in_distribution
M1-0395,M1,261.7772,6.8474,ZnS,2,double_shell,1,hot_injection,517.0288,60.1951,0.8255,in_distribution
M1-0396,M1,328.5719,51.0432,ZnSe,1,single_shell,1,hot_injection,626.4147,48.3473,2.3046,in_distribution
M1-0397,M1,233.1646,383.9526,ZnSe,1,single_shell,1,hot_injection,658.1123,59.7163,2.1671,in_distribution
M1-0398,M1,262.5387,60.6508,ZnSe,2,double_shell,1,hot_injection,640.6381,53.5953,1.2881,in_distribution
M1-0399,M1,259.6165,24.6131,ZnSe,2,double_shell,1,hot_injection,631.8079,37.5742,0.8068,in_distribution
M1-0400,M1,234.3469,31.7042,ZnS,1,single_shell,1,hot_injection,596.6918,76.0920,0.5316,in_distribution
M1-0401,M1,345.3195,4.1914,ZnS,2,double_shell,1,hot_injection,513.5625,61.2864,2.2434,in_distribution
M1-0402,M1,320.6329,508.4513,ZnS,2,double_shell,1,hot_injection,544.4588,64.3265,3.3037,extrapolation
M1-0403,M1,199.9059,15.5577,ZnS,2,double_shell,1,hot_injection,475.5543,34.0980,0.4332,in_distribution
M1-0404,M1,359.4662,8.1819,ZnS,2,double_shell,1,hot_injection,518.7684,63.1137,2.4827,in_distribution
M1-0405,M1,338.2560,13.6560,ZnSe,2,double_shell,1,hot_injection,619.6492,23.3334,2.1380,in_distribution
M1-0406,M1,231.1035,496.7901,ZnSe,2,double_shell,1,hot_injection,675.2785,64.6852,2.3268,in_distribution
M1-0407,M1,330.6414,4.9440,ZnSe,1,single_shell,1,hot_injection,613.7654,48.4005,1.9764,in_distribution
M1-0408,M1,199.1555,297.0377,ZnSe,2,double_shell,1,hot_injection,599.3274,43.0018,1.8604,in_distribution
M1-0409,M1,359.8389,127.6119,ZnS,1,single_shell,1,hot_injection,590.2515,45.0987,3.2196,extrapolation
M1-0410,M1,299.8233,243.7925,ZnS,2,double_shell,1,hot_injection,544.2806,65.1145,2.5965,extrapolation
M1-0411,M1,297.0225,528.0691,ZnS,1,single_shell,1,hot_injection,590.9409,45.5053,3.0126,extrapolation
M1-0412,M1,196.2793,259.9827,ZnSe,2,double_shell,1,hot_injection,599.3274,43.0018,1.7718,in_distribution
M1-0413,M1,341.4660,444.5006,ZnSe,1,single_shell,1,hot_injection,622.9047,46.2929,3.5306,extrapolation
M1-0414,M1,185.2199,5.8776,ZnSe,2,double_shell,1,hot_injection,571.1709,36.0825,1.1171,in_distribution
M1-0415,M1,223.3491,203.3549,ZnSe,1,single_shell,1,hot_injection,653.0079,63.5702,1.6804,in_distribution
M1-0416,M1,205.7439,54.0427,ZnSe,2,double_shell,1,hot_injection,631.9532,66.8455,0.7582,in_distribution
M1-0417,M1,319.8182,53.4221,ZnSe,2,double_shell,1,hot_injection,620.9911,44.5749,2.1673,in_distribution
M1-0418,M1,215.6768,351.2099,ZnSe,1,single_shell,1,hot_injection,653.3629,63.1067,2.0132,in_distribution
M1-0419,M1,343.9149,516.7387,ZnS,2,double_shell,1,hot_injection,544.4588,64.3265,3.6479,extrapolation
M1-0420,M1,298.1284,125.5959,ZnSe,2,double_shell,1,hot_injection,630.7398,44.7591,2.2076,in_distribution
M1-0421,M1,186.5093,38.7594,ZnSe,2,double_shell,1,hot_injection,594.1947,35.9238,0.7435,in_distribution
M1-0422,M1,180.9774,33.6760,ZnS,2,double_shell,1,hot_injection,493.7727,53.9733,0.7826,in_distribution
M1-0423,M1,189.2984,23.2330,ZnSe,2,double_shell,1,hot_injection,580.9157,30.0866,0.5916,in_distribution
M1-0424,M1,289.0665,20.3785,ZnS,1,single_shell,1,hot_injection,568.8144,44.9912,1.2917,in_distribution
M1-0425,M1,324.2667,23.8776,ZnS,2,double_shell,1,hot_injection,525.4815,60.1654,1.9853,in_distribution
M1-0426,M1,222.9395,4.8267,ZnSe,1,single_shell,1,hot_injection,616.1286,66.1592,0.8425,in_distribution
M1-0427,M1,332.8936,4.5217,ZnS,2,double_shell,1,hot_injection,515.3231,61.6772,2.0240,in_distribution
M1-0428,M1,190.3017,186.9068,ZnS,2,double_shell,1,hot_injection,511.4404,72.7127,1.5657,in_distribution
M1-0429,M1,324.1735,31.8822,ZnS,2,double_shell,1,hot_injection,553.8014,73.5388,2.0645,in_distribution
M1-0430,M1,347.0032,415.5796,ZnS,2,double_shell,1,hot_injection,544.4888,64.5344,3.5786,extrapolation
M1-0431,M1,318.9795,76.8883,ZnS,2,double_shell,1,hot_injection,545.2821,65.7456,2.3048,in_distribution
M1-0432,M1,305.6617,3.6146,ZnS,3,triple_plus_shell,1,hot_injection,537.2998,66.6163,1.6292,in_distribution
M1-0433,M1,330.8364,6.9117,ZnSe,1,single_shell,1,hot_injection,613.2976,48.8311,1.9601,in_distribution
M1-0434,M1,187.2272,8.9273,ZnS,1,single_shell,1,hot_injection,562.1389,52.3756,0.8729,in_distribution
M1-0435,M1,216.3208,527.6174,ZnS,2,double_shell,1,hot_injection,556.1078,80.8448,2.2897,in_distribution
M1-0436,M1,202.4863,9.5580,ZnS,2,double_shell,1,hot_injection,473.0895,34.8720,0.5991,in_distribution
M1-0437,M1,270.8156,46.1201,ZnS,2,double_shell,1,hot_injection,548.0198,67.6717,1.2710,in_distribution
M1-0438,M1,314.1339,427.8509,ZnSe,1,single_shell,1,hot_injection,626.2330,47.6825,3.1152,extrapolation
M1-0439,M1,293.4021,531.7054,ZnS,2,double_shell,1,hot_injection,544.8585,65.2980,2.9717,extrapolation
M1-0440,M1,333.2036,10.4953,ZnS,1,single_shell,1,hot_injection,565.1554,49.7336,2.0155,in_distribution
M1-0441,M1,207.9383,3.8917,ZnSe,1,single_shell,1,hot_injection,582.8445,61.9902,1.0926,in_distribution
M1-0442,M1,312.2318,6.7696,ZnSe,1,single_shell,1,hot_injection,613.2976,48.8311,1.6326,in_distribution
M1-0443,M1,214.7475,4.1961,ZnSe,2,double_shell,1,hot_injection,582.6648,55.2495,0.9866,in_distribution
M1-0444,M1,228.7366,8.4354,ZnSe,2,double_shell,1,hot_injection,608.0209,79.0560,0.4534,in_distribution
M1-0445,M1,307.7828,61.0123,ZnSe,2,double_shell,1,hot_injection,620.9911,44.5749,2.0138,in_distribution
M1-0446,M1,356.4369,377.3056,ZnSe,2,double_shell,1,hot_injection,620.6661,43.0519,3.6744,extrapolation
M1-0447,M1,290.0778,51.6747,ZnSe,2,double_shell,1,hot_injection,630.7719,46.8069,1.6413,in_distribution
M1-0448,M1,189.8101,82.7069,ZnS,2,double_shell,1,hot_injection,501.2627,61.6107,1.0758,in_distribution
M1-0449,M1,290.9356,8.7423,ZnS,2,double_shell,1,hot_injection,520.2453,63.3437,1.2447,in_distribution
M1-0450,M1,187.6231,208.5875,ZnS,2,double_shell,1,hot_injection,501.2627,61.6107,1.6398,in_distribution
M1-0451,M1,339.1462,79.1903,ZnS,2,double_shell,1,hot_injection,545.2821,65.7456,2.6629,extrapolation
M1-0452,M1,307.7241,292.0963,ZnS,1,single_shell,1,hot_injection,589.4315,46.7602,2.8094,extrapolation
M1-0453,M1,211.1630,457.5491,ZnS,1,single_shell,1,hot_injection,612.3771,54.3804,2.1744,in_distribution
M1-0454,M1,196.5098,18.9518,ZnS,3,triple_plus_shell,1,hot_injection,495.0347,63.5106,0.4630,in_distribution
M1-0455,M1,213.0360,4.8478,ZnSe,2,double_shell,1,hot_injection,588.6638,50.7688,0.9038,in_distribution
M1-0456,M1,356.4049,9.9309,ZnS,2,double_shell,1,hot_injection,520.1532,63.2396,2.4399,in_distribution
M1-0457,M1,262.5409,30.5216,ZnSe,2,double_shell,1,hot_injection,663.0373,55.0110,0.9438,in_distribution
M1-0458,M1,321.1346,449.9774,ZnSe,1,single_shell,1,hot_injection,622.9047,46.2929,3.2416,extrapolation
M1-0459,M1,294.5535,22.2650,ZnSe,2,double_shell,1,hot_injection,621.7315,13.1292,1.4158,in_distribution
M1-0460,M1,283.0344,178.1121,ZnS,2,double_shell,1,hot_injection,545.2325,65.3127,2.1864,in_distribution
M1-0461,M1,206.1234,52.5744,ZnS,2,double_shell,1,hot_injection,537.7880,80.6357,0.7402,in_distribution
M1-0462,M1,350.2844,7.9026,ZnSe,1,single_shell,1,hot_injection,620.5100,49.3358,2.3130,in_distribution
M1-0463,M1,234.2417,16.4112,ZnS,1,single_shell,1,hot_injection,597.4126,66.4287,0.2231,in_distribution
M1-0464,M1,284.0431,95.5290,ZnSe,2,double_shell,1,hot_injection,629.8914,45.5116,1.8506,in_distribution
M1-0465,M1,305.9597,106.0174,ZnS,2,double_shell,1,hot_injection,544.4188,64.4600,2.2419,in_distribution
M1-0466,M1,296.8620,30.0273,ZnS,2,double_shell,1,hot_injection,553.6849,73.7947,1.5471,in_distribution
M1-0467,M1,349.3070,10.0749,ZnS,2,double_shell,1,hot_injection,519.6932,63.0608,2.3098,in_distribution
M1-0468,M1,206.7190,137.4834,ZnS,2,double_shell,1,hot_injection,536.9855,79.9586,1.3613,in_distribution
M1-0469,M1,271.5035,7.3401,ZnSe,3,triple_plus_shell,1,hot_injection,628.4529,48.9288,0.9451,in_distribution
M1-0470,M1,252.7262,428.9694,ZnSe,2,double_shell,1,hot_injection,640.1505,67.3969,2.3953,in_distribution
M1-0471,M1,265.3504,8.1188,ZnS,2,double_shell,1,hot_injection,517.7501,61.4580,0.8283,in_distribution
M1-0472,M1,201.4592,5.2972,ZnS,2,double_shell,1,hot_injection,469.3129,29.8532,0.9618,in_distribution
M1-0473,M1,204.1370,41.9009,ZnSe,2,double_shell,1,hot_injection,598.4626,42.1063,0.6115,in_distribution
M1-0474,M1,230.0536,47.0566,ZnSe,2,double_shell,1,hot_injection,683.6087,59.9142,0.7419,in_distribution
M1-0475,M1,234.8468,44.3086,ZnSe,2,double_shell,1,hot_injection,684.9237,59.3035,0.7477,in_distribution
M1-0476,M1,257.0226,30.3324,ZnSe,2,double_shell,1,hot_injection,671.1746,55.6686,0.8476,in_distribution
M1-0477,M1,289.9778,583.7410,ZnSe,2,double_shell,1,hot_injection,627.1859,44.0897,2.9872,extrapolation
M1-0478,M1,294.2332,39.4519,ZnSe,2,double_shell,1,hot_injection,633.8644,44.5983,1.5990,in_distribution
M1-0479,M1,254.1260,37.7477,ZnS,2,double_shell,1,hot_injection,557.5518,75.7932,0.9077,in_distribution
M1-0480,M1,253.5810,28.0296,ZnSe,2,double_shell,1,hot_injection,665.1793,68.6616,0.7545,in_distribution
M1-0481,M1,219.1731,4.2745,ZnSe,2,double_shell,1,hot_injection,597.2369,68.2479,0.9445,in_distribution
M1-0482,M1,285.8951,69.4276,ZnSe,2,double_shell,1,hot_injection,630.8319,46.7827,1.7133,in_distribution
M1-0483,M1,237.0674,10.0388,ZnSe,2,double_shell,1,hot_injection,570.5308,57.5108,0.3879,in_distribution
M1-0484,M1,186.4908,87.9587,ZnS,2,double_shell,1,hot_injection,501.2627,61.6107,1.1296,in_distribution
M1-0485,M1,255.3120,3.9273,ZnSe,2,double_shell,1,hot_injection,598.5584,40.6343,1.0146,in_distribution
M1-0486,M1,265.3439,543.6538,ZnS,2,double_shell,1,hot_injection,549.1281,68.7382,2.6700,extrapolation
M1-0487,M1,220.6067,36.0011,ZnS,2,double_shell,1,hot_injection,559.6139,84.8313,0.5006,in_distribution
M1-0488,M1,283.0424,347.2020,ZnSe,1,single_shell,1,hot_injection,632.8708,48.5022,2.5853,extrapolation
M1-0489,M1,281.8389,37.2736,ZnS,2,double_shell,1,hot_injection,550.1186,69.8589,1.3599,in_distribution
M1-0490,M1,306.3604,4.1299,ZnS,2,double_shell,1,hot_injection,513.4925,61.1727,1.6078,in_distribution
M1-0491,M1,296.6307,233.9157,ZnSe,1,single_shell,1,hot_injection,633.1661,48.3898,2.5287,in_distribution
M1-0492,M1,297.4380,93.0275,ZnSe,2,double_shell,1,hot_injection,630.8998,44.6819,2.0420,in_distribution
M1-0493,M1,236.9185,188.7851,ZnS,2,double_shell,1,hot_injection,550.2846,71.2685,1.7193,in_distribution
M1-0494,M1,321.7378,28.9970,ZnS,1,single_shell,1,hot_injection,576.8458,57.1728,1.9914,in_distribution
M1-0495,M1,278.8460,88.1115,ZnSe,2,double_shell,1,hot_injection,629.0409,46.7315,1.7301,in_distribution
M1-0496,M1,257.6553,280.1108,ZnSe,2,double_shell,1,hot_injection,647.6272,56.3030,2.1654,in_distribution
M1-0497,M1,292.6822,84.9614,ZnSe,2,double_shell,1,hot_injection,629.9785,46.5697,1.9215,in_distribution
M1-0498,M1,244.9183,18.9290,ZnS,2,double_shell,1,hot_injection,524.4118,64.6367,0.4531,in_distribution
M1-0499,M1,272.2931,100.3741,ZnSe,2,double_shell,1,hot_injection,630.8539,46.4414,1.7094,in_distribution
M1-0500,M1,312.6070,105.4576,ZnSe,2,double_shell,1,hot_injection,620.6661,43.0519,2.3456,in_distribution
M1-0501,M1,339.5525,486.9234,ZnS,2,double_shell,1,hot_injection,544.4588,64.3265,3.5512,extrapolation
M1-0502,M1,345.7903,21.4093,ZnS,1,single_shell,1,hot_injection,566.4419,45.0472,2.3604,in_distribution
M1-0503,M1,270.6539,28.5264,ZnS,2,double_shell,1,hot_injection,554.6741,73.8947,1.0580,in_distribution
M1-0504,M1,273.6495,221.7382,ZnSe,2,double_shell,1,hot_injection,630.8539,46.4414,2.1973,in_distribution
M1-0505,M1,323.9767,43.7417,ZnSe,2,double_shell,1,hot_injection,624.0136,42.9778,2.1661,in_distribution
M1-0506,M1,236.6011,148.5929,ZnS,2,double_shell,1,hot_injection,550.2846,71.2685,1.5576,in_distribution
M1-0507,M1,330.7288,34.2710,ZnS,2,double_shell,1,hot_injection,553.8014,73.5388,2.2068,in_distribution
M1-0508,M1,268.9455,9.3968,ZnSe,2,double_shell,1,hot_injection,608.3300,34.0446,0.8601,in_distribution
M1-0509,M1,200.8542,155.5456,ZnS,1,single_shell,1,hot_injection,579.1302,73.2380,1.4383,in_distribution
M1-0510,M1,192.9706,6.0105,ZnSe,3,triple_plus_shell,1,hot_injection,588.6387,62.0566,0.9940,in_distribution
M1-0511,M1,331.5588,8.5915,ZnSe,2,double_shell,1,hot_injection,620.0433,23.3445,1.9743,in_distribution
M1-0512,M1,190.0022,83.0739,ZnSe,3,triple_plus_shell,1,hot_injection,604.7147,50.4353,1.0773,in_distribution
M1-0513,M1,230.5101,157.2575,ZnSe,3,triple_plus_shell,1,hot_injection,650.1248,55.2242,1.5505,in_distribution
M1-0514,M1,240.1434,343.4195,ZnSe,2,double_shell,1,hot_injection,638.7380,74.3146,2.1426,in_distribution
M1-0515,M1,211.1390,12.7160,ZnS,2,double_shell,1,hot_injection,515.3428,66.0503,0.3170,in_distribution
M1-0516,M1,236.5008,5.3939,ZnSe,2,double_shell,1,hot_injection,573.7798,34.0462,0.7463,in_distribution
M1-0517,M1,313.6847,475.3498,ZnSe,1,single_shell,1,hot_injection,621.9122,46.4300,3.1694,extrapolation
M1-0518,M1,182.6429,6.7991,ZnSe,2,double_shell,1,hot_injection,571.4714,36.3879,1.0797,in_distribution
M1-0519,M1,328.8912,8.5499,ZnSe,2,double_shell,1,hot_injection,620.0433,23.3445,1.9256,in_distribution
M1-0520,M1,334.1786,14.0436,ZnSe,2,double_shell,1,hot_injection,619.6492,23.3334,2.0658,in_distribution
M1-0521,M1,247.0071,49.5754,ZnSe,2,double_shell,1,hot_injection,646.4102,68.0385,0.9598,in_distribution
M1-0522,M1,207.6503,322.4997,ZnSe,1,single_shell,1,hot_injection,624.5016,56.6161,1.9297,in_distribution
M1-0523,M1,288.1513,168.7176,ZnS,2,double_shell,1,hot_injection,544.8885,65.5027,2.2250,in_distribution
M1-0524,M1,201.5411,127.8242,ZnS,2,double_shell,1,hot_injection,518.3027,71.9917,1.3111,in_distribution
M1-0525,M1,245.6855,7.5896,ZnSe,2,double_shell,1,hot_injection,581.9981,59.1396,0.6003,in_distribution
M1-0526,M1,352.5173,19.9600,ZnS,1,single_shell,1,hot_injection,566.4419,45.0472,2.4709,in_distribution
M1-0527,M1,359.1836,37.8395,ZnS,1,single_shell,1,hot_injection,576.7008,53.5184,2.7586,extrapolation
M1-0528,M1,318.9789,6.5517,ZnS,2,double_shell,1,hot_injection,516.7861,60.9140,1.7524,in_distribution
M1-0529,M1,235.9731,12.7729,ZnS,2,double_shell,1,hot_injection,516.1106,59.5820,0.2786,in_distribution
M1-0530,M1,303.7797,15.3676,ZnS,1,single_shell,1,hot_injection,572.1412,46.0881,1.5115,in_distribution
M1-0531,M1,306.9731,5.8883,ZnS,1,single_shell,1,hot_injection,559.9102,51.6944,1.5560,in_distribution
M1-0532,M1,249.8115,55.3655,ZnS,2,double_shell,1,hot_injection,553.4917,73.6212,1.0616,in_distribution
M1-0533,M1,295.3600,125.7223,ZnSe,1,single_shell,1,hot_injection,633.1661,48.3898,2.1665,in_distribution
M1-0534,M1,181.9310,4.3455,ZnS,2,double_shell,1,hot_injection,475.1470,36.1482,1.3319,in_distribution
M1-0535,M1,217.6304,38.3884,ZnS,2,double_shell,1,hot_injection,559.6139,84.8313,0.5342,in_distribution
M1-0536,M1,274.5159,189.2399,ZnS,1,single_shell,1,hot_injection,592.9730,46.8324,2.1118,in_distribution
M1-0537,M1,209.4752,157.8589,ZnSe,2,double_shell,1,hot_injection,634.5985,67.1515,1.4577,in_distribution
M1-0538,M1,209.8632,225.2314,ZnSe,1,single_shell,1,hot_injection,624.5016,56.6161,1.6957,in_distribution
M1-0539,M1,330.5348,32.2505,ZnSe,2,double_shell,1,hot_injection,641.3689,53.9872,2.1846,in_distribution
M1-0540,M1,358.0439,231.8717,ZnSe,2,double_shell,1,hot_injection,620.6661,43.0519,3.4605,extrapolation
M1-0541,M1,280.0745,10.7424,ZnSe,2,double_shell,1,hot_injection,623.3269,10.0661,1.0451,in_distribution
M1-0542,M1,331.0326,20.2935,ZnSe,2,double_shell,1,hot_injection,617.1572,22.2435,2.0732,in_distribution
M1-0543,M1,358.2579,7.6370,ZnSe,1,single_shell,1,hot_injection,620.5100,49.3358,2.4573,in_distribution
M1-0544,M1,205.4873,35.7122,ZnSe,2,double_shell,1,hot_injection,633.7456,65.8384,0.5139,in_distribution
M1-0545,M1,260.6842,23.9477,ZnSe,2,double_shell,1,hot_injection,622.7174,26.6565,0.8161,in_distribution
M1-0546,M1,250.6631,10.7523,ZnS,2,double_shell,1,hot_injection,516.9246,61.3434,0.5407,in_distribution
M1-0547,M1,194.4089,161.0613,ZnSe,3,triple_plus_shell,1,hot_injection,603.1497,51.0802,1.4650,in_distribution
M1-0548,M1,315.9594,15.8231,ZnSe,1,single_shell,1,hot_injection,624.7984,46.8361,1.7437,in_distribution
M1-0549,M1,258.0802,12.7307,ZnSe,2,double_shell,1,hot_injection,615.7652,46.9491,0.6491,in_distribution
M1-0550,M1,264.4788,6.0021,ZnSe,2,double_shell,1,hot_injection,606.6392,13.9884,0.9061,in_distribution
M1-0551,M1,207.1211,30.6806,ZnSe,2,double_shell,1,hot_injection,647.6893,70.7961,0.4213,in_distribution
M1-0552,M1,212.5668,14.9366,ZnS,2,double_shell,1,hot_injection,516.3662,66.6780,0.2165,in_distribution
M1-0553,M1,343.2787,21.2241,ZnS,2,double_shell,1,hot_injection,525.4815,60.1654,2.3116,in_distribution
M1-0554,M1,188.0368,10.4751,ZnSe,1,single_shell,1,hot_injection,581.2883,47.2448,0.7877,in_distribution
M1-0555,M1,221.9134,171.0665,ZnS,2,double_shell,1,hot_injection,556.1937,81.3357,1.5566,in_distribution
M1-0556,M1,232.5707,414.0825,ZnSe,2,double_shell,1,hot_injection,680.6062,62.8186,2.2138,in_distribution
M1-0557,M1,268.2356,41.9640,ZnSe,2,double_shell,1,hot_injection,634.9652,45.7387,1.1837,in_distribution
M1-0558,M1,285.5601,90.5065,ZnSe,2,double_shell,1,hot_injection,630.5069,45.4045,1.8445,in_distribution
M1-0559,M1,268.7922,296.8320,ZnSe,2,double_shell,1,hot_injection,631.5577,46.6270,2.3212,in_distribution
M1-0560,M1,195.1408,596.2909,ZnS,2,double_shell,1,hot_injection,519.2531,71.5285,2.3148,in_distribution
M1-0561,M1,223.8601,77.4178,ZnS,2,double_shell,1,hot_injection,556.1937,81.3357,1.0326,in_distribution
M1-0562,M1,331.8459,334.6035,ZnS,2,double_shell,1,hot_injection,544.4888,64.5344,3.2350,extrapolation
M1-0563,M1,294.7660,369.7056,ZnSe,1,single_shell,1,hot_injection,633.4689,48.2076,2.7706,extrapolation
M1-0564,M1,296.8468,198.7352,ZnS,3,triple_plus_shell,1,hot_injection,566.4612,59.1321,2.4394,in_distribution
M1-0565,M1,300.6366,34.4936,ZnSe,2,double_shell,1,hot_injection,651.3726,51.5053,1.6628,in_distribution
M1-0566,M1,317.3225,4.6117,ZnSe,2,double_shell,1,hot_injection,607.4175,24.2902,1.7617,in_distribution
M1-0567,M1,190.4595,3.2620,ZnSe,2,double_shell,1,hot_injection,560.2211,46.3881,1.3910,in_distribution
M1-0568,M1,245.9895,37.5988,ZnS,2,double_shell,1,hot_injection,556.7534,76.9067,0.7855,in_distribution
M1-0569,M1,277.1149,41.1674,ZnS,2,double_shell,1,hot_injection,550.2958,69.3657,1.3218,in_distribution
M1-0570,M1,240.9222,25.9701,ZnSe,2,double_shell,1,hot_injection,662.6368,76.7338,0.5112,in_distribution
M1-0571,M1,332.0062,60.8823,ZnSe,1,single_shell,1,hot_injection,626.4147,48.3473,2.4327,in_distribution
M1-0572,M1,266.8631,55.9325,ZnS,2,double_shell,1,hot_injection,550.7189,70.6329,1.3077,in_distribution
M1-0573,M1,318.3530,252.4602,ZnS,2,double_shell,1,hot_injection,544.4888,64.5344,2.8829,extrapolation
M1-0574,M1,333.3628,5.3351,ZnSe,2,double_shell,1,hot_injection,607.4175,24.2902,2.0168,in_distribution
M1-0575,M1,270.8625,9.8915,ZnS,2,double_shell,1,hot_injection,519.9272,62.4996,0.8871,in_distribution
M1-0576,M1,343.7194,200.3778,ZnS,2,double_shell,1,hot_injection,544.4888,64.5344,3.1583,extrapolation
M1-0577,M1,285.6823,267.9287,ZnS,1,single_shell,1,hot_injection,592.7580,46.7436,2.4619,in_distribution
M1-0578,M1,333.0494,583.7698,ZnSe,2,double_shell,1,hot_injection,618.8236,42.1112,3.5564,extrapolation
M1-0579,M1,241.3063,305.9976,ZnS,1,single_shell,1,hot_injection,610.3397,50.1776,2.0749,in_distribution
M1-0580,M1,269.7871,334.8155,ZnSe,2,double_shell,1,hot_injection,631.5577,46.6270,2.4081,in_distribution
M1-0581,M1,275.6540,15.8652,ZnS,2,double_shell,1,hot_injection,522.6133,60.9537,0.9911,in_distribution
M1-0582,M1,198.8963,25.1975,ZnSe,2,double_shell,1,hot_injection,603.7030,49.4054,0.4432,in_distribution
M1-0583,M1,251.7395,12.4163,ZnSe,2,double_shell,1,hot_injection,584.1931,58.1157,0.5382,in_distribution
M1-0584,M1,345.1208,74.5134,ZnSe,2,double_shell,1,hot_injection,620.9911,44.5749,2.7424,extrapolation
M1-0585,M1,293.5498,433.8509,ZnSe,2,double_shell,1,hot_injection,630.4469,45.4289,2.8506,extrapolation
M1-0586,M1,211.9512,18.6273,ZnSe,2,double_shell,1,hot_injection,598.8241,52.2402,0.1822,in_distribution
M1-0587,M1,240.9940,57.3851,ZnSe,2,double_shell,1,hot_injection,639.0630,75.1291,0.9778,in_distribution
M1-0588,M1,214.4885,14.4184,ZnSe,2,double_shell,1,hot_injection,587.3639,57.1162,0.2006,in_distribution
M1-0589,M1,184.4682,7.3763,ZnSe,1,single_shell,1,hot_injection,582.7248,45.6519,1.0099,in_distribution
M1-0590,M1,346.9429,8.4382,ZnS,2,double_shell,1,hot_injection,518.3084,62.9243,2.2547,in_distribution
M1-0591,M1,260.6773,4.0781,ZnS,2,double_shell,1,hot_injection,513.8052,60.5849,1.0351,in_distribution
M1-0592,M1,235.3563,458.6423,ZnS,2,double_shell,1,hot_injection,549.7296,70.8422,2.3011,in_distribution
M1-0593,M1,287.7259,25.3606,ZnSe,1,single_shell,1,hot_injection,643.9625,53.3031,1.3266,in_distribution
M1-0594,M1,181.3166,249.1486,ZnSe,1,single_shell,1,hot_injection,594.2508,40.2064,1.7657,in_distribution
M1-0595,M1,230.0440,110.8870,ZnS,3,triple_plus_shell,1,hot_injection,578.4171,68.8587,1.3132,in_distribution
M1-0596,M1,306.5460,8.2935,ZnSe,2,double_shell,1,hot_injection,619.0483,24.8822,1.5228,in_distribution
M1-0597,M1,294.0786,7.6009,ZnSe,2,double_shell,1,hot_injection,625.0971,11.5959,1.3095,in_distribution
M1-0598,M1,356.7251,221.5800,ZnS,2,double_shell,1,hot_injection,544.9488,64.5327,3.4174,extrapolation
M1-0599,M1,291.6644,12.1964,ZnS,2,double_shell,1,hot_injection,522.4516,61.3236,1.2602,in_distribution
M1-0600,M1,265.9511,378.9814,ZnSe,1,single_shell,1,hot_injection,638.6825,51.5109,2.4450,in_distribution
M1-0601,M1,317.0579,6.3008,ZnS,1,single_shell,1,hot_injection,560.4265,51.4610,1.7216,in_distribution
M1-0602,M1,342.5990,108.7800,ZnSe,2,double_shell,1,hot_injection,620.6661,43.0519,2.8570,extrapolation
M1-0603,M1,309.7253,224.5174,ZnS,1,single_shell,1,hot_injection,589.4315,46.7602,2.6922,extrapolation
M1-0604,M1,353.3780,10.4341,ZnSe,2,double_shell,1,hot_injection,620.0433,23.3445,2.3883,in_distribution
M1-0605,M1,320.7609,12.9623,ZnSe,1,single_shell,1,hot_injection,623.4896,47.8498,1.8053,in_distribution
M1-0606,M1,336.0243,497.1737,ZnS,1,single_shell,1,hot_injection,588.9042,45.8944,3.5107,extrapolation
M1-0607,M1,200.5387,12.1890,ZnSe,1,single_shell,1,hot_injection,573.8799,56.5541,0.5092,in_distribution
M1-0608,M1,311.8344,29.2729,ZnS,1,single_shell,1,hot_injection,577.5658,58.0575,1.8123,in_distribution
M1-0609,M1,259.2160,29.6724,ZnSe,1,single_shell,1,hot_injection,655.7186,56.7531,0.8749,in_distribution
M1-0610,M1,279.5587,11.4647,ZnS,2,double_shell,1,hot_injection,521.7236,60.1724,1.0360,in_distribution
M1-0611,M1,297.7384,182.9110,ZnS,2,double_shell,1,hot_injection,544.2806,65.1145,2.4057,in_distribution
M1-0612,M1,354.5667,179.1306,ZnSe,2,double_shell,1,hot_injection,620.6661,43.0519,3.2823,extrapolation
M1-0613,M1,357.2241,22.2660,ZnS,2,double_shell,1,hot_injection,525.9415,60.3088,2.5824,extrapolation
M1-0614,M1,231.8811,250.4787,ZnSe,2,double_shell,1,hot_injection,680.6062,62.8186,1.8719,in_distribution
M1-0615,M1,312.0756,9.2771,ZnSe,2,double_shell,1,hot_injection,620.0433,23.3445,1.6219,in_distribution
M1-0616,M1,314.9970,3.0692,ZnSe,2,double_shell,1,hot_injection,594.0735,40.5306,1.8088,in_distribution
M1-0617,M1,242.3687,61.8578,ZnS,1,single_shell,1,hot_injection,610.9897,50.0068,1.0403,in_distribution
M1-0618,M1,202.2966,581.4656,ZnS,2,double_shell,1,hot_injection,519.0190,71.5636,2.3101,in_distribution
M1-0619,M1,187.3705,3.6817,ZnS,3,triple_plus_shell,1,hot_injection,514.7557,68.6639,1.3557,in_distribution
M1-0620,M1,319.9218,9.0309,ZnS,2,double_shell,1,hot_injection,519.6932,63.0608,1.7639,in_distribution
M1-0621,M1,268.1460,46.8985,ZnS,1,single_shell,1,hot_injection,593.8930,46.9439,1.2367,in_distribution
M1-0622,M1,357.3972,219.1892,ZnSe,2,double_shell,1,hot_injection,620.6661,43.0519,3.4233,extrapolation
M1-0623,M1,263.6952,4.8085,ZnS,2,double_shell,1,hot_injection,515.5658,60.9732,0.9862,in_distribution
M1-0624,M1,356.0251,24.3539,ZnSe,2,double_shell,1,hot_injection,618.2456,19.7558,2.5809,extrapolation
M1-0625,M1,254.0837,157.0960,ZnSe,2,double_shell,1,hot_injection,640.1505,67.3969,1.7580,in_distribution
M1-0626,M1,322.8628,21.4809,ZnSe,2,double_shell,1,hot_injection,618.2456,19.7558,1.9336,in_distribution
M1-0627,M1,195.2675,8.1590,ZnSe,2,double_shell,1,hot_injection,569.2602,37.1859,0.7914,in_distribution
M1-0628,M1,279.9831,8.4521,ZnSe,2,double_shell,1,hot_injection,621.4900,11.6066,1.0585,in_distribution
M1-0629,M1,324.3708,26.3424,ZnSe,1,single_shell,1,hot_injection,636.7245,54.2472,2.0130,in_distribution
M1-0630,M1,346.4463,38.0430,ZnSe,1,single_shell,1,hot_injection,627.0055,48.9362,2.5268,in_distribution
M1-0631,M1,328.0650,288.5241,ZnSe,3,triple_plus_shell,1,hot_injection,622.4562,33.3170,3.0994,extrapolation
M1-0632,M1,186.6547,90.1495,ZnS,2,double_shell,1,hot_injection,501.2627,61.6107,1.1423,in_distribution
M1-0633,M1,247.0864,116.3474,ZnS,2,double_shell,1,hot_injection,551.9308,72.0499,1.4929,in_distribution
M1-0634,M1,188.7657,548.2823,ZnSe,2,double_shell,1,hot_injection,595.6621,35.7045,2.2561,in_distribution
M1-0635,M1,199.6708,26.5941,ZnSe,1,single_shell,1,hot_injection,593.6548,59.4432,0.4458,in_distribution
M1-0636,M1,301.5550,25.4245,ZnSe,2,double_shell,1,hot_injection,653.5320,49.8881,1.5816,in_distribution
M1-0637,M1,308.3865,399.7333,ZnSe,1,single_shell,1,hot_injection,626.2330,47.6825,2.9973,extrapolation
M1-0638,M1,319.2697,11.0379,ZnS,2,double_shell,1,hot_injection,521.8995,61.0513,1.7621,in_distribution
M1-0639,M1,335.7822,143.3666,ZnSe,2,double_shell,1,hot_injection,620.6661,43.0519,2.8691,extrapolation
M1-0640,M1,313.0977,163.4620,ZnS,1,single_shell,1,hot_injection,589.4315,46.7602,2.5736,extrapolation
M1-0641,M1,324.1569,5.0366,ZnS,1,single_shell,1,hot_injection,559.8602,51.6314,1.8641,in_distribution
M1-0642,M1,188.8135,35.8538,ZnSe,2,double_shell,1,hot_injection,594.1947,35.9238,0.6871,in_distribution
M1-0643,M1,222.2163,8.6820,ZnS,1,single_shell,1,hot_injection,583.6682,71.5640,0.4504,in_distribution
M1-0644,M1,291.9416,8.0108,ZnSe,1,single_shell,1,hot_injection,626.5481,47.6412,1.2682,in_distribution
M1-0645,M1,334.4626,35.0271,ZnS,2,double_shell,1,hot_injection,549.6798,69.3987,2.2819,in_distribution
M1-0646,M1,180.8100,13.9030,ZnS,2,double_shell,1,hot_injection,482.7365,39.1462,0.8171,in_distribution
M1-0647,M1,272.6333,203.6480,ZnS,2,double_shell,1,hot_injection,545.3748,65.4513,2.1330,in_distribution
M1-0648,M1,301.9117,367.7455,ZnS,1,single_shell,1,hot_injection,591.7315,46.4237,2.8615,extrapolation
M1-0649,M1,185.3293,210.9626,ZnS,2,double_shell,1,hot_injection,501.2627,61.6107,1.6523,in_distribution
M1-0650,M1,252.2440,12.2819,ZnS,2,double_shell,1,hot_injection,521.3700,62.5560,0.5478,in_distribution
M1-0651,M1,341.2143,12.8207,ZnSe,1,single_shell,1,hot_injection,623.4896,47.8498,2.1848,in_distribution
M1-0652,M1,300.8903,11.5680,ZnS,2,double_shell,1,hot_injection,522.3285,61.5963,1.4266,in_distribution
M1-0653,M1,222.7785,6.1355,ZnS,1,single_shell,1,hot_injection,580.4028,73.3357,0.6816,in_distribution
M1-0654,M1,333.5006,445.4814,ZnSe,2,double_shell,1,hot_injection,619.0648,41.9883,3.4139,extrapolation
M1-0655,M1,242.6457,25.2491,ZnS,1,single_shell,1,hot_injection,591.2408,74.0237,0.5250,in_distribution
M1-0656,M1,333.6020,9.8659,ZnSe,1,single_shell,1,hot_injection,621.2079,48.7690,2.0184,in_distribution
M1-0657,M1,233.8099,266.2789,ZnSe,2,double_shell,1,hot_injection,680.6062,62.8186,1.9261,in_distribution
M1-0658,M1,286.2576,24.8703,ZnSe,2,double_shell,1,hot_injection,621.7915,13.0845,1.2938,in_distribution
M1-0659,M1,251.4492,3.6135,ZnSe,1,single_shell,1,hot_injection,603.0004,61.5593,1.0393,in_distribution
M1-0660,M1,229.4685,7.0754,ZnS,1,single_shell,1,hot_injection,582.0145,70.4583,0.5678,in_distribution
M1-0661,M1,339.5804,88.7269,ZnSe,2,double_shell,1,hot_injection,620.1977,44.1503,2.7178,extrapolation
M1-0662,M1,213.7669,189.9371,ZnSe,2,double_shell,1,hot_injection,641.0352,68.3691,1.5932,in_distribution
M1-0663,M1,195.2661,9.1725,ZnSe,2,double_shell,1,hot_injection,569.2602,37.1859,0.7304,in_distribution
M1-0664,M1,241.5468,387.3254,ZnSe,1,single_shell,1,hot_injection,639.6089,61.1791,2.2335,in_distribution
M1-0665,M1,309.1750,272.4527,ZnS,2,double_shell,1,hot_injection,544.4888,64.5344,2.7910,extrapolation
M1-0666,M1,325.3377,268.7019,ZnS,1,single_shell,1,hot_injection,589.1615,46.6810,3.0206,extrapolation
M1-0667,M1,359.7738,10.0225,ZnSe,1,single_shell,1,hot_injection,621.2079,48.7690,2.5030,in_distribution
M1-0668,M1,233.3452,3.9211,ZnSe,2,double_shell,1,hot_injection,595.4570,71.3685,0.9521,in_distribution
M1-0669,M1,253.4296,297.2274,ZnSe,2,double_shell,1,hot_injection,640.1505,67.3969,2.1622,in_distribution
M1-0670,M1,204.6278,15.1627,ZnS,2,double_shell,1,hot_injection,475.5543,34.0980,0.3535,in_distribution
M1-0671,M1,283.4769,79.6648,ZnSe,2,double_shell,1,hot_injection,630.2164,46.8910,1.7459,in_distribution
M1-0672,M1,359.5644,168.2007,ZnSe,2,double_shell,1,hot_injection,620.6661,43.0519,3.3366,extrapolation
M1-0673,M1,306.1586,5.9201,ZnSe,2,double_shell,1,hot_injection,605.9546,25.9624,1.5417,in_distribution
M1-0674,M1,287.1383,187.8684,ZnS,2,double_shell,1,hot_injection,544.8885,65.5027,2.2727,in_distribution
M1-0675,M1,250.6264,433.1759,ZnSe,2,double_shell,1,hot_injection,639.8155,67.7315,2.3830,in_distribution
M1-0676,M1,344.7538,142.2767,ZnSe,2,double_shell,1,hot_injection,620.6661,43.0519,3.0135,extrapolation
M1-0677,M1,269.4450,31.0733,ZnS,2,double_shell,1,hot_injection,555.5506,73.5374,1.0704,in_distribution
M1-0678,M1,204.1860,312.1648,ZnS,1,single_shell,1,hot_injection,579.1302,73.2380,1.9003,in_distribution
M1-0679,M1,245.7681,49.0701,ZnSe,1,single_shell,1,hot_injection,644.9378,57.4138,0.9378,in_distribution
M1-0680,M1,192.0900,155.1892,ZnS,2,double_shell,1,hot_injection,511.4404,72.7127,1.4457,in_distribution
M1-0681,M1,216.3562,231.8089,ZnS,1,single_shell,1,hot_injection,615.0551,55.5572,1.7365,in_distribution
M1-0682,M1,183.1804,159.0028,ZnSe,2,double_shell,1,hot_injection,595.4477,37.3237,1.4878,in_distribution
M1-0683,M1,261.5904,13.7875,ZnS,2,double_shell,1,hot_injection,522.2668,60.7005,0.7146,in_distribution
M1-0684,M1,294.2172,5.6012,ZnSe,1,single_shell,1,hot_injection,618.1591,48.0301,1.3553,in_distribution
M1-0685,M1,241.7926,10.6058,ZnS,1,single_shell,1,hot_injection,578.7782,68.2236,0.4167,in_distribution
M1-0686,M1,255.6687,43.0776,ZnSe,2,double_shell,1,hot_injection,651.8112,54.7756,1.0008,in_distribution
M1-0687,M1,352.6577,43.6293,ZnS,2,double_shell,1,hot_injection,549.9398,68.9858,2.6837,extrapolation
M1-0688,M1,315.3534,65.7360,ZnSe,2,double_shell,1,hot_injection,620.9911,44.5749,2.1751,in_distribution
M1-0689,M1,277.3542,24.3367,ZnSe,2,double_shell,1,hot_injection,619.3575,14.0841,1.1240,in_distribution
M1-0690,M1,231.2174,193.9912,ZnS,1,single_shell,1,hot_injection,615.0572,51.8009,1.6961,in_distribution
M1-0691,M1,341.4594,378.7175,ZnSe,2,double_shell,1,hot_injection,620.6661,43.0519,3.4456,extrapolation
M1-0692,M1,222.3175,11.0877,ZnS,1,single_shell,1,hot_injection,589.2068,70.8368,0.2851,in_distribution
M1-0693,M1,238.5617,148.5536,ZnS,2,double_shell,1,hot_injection,550.2846,71.2685,1.5734,in_distribution
M1-0694,M1,343.6317,108.9318,ZnS,2,double_shell,1,hot_injection,544.4888,64.5344,2.8752,extrapolation
M1-0695,M1,275.3176,47.9477,ZnSe,2,double_shell,1,hot_injection,631.7818,44.2927,1.3626,in_distribution
M1-0696,M1,313.6172,8.1458,ZnS,2,double_shell,1,hot_injection,518.3084,62.9243,1.6494,in_distribution
M1-0697,M1,286.3341,202.7564,ZnSe,1,single_shell,1,hot_injection,633.1439,48.4484,2.3061,in_distribution
M1-0698,M1,297.6191,487.0249,ZnSe,1,single_shell,1,hot_injection,628.7083,47.8334,2.9715,extrapolation
M1-0699,M1,233.8890,137.4321,ZnS,2,double_shell,1,hot_injection,557.9115,79.0810,1.4846,in_distribution
M1-0700,M1,223.4470,388.2797,ZnS,2,double_shell,1,hot_injection,556.1937,81.3357,2.1167,in_distribution
M1-0701,M1,238.0486,551.7738,ZnSe,1,single_shell,1,hot_injection,635.4773,60.9660,2.4437,in_distribution
M1-0702,M1,207.9795,19.3732,ZnSe,2,double_shell,1,hot_injection,593.7694,45.5957,0.2540,in_distribution
M1-0703,M1,337.3766,88.2455,ZnS,2,double_shell,1,hot_injection,544.4888,64.5344,2.6777,extrapolation
M1-0704,M1,230.9844,36.9534,ZnS,1,single_shell,1,hot_injection,595.0568,74.5278,0.5919,in_distribution
M1-0705,M1,281.0681,558.9637,ZnSe,1,single_shell,1,hot_injection,628.4900,47.8950,2.8564,extrapolation
M1-0706,M1,322.5554,4.9315,ZnS,2,double_shell,1,hot_injection,515.3231,61.6772,1.8395,in_distribution
M1-0707,M1,321.0883,26.6691,ZnSe,2,double_shell,1,hot_injection,643.5283,52.8568,1.9557,in_distribution
M1-0708,M1,258.9095,310.2865,ZnSe,2,double_shell,1,hot_injection,647.6272,56.3030,2.2439,in_distribution
M1-0709,M1,265.7263,13.5124,ZnS,2,double_shell,1,hot_injection,522.7368,61.1595,0.7894,in_distribution
M1-0710,M1,359.0463,194.9199,ZnS,2,double_shell,1,hot_injection,544.9488,64.5327,3.3954,extrapolation
M1-0711,M1,301.4275,22.7991,ZnSe,2,double_shell,1,hot_injection,623.5722,13.0850,1.5495,in_distribution
M1-0712,M1,326.6349,539.6116,ZnSe,3,triple_plus_shell,1,hot_injection,621.2825,33.7274,3.4214,extrapolation
M1-0713,M1,342.4597,323.7054,ZnSe,2,double_shell,1,hot_injection,620.6661,43.0519,3.3790,extrapolation
M1-0714,M1,321.7662,14.8070,ZnS,2,double_shell,1,hot_injection,522.7362,61.8351,1.8418,in_distribution
M1-0715,M1,213.3323,177.5656,ZnSe,2,double_shell,1,hot_injection,641.0352,68.3691,1.5466,in_distribution
M1-0716,M1,281.1907,17.8747,ZnSe,2,double_shell,1,hot_injection,620.3610,11.1937,1.1157,in_distribution
M1-0717,M1,198.3409,74.5384,ZnS,2,double_shell,1,hot_injection,519.3394,72.9141,0.9767,in_distribution
M1-0718,M1,297.5260,98.2438,ZnSe,2,double_shell,1,hot_injection,630.7398,44.7591,2.0709,in_distribution
M1-0719,M1,351.9629,243.2457,ZnSe,2,double_shell,1,hot_injection,620.6661,43.0519,3.3851,extrapolation
M1-0720,M1,272.2918,3.4149,ZnSe,2,double_shell,1,hot_injection,595.1351,35.6625,1.2264,in_distribution
M1-0721,M1,257.9350,9.6319,ZnS,2,double_shell,1,hot_injection,518.0077,61.3033,0.6769,in_distribution
M1-0722,M1,186.4517,130.3964,ZnSe,2,double_shell,1,hot_injection,595.4477,37.3237,1.3566,in_distribution
M1-0723,M1,352.7594,59.4026,ZnSe,2,double_shell,1,hot_injection,620.9911,44.5749,2.7916,extrapolation
M1-0724,M1,198.5405,41.4499,ZnSe,2,double_shell,1,hot_injection,598.4626,42.1063,0.6431,in_distribution
M1-0725,M1,187.3942,4.0194,ZnS,2,double_shell,1,hot_injection,476.6124,39.2775,1.3032,in_distribution
M1-0726,M1,224.2920,18.9895,ZnS,3,triple_plus_shell,1,hot_injection,561.7911,82.1320,0.0963,in_distribution
M1-0727,M1,191.7955,293.5911,ZnSe,1,single_shell,1,hot_injection,604.0615,43.9883,1.8513,in_distribution
M1-0728,M1,261.9212,3.5335,ZnSe,2,double_shell,1,hot_injection,595.1132,34.1549,1.1180,in_distribution
M1-0729,M1,272.8958,24.5094,ZnS,2,double_shell,1,hot_injection,526.1264,60.6790,1.0449,in_distribution
M1-0730,M1,236.2626,448.6791,ZnSe,2,double_shell,1,hot_injection,637.3855,74.7626,2.2927,in_distribution
M1-0731,M1,189.1729,3.9283,ZnSe,2,double_shell,1,hot_injection,560.6294,43.8014,1.2940,in_distribution
M1-0732,M1,200.0881,159.3003,ZnSe,2,double_shell,1,hot_injection,599.3274,43.0018,1.4538,in_distribution
M1-0733,M1,249.2108,11.7462,ZnSe,2,double_shell,1,hot_injection,586.6947,61.7348,0.5017,in_distribution
M1-0734,M1,190.8951,295.9472,ZnSe,1,single_shell,1,hot_injection,604.0615,43.9883,1.8570,in_distribution
M1-0735,M1,305.6742,156.2594,ZnSe,3,triple_plus_shell,1,hot_injection,622.1312,33.8916,2.4370,in_distribution
M1-0736,M1,217.2637,327.4579,ZnSe,1,single_shell,1,hot_injection,653.3629,63.1067,1.9726,in_distribution
M1-0737,M1,234.3729,9.4183,ZnSe,2,double_shell,1,hot_injection,608.0209,79.0560,0.4015,in_distribution
M1-0738,M1,250.9426,50.0774,ZnS,2,double_shell,1,hot_injection,553.5100,72.5558,1.0176,in_distribution
M1-0739,M1,254.9897,186.3137,ZnSe,2,double_shell,1,hot_injection,640.1505,67.3969,1.8764,in_distribution
M1-0740,M1,180.2989,11.0277,ZnSe,1,single_shell,1,hot_injection,578.3913,46.2170,0.9027,in_distribution
M1-0741,M1,200.1727,10.1877,ZnS,1,single_shell,1,hot_injection,510.6140,65.3991,0.6005,in_distribution
M1-0742,M1,335.2976,3.4647,ZnSe,2,double_shell,1,hot_injection,594.0735,40.5306,2.1003,in_distribution
M1-0743,M1,180.2220,481.6080,ZnS,2,double_shell,1,hot_injection,500.8042,59.9463,2.1791,in_distribution
M1-0744,M1,271.4701,129.0896,ZnSe,1,single_shell,1,hot_injection,635.2858,49.6410,1.8446,in_distribution
M1-0745,M1,268.1104,87.0091,ZnS,2,double_shell,1,hot_injection,546.8348,64.9001,1.5700,in_distribution
M1-0746,M1,239.9569,154.5523,ZnSe,1,single_shell,1,hot_injection,640.0181,61.5947,1.6114,in_distribution
M1-0747,M1,257.6389,50.1624,ZnSe,2,double_shell,1,hot_injection,647.9522,57.3232,1.1125,in_distribution
M1-0748,M1,320.5046,37.3869,ZnSe,2,double_shell,1,hot_injection,624.0136,42.9778,2.0489,in_distribution
M1-0749,M1,331.4167,32.4720,ZnSe,1,single_shell,1,hot_injection,634.9367,54.0210,2.2029,in_distribution
M1-0750,M1,226.8627,89.2876,ZnSe,1,single_shell,1,hot_injection,657.9690,60.4789,1.1466,in_distribution
M1-0751,M1,238.0483,8.7269,ZnS,2,double_shell,1,hot_injection,511.4277,57.8242,0.4670,in_distribution
M1-0752,M1,223.6469,331.5667,ZnS,2,double_shell,1,hot_injection,556.1937,81.3357,2.0114,in_distribution
M1-0753,M1,266.3754,221.3033,ZnSe,2,double_shell,1,hot_injection,639.6839,51.3428,2.1101,in_distribution
M1-0754,M1,302.9865,19.1195,ZnS,2,double_shell,1,hot_injection,525.0565,59.7954,1.5368,in_distribution
M1-0755,M1,221.0855,64.3456,ZnS,2,double_shell,1,hot_injection,556.7212,81.8782,0.8938,in_distribution
M1-0756,M1,239.5324,6.3333,ZnS,1,single_shell,1,hot_injection,575.6828,69.7941,0.6565,in_distribution
M1-0757,M1,347.4692,518.2259,ZnS,1,single_shell,1,hot_injection,588.9042,45.8944,3.7024,extrapolation
M1-0758,M1,188.7425,358.6777,ZnS,2,double_shell,1,hot_injection,501.2627,61.6107,1.9819,in_distribution
M1-0759,M1,262.9385,396.6752,ZnSe,1,single_shell,1,hot_injection,639.2775,51.8163,2.4428,in_distribution
M1-0760,M1,308.0804,17.4357,ZnS,3,triple_plus_shell,1,hot_injection,555.5272,64.2551,1.6135,in_distribution
M1-0761,M1,207.0817,7.3503,ZnS,2,double_shell,1,hot_injection,496.3706,59.8411,0.6931,in_distribution
M1-0762,M1,188.5273,9.2133,ZnSe,1,single_shell,1,hot_injection,581.2883,47.2448,0.8367,in_distribution
M1-0763,M1,204.8770,4.8330,ZnSe,1,single_shell,1,hot_injection,572.7011,55.1726,0.9821,in_distribution
M1-0764,M1,345.3882,5.6689,ZnSe,1,single_shell,1,hot_injection,613.2976,48.8311,2.2244,in_distribution
M1-0765,M1,181.6668,4.3772,ZnS,2,double_shell,1,hot_injection,475.1470,36.1482,1.3315,in_distribution
M1-0766,M1,213.8980,568.5044,ZnSe,2,double_shell,1,hot_injection,638.6550,67.3744,2.3302,in_distribution
M1-0767,M1,185.6310,4.4415,ZnS,2,double_shell,1,hot_injection,476.6124,39.2775,1.2683,in_distribution
M1-0768,M1,199.9133,6.0549,ZnS,2,double_shell,1,hot_injection,470.3244,30.4600,0.8984,in_distribution
M1-0769,M1,291.6269,240.2475,ZnS,2,double_shell,1,hot_injection,544.8885,65.5027,2.4758,in_distribution
M1-0770,M1,223.4950,64.9040,ZnSe,2,double_shell,1,hot_injection,675.0834,67.3722,0.9119,in_distribution
M1-0771,M1,282.4582,181.5844,ZnS,3,triple_plus_shell,1,hot_injection,566.7991,58.7062,2.1900,in_distribution
M1-0772,M1,286.2352,84.8924,ZnS,2,double_shell,1,hot_injection,544.8885,65.5027,1.8212,in_distribution
M1-0773,M1,332.8984,321.3901,ZnSe,2,double_shell,1,hot_injection,620.6661,43.0519,3.2294,extrapolation
M1-0774,M1,180.8535,88.3597,ZnS,2,double_shell,1,hot_injection,499.6937,59.4163,1.1704,in_distribution
M1-0775,M1,333.6065,47.7031,ZnSe,2,double_shell,1,hot_injection,622.6286,41.9633,2.3697,in_distribution
M1-0776,M1,291.4414,130.9724,ZnS,2,double_shell,1,hot_injection,544.8885,65.5027,2.1306,in_distribution
M1-0777,M1,209.2938,32.1059,ZnSe,1,single_shell,1,hot_injection,627.7060,67.4602,0.4320,in_distribution
M1-0778,M1,319.1287,18.7683,ZnSe,2,double_shell,1,hot_injection,616.7322,21.0195,1.8345,in_distribution
M1-0779,M1,333.9885,35.7440,ZnSe,3,triple_plus_shell,1,hot_injection,625.6937,30.7322,2.2796,in_distribution
M1-0780,M1,225.7674,7.3729,ZnSe,1,single_shell,1,hot_injection,621.4035,65.7363,0.5468,in_distribution
M1-0781,M1,345.3829,204.2005,ZnSe,2,double_shell,1,hot_injection,620.6661,43.0519,3.1942,extrapolation
M1-0782,M1,261.8023,11.9401,ZnS,2,double_shell,1,hot_injection,520.6862,59.1349,0.7169,in_distribution
M1-0783,M1,288.6164,6.7671,ZnSe,1,single_shell,1,hot_injection,618.1591,48.0301,1.2323,in_distribution
M1-0784,M1,357.2369,11.0659,ZnSe,2,double_shell,1,hot_injection,618.9642,25.2456,2.4658,in_distribution
M1-0785,M1,245.0765,259.8663,ZnS,2,double_shell,1,hot_injection,551.9308,72.0499,1.9981,in_distribution
M1-0786,M1,326.3687,17.2554,ZnS,3,triple_plus_shell,1,hot_injection,555.5272,64.2551,1.9535,in_distribution
M1-0787,M1,237.3118,113.6953,ZnSe,1,single_shell,1,hot_injection,640.0181,61.5947,1.3861,in_distribution
M1-0788,M1,323.8584,280.3790,ZnS,2,double_shell,1,hot_injection,544.4888,64.5344,3.0212,extrapolation
M1-0789,M1,288.1321,4.5291,ZnSe,2,double_shell,1,hot_injection,611.6694,12.9377,1.3144,in_distribution
M1-0790,M1,218.9440,172.7688,ZnS,1,single_shell,1,hot_injection,615.0551,55.5572,1.5494,in_distribution
M1-0791,M1,254.5247,15.3133,ZnSe,2,double_shell,1,hot_injection,610.3469,55.0356,0.5924,in_distribution
M1-0792,M1,237.1744,9.4531,ZnS,1,single_shell,1,hot_injection,578.7782,68.2236,0.4187,in_distribution
M1-0793,M1,194.0595,115.4261,ZnS,1,single_shell,1,hot_injection,579.3644,73.0112,1.2571,in_distribution
M1-0794,M1,185.3703,372.0408,ZnS,2,double_shell,1,hot_injection,501.2627,61.6107,2.0084,in_distribution
M1-0795,M1,242.3662,14.3209,ZnSe,2,double_shell,1,hot_injection,574.1733,58.9978,0.3661,in_distribution
M1-0796,M1,183.4261,61.0977,ZnS,2,double_shell,1,hot_injection,500.0818,61.0108,0.9655,in_distribution
M1-0797,M1,209.7878,13.9328,ZnSe,2,double_shell,1,hot_injection,581.5891,50.3502,0.2939,in_distribution
M1-0798,M1,310.5330,56.5652,ZnS,2,double_shell,1,hot_injection,546.0846,66.4673,2.0288,in_distribution
M1-0799,M1,307.4564,80.9179,ZnS,1,single_shell,1,hot_injection,589.8065,46.8527,2.1356,in_distribution
M1-0800,M1,312.9445,76.1239,ZnS,1,single_shell,1,hot_injection,590.0815,46.8677,2.1987,in_distribution
M1-0801,M1,237.0876,81.6432,ZnSe,1,single_shell,1,hot_injection,639.8748,62.2928,1.1662,in_distribution
M1-0802,M1,340.2035,6.1368,ZnSe,2,double_shell,1,hot_injection,607.3246,24.4329,2.1298,in_distribution
M1-0803,M1,286.8895,118.2983,ZnS,1,single_shell,1,hot_injection,592.7580,46.7436,2.0085,in_distribution
M1-0804,M1,202.6847,107.0883,ZnSe,1,single_shell,1,hot_injection,601.4382,49.7899,1.1964,in_distribution
M1-0805,M1,205.8694,111.6290,ZnSe,1,single_shell,1,hot_injection,624.5016,56.6161,1.2236,in_distribution
M1-0806,M1,304.7572,4.4418,ZnSe,2,double_shell,1,hot_injection,599.1260,34.2478,1.5673,in_distribution
M1-0807,M1,211.1299,32.0119,ZnS,2,double_shell,1,hot_injection,555.9357,82.6935,0.4218,in_distribution
M1-0808,M1,271.3127,26.2013,ZnSe,2,double_shell,1,hot_injection,653.0468,51.7370,1.0388,in_distribution
M1-0809,M1,358.5194,4.7495,ZnSe,2,double_shell,1,hot_injection,607.4175,24.2902,2.4638,in_distribution
M1-0810,M1,180.7214,9.7453,ZnSe,2,double_shell,1,hot_injection,567.4257,39.5631,0.9440,in_distribution
M1-0811,M1,182.9844,31.0306,ZnS,1,single_shell,1,hot_injection,540.9865,40.2422,0.7344,in_distribution
M1-0812,M1,358.7552,153.6636,ZnS,2,double_shell,1,hot_injection,544.9488,64.5327,3.2825,extrapolation
M1-0813,M1,285.2350,10.5344,ZnSe,1,single_shell,1,hot_injection,626.2231,47.8378,1.1380,in_distribution
M1-0814,M1,202.8438,243.4449,ZnSe,2,double_shell,1,hot_injection,599.3274,43.0018,1.7334,in_distribution
M1-0815,M1,341.5144,54.0779,ZnSe,2,double_shell,1,hot_injection,620.9911,44.5749,2.5565,extrapolation
M1-0816,M1,338.4685,168.6065,ZnSe,2,double_shell,1,hot_injection,620.6661,43.0519,2.9901,extrapolation
M1-0817,M1,276.5161,36.6848,ZnS,1,single_shell,1,hot_injection,577.6373,56.2647,1.2615,in_distribution
M1-0818,M1,291.9226,42.2457,ZnSe,2,double_shell,1,hot_injection,633.8644,44.5983,1.5862,in_distribution
M1-0819,M1,229.1737,80.0045,ZnS,2,double_shell,1,hot_injection,557.3589,80.2438,1.0885,in_distribution
M1-0820,M1,189.0935,409.6467,ZnSe,2,double_shell,1,hot_injection,595.4477,37.3237,2.0672,in_distribution
M1-0821,M1,287.0222,40.6253,ZnS,2,double_shell,1,hot_injection,550.0696,69.6569,1.4852,in_distribution
M1-0822,M1,233.0559,49.3831,ZnSe,2,double_shell,1,hot_injection,683.6087,59.9142,0.8003,in_distribution
M1-0823,M1,299.4518,72.8340,ZnS,1,single_shell,1,hot_injection,592.3815,46.4998,1.9548,in_distribution
M1-0824,M1,330.5241,149.3364,ZnS,2,double_shell,1,hot_injection,544.4888,64.5344,2.8031,extrapolation
M1-0825,M1,183.2689,4.3899,ZnS,2,double_shell,1,hot_injection,476.5541,39.3454,1.3075,in_distribution
M1-0826,M1,287.2285,46.1035,ZnSe,1,single_shell,1,hot_injection,634.3889,47.5386,1.5427,in_distribution
M1-0827,M1,221.6305,38.4838,ZnSe,2,double_shell,1,hot_injection,678.7042,63.9083,0.5500,in_distribution
M1-0828,M1,337.2999,396.2288,ZnS,2,double_shell,1,hot_injection,544.4888,64.5344,3.4069,extrapolation
M1-0829,M1,225.6596,40.9916,ZnS,2,double_shell,1,hot_injection,562.6200,84.4949,0.6162,in_distribution
M1-0830,M1,289.9386,35.8708,ZnSe,2,double_shell,1,hot_injection,633.8644,44.5983,1.4865,in_distribution
M1-0831,M1,279.6374,491.1027,ZnSe,2,double_shell,1,hot_injection,626.3703,44.1929,2.7592,extrapolation
M1-0832,M1,251.3100,32.6521,ZnSe,2,double_shell,1,hot_injection,663.3628,69.8886,0.7898,in_distribution
M1-0833,M1,301.9717,7.8224,ZnS,2,double_shell,1,hot_injection,518.7374,63.4775,1.4444,in_distribution
M1-0834,M1,310.6385,9.4679,ZnS,1,single_shell,1,hot_injection,565.1554,49.7336,1.5963,in_distribution
M1-0835,M1,282.0488,4.9676,ZnS,2,double_shell,1,hot_injection,515.4604,61.3035,1.2019,in_distribution
M1-0836,M1,316.5160,3.0090,ZnS,2,double_shell,1,hot_injection,507.1391,58.5828,1.8363,in_distribution
M1-0837,M1,357.0151,29.5829,ZnSe,1,single_shell,1,hot_injection,636.7245,54.2472,2.6486,extrapolation
M1-0838,M1,255.4690,176.6735,ZnSe,2,double_shell,1,hot_injection,647.6272,56.3030,1.8475,in_distribution
M1-0839,M1,272.6249,146.1671,ZnSe,1,single_shell,1,hot_injection,635.2858,49.6410,1.9332,in_distribution
M1-0840,M1,182.2446,3.5571,ZnS,2,double_shell,1,hot_injection,471.6168,31.6642,1.4429,in_distribution
M1-0841,M1,323.2851,61.4708,ZnSe,2,double_shell,1,hot_injection,620.9911,44.5749,2.2840,in_distribution
M1-0842,M1,273.6414,6.7941,ZnSe,2,double_shell,1,hot_injection,607.5342,13.0400,0.9956,in_distribution
M1-0843,M1,253.4331,439.1026,ZnSe,2,double_shell,1,hot_injection,638.4365,67.0562,2.4170,in_distribution
M1-0844,M1,196.9330,7.2817,ZnSe,3,triple_plus_shell,1,hot_injection,590.1162,61.9923,0.8298,in_distribution
M1-0845,M1,340.1382,82.9921,ZnS,2,double_shell,1,hot_injection,544.4888,64.5344,2.6994,extrapolation
M1-0846,M1,251.1013,16.8968,ZnSe,2,double_shell,1,hot_injection,610.0119,55.2645,0.5425,in_distribution
M1-0847,M1,302.8647,89.8200,ZnSe,2,double_shell,1,hot_injection,619.5427,44.6052,2.1108,in_distribution
M1-0848,M1,206.8873,26.6527,ZnS,1,single_shell,1,hot_injection,580.5264,80.9175,0.3560,in_distribution
M1-0849,M1,353.0789,167.9124,ZnSe,1,single_shell,1,hot_injection,626.2330,47.6825,3.2278,extrapolation
M1-0850,M1,212.1195,10.1841,ZnSe,2,double_shell,1,hot_injection,585.8905,57.6170,0.4322,in_distribution
M1-0851,M1,215.9176,364.2298,ZnSe,1,single_shell,1,hot_injection,653.3629,63.1067,2.0387,in_distribution
M1-0852,M1,334.6169,42.4736,ZnS,2,double_shell,1,hot_injection,549.9398,68.9858,2.3474,in_distribution
M1-0853,M1,344.2649,164.7837,ZnSe,2,double_shell,1,hot_injection,620.6661,43.0519,3.0737,extrapolation
M1-0854,M1,218.1865,270.6300,ZnS,2,double_shell,1,hot_injection,556.1953,81.3342,1.8483,in_distribution
M1-0855,M1,264.5642,596.2877,ZnS,1,single_shell,1,hot_injection,592.1824,45.9436,2.7219,extrapolation
M1-0856,M1,312.0291,9.8271,ZnS,2,double_shell,1,hot_injection,519.6932,63.0608,1.6226,in_distribution
M1-0857,M1,338.1058,13.7173,ZnSe,2,double_shell,1,hot_injection,619.6492,23.3334,2.1358,in_distribution
M1-0858,M1,248.2295,11.3077,ZnS,2,double_shell,1,hot_injection,519.3383,62.4015,0.4924,in_distribution
M1-0859,M1,273.0635,12.0780,ZnSe,1,single_shell,1,hot_injection,628.0953,49.5616,0.9192,in_distribution
M1-0860,M1,313.5090,65.6665,ZnSe,2,double_shell,1,hot_injection,620.9911,44.5749,2.1432,in_distribution
M1-0861,M1,311.6045,579.7575,ZnSe,1,single_shell,1,hot_injection,621.9122,46.4300,3.2566,extrapolation
M1-0862,M1,320.9328,569.8766,ZnSe,2,double_shell,1,hot_injection,618.8236,42.1112,3.3728,extrapolation
M1-0863,M1,282.5881,48.8925,ZnSe,2,double_shell,1,hot_injection,631.9239,44.0444,1.4911,in_distribution
M1-0864,M1,198.8307,88.6221,ZnSe,2,double_shell,1,hot_injection,598.8590,43.8743,1.0816,in_distribution
M1-0865,M1,342.7152,285.7191,ZnSe,2,double_shell,1,hot_injection,620.6661,43.0519,3.3189,extrapolation
M1-0866,M1,335.8031,420.5611,ZnSe,2,double_shell,1,hot_injection,620.6661,43.0519,3.4166,extrapolation
M1-0867,M1,323.6575,8.8351,ZnSe,1,single_shell,1,hot_injection,621.2079,48.7690,1.8312,in_distribution
M1-0868,M1,197.9752,49.3528,ZnS,2,double_shell,1,hot_injection,520.2210,73.4412,0.7393,in_distribution
M1-0869,M1,216.7915,247.4596,ZnSe,2,double_shell,1,hot_injection,676.3884,64.8515,1.7821,in_distribution
M1-0870,M1,313.8481,14.9554,ZnS,2,double_shell,1,hot_injection,522.7362,61.8351,1.6954,in_distribution
M1-0871,M1,184.1652,30.8415,ZnSe,1,single_shell,1,hot_injection,594.7122,43.2130,0.7146,in_distribution
M1-0872,M1,356.2604,555.9874,ZnSe,1,single_shell,1,hot_injection,621.9122,46.4300,3.8721,extrapolation
M1-0873,M1,247.8860,554.2979,ZnSe,1,single_shell,1,hot_injection,638.9004,57.9495,2.5224,in_distribution
M1-0874,M1,309.4763,364.8381,ZnSe,3,triple_plus_shell,1,hot_injection,622.4562,33.3170,2.9599,extrapolation
M1-0875,M1,339.7628,206.2409,ZnSe,2,double_shell,1,hot_injection,620.6661,43.0519,3.1089,extrapolation
M1-0876,M1,251.0334,12.4853,ZnSe,1,single_shell,1,hot_injection,615.4582,64.6367,0.5256,in_distribution
M1-0877,M1,237.4438,16.4213,ZnSe,2,double_shell,1,hot_injection,602.6762,63.5299,0.2828,in_distribution
M1-0878,M1,289.5734,54.5049,ZnSe,1,single_shell,1,hot_injection,633.6505,48.8383,1.6570,in_distribution
M1-0879,M1,284.5781,58.5446,ZnSe,2,double_shell,1,hot_injection,630.2164,46.8910,1.6086,in_distribution
M1-0880,M1,253.6452,43.6816,ZnSe,2,double_shell,1,hot_injection,644.3345,66.5977,0.9785,in_distribution
M1-0881,M1,288.3195,87.5223,ZnSe,2,double_shell,1,hot_injection,629.9785,46.5697,1.8690,in_distribution
M1-0882,M1,348.3686,26.1027,ZnSe,2,double_shell,1,hot_injection,643.5283,52.8568,2.4556,in_distribution
M1-0883,M1,264.1752,158.8523,ZnSe,2,double_shell,1,hot_injection,640.3131,52.4573,1.8788,in_distribution
M1-0884,M1,215.4136,17.5643,ZnSe,3,triple_plus_shell,1,hot_injection,644.7849,58.1930,0.1198,in_distribution
M1-0885,M1,247.8971,17.2989,ZnSe,1,single_shell,1,hot_injection,634.8054,56.3872,0.4870,in_distribution
M1-0886,M1,250.9393,5.8867,ZnSe,3,triple_plus_shell,1,hot_injection,621.1088,59.0897,0.7703,in_distribution
M1-0887,M1,203.5996,8.1537,ZnS,2,double_shell,1,hot_injection,471.2847,31.4870,0.6737,in_distribution
M1-0888,M1,209.3169,271.7661,ZnSe,2,double_shell,1,hot_injection,634.5985,67.1515,1.8197,in_distribution
M1-0889,M1,303.2212,31.9176,ZnSe,1,single_shell,1,hot_injection,635.2367,53.8703,1.6827,in_distribution
M1-0890,M1,241.1060,10.0335,ZnSe,1,single_shell,1,hot_injection,606.6249,66.1057,0.4295,in_distribution
M1-0891,M1,351.8817,167.6440,ZnS,2,double_shell,1,hot_injection,544.4888,64.5344,3.2072,extrapolation
M1-0892,M1,223.8474,56.4740,ZnS,2,double_shell,1,hot_injection,556.7212,81.8782,0.8202,in_distribution
M1-0893,M1,197.8064,3.3558,ZnS,2,double_shell,1,hot_injection,463.1687,20.0681,1.2895,in_distribution
M1-0894,M1,315.6308,16.0354,ZnS,2,double_shell,1,hot_injection,526.2865,60.5540,1.7398,in_distribution
M1-0895,M1,338.5865,7.6631,ZnSe,2,double_shell,1,hot_injection,619.3454,24.4732,2.0993,in_distribution
M1-0896,M1,230.0604,96.8957,ZnS,2,double_shell,1,hot_injection,557.9115,79.0810,1.2230,in_distribution
M1-0897,M1,216.3759,12.8818,ZnSe,2,double_shell,1,hot_injection,610.4511,76.1580,0.2370,in_distribution
M1-0898,M1,213.4379,4.2322,ZnS,1,single_shell,1,hot_injection,574.4615,73.4685,0.9908,in_distribution
M1-0899,M1,273.9622,4.0135,ZnSe,1,single_shell,1,hot_injection,614.1572,52.9437,1.1743,in_distribution
M1-0900,M1,264.3150,65.4174,ZnSe,1,single_shell,1,hot_injection,639.4592,52.3835,1.3556,in_distribution
M1-0901,M1,226.6992,3.3659,ZnS,2,double_shell,1,hot_injection,508.4665,67.5822,1.0696,in_distribution
M1-0902,M1,188.1312,269.2882,ZnSe,2,double_shell,1,hot_injection,595.4477,37.3237,1.7996,in_distribution
M1-0903,M1,266.6684,6.8343,ZnS,2,double_shell,1,hot_injection,517.0288,60.1951,0.8926,in_distribution
M1-0904,M1,352.6798,74.6189,ZnSe,2,double_shell,1,hot_injection,620.9911,44.5749,2.8757,extrapolation
M1-0905,M1,297.4535,31.6491,ZnS,2,double_shell,1,hot_injection,553.6849,73.7947,1.5755,in_distribution
M1-0906,M1,269.1912,31.3427,ZnS,2,double_shell,1,hot_injection,555.5506,73.5374,1.0695,in_distribution
M1-0907,M1,199.9246,4.3886,ZnSe,2,double_shell,1,hot_injection,565.9880,36.7663,1.0969,in_distribution
M1-0908,M1,225.4385,210.9980,ZnS,2,double_shell,1,hot_injection,557.3589,80.2438,1.7167,in_distribution
M1-0909,M1,233.0593,340.4566,ZnSe,2,double_shell,1,hot_injection,680.6062,62.8186,2.0857,in_distribution
M1-0910,M1,317.6646,3.1803,ZnS,2,double_shell,1,hot_injection,507.1391,58.5828,1.8399,in_distribution
M1-0911,M1,337.8079,7.7285,ZnSe,2,double_shell,1,hot_injection,619.3454,24.4732,2.0853,in_distribution
M1-0912,M1,342.2955,360.6051,ZnSe,2,double_shell,1,hot_injection,620.6661,43.0519,3.4326,extrapolation
M1-0913,M1,357.2223,55.1471,ZnS,2,double_shell,1,hot_injection,546.5446,66.4546,2.8453,extrapolation
M1-0914,M1,356.8260,6.6430,ZnSe,2,double_shell,1,hot_injection,607.4996,24.5199,2.4276,in_distribution
M1-0915,M1,351.5398,8.7851,ZnSe,2,double_shell,1,hot_injection,620.0433,23.3445,2.3411,in_distribution
M1-0916,M1,192.9280,99.0306,ZnSe,2,double_shell,1,hot_injection,599.3274,43.0018,1.1672,in_distribution
M1-0917,M1,204.8028,139.6196,ZnS,2,double_shell,1,hot_injection,518.3027,71.9917,1.3695,in_distribution
M1-0918,M1,234.8040,71.8489,ZnSe,2,double_shell,1,hot_injection,680.9312,63.5663,1.0619,in_distribution
M1-0919,M1,279.5217,468.1061,ZnS,2,double_shell,1,hot_injection,545.1198,65.0143,2.7280,extrapolation
M1-0920,M1,197.4560,41.1127,ZnS,1,single_shell,1,hot_injection,535.4482,74.4495,0.6480,in_distribution
M1-0921,M1,332.2435,14.7250,ZnSe,2,double_shell,1,hot_injection,619.6592,23.3947,2.0366,in_distribution
M1-0922,M1,291.0161,37.6053,ZnSe,2,double_shell,1,hot_injection,633.8644,44.5983,1.5237,in_distribution
M1-0923,M1,277.6256,20.1708,ZnS,2,double_shell,1,hot_injection,525.9014,60.3574,1.0763,in_distribution
M1-0924,M1,209.7560,9.8516,ZnSe,1,single_shell,1,hot_injection,592.8178,59.7966,0.4816,in_distribution
M1-0925,M1,225.5860,3.8272,ZnS,2,double_shell,1,hot_injection,510.6272,69.1522,0.9874,in_distribution
M1-0926,M1,208.8562,19.3898,ZnS,2,double_shell,1,hot_injection,505.3424,66.3170,0.2387,in_distribution
M1-0927,M1,333.3480,130.0456,ZnS,2,double_shell,1,hot_injection,544.4888,64.5344,2.7833,extrapolation
M1-0928,M1,285.1610,3.3079,ZnSe,1,single_shell,1,hot_injection,610.0813,55.1604,1.3811,in_distribution
M1-0929,M1,312.3233,30.7386,ZnS,2,double_shell,1,hot_injection,553.8014,73.5388,1.8363,in_distribution
M1-0930,M1,233.2859,90.9926,ZnS,2,double_shell,1,hot_injection,557.9115,79.0810,1.2054,in_distribution
M1-0931,M1,246.8255,76.1517,ZnSe,2,double_shell,1,hot_injection,643.9362,70.0295,1.2208,in_distribution
M1-0932,M1,252.8739,183.7438,ZnSe,2,double_shell,1,hot_injection,640.1505,67.3969,1.8456,in_distribution
M1-0933,M1,316.8027,219.8626,ZnS,1,single_shell,1,hot_injection,589.1615,46.6810,2.7858,extrapolation
M1-0934,M1,319.0235,130.2500,ZnS,2,double_shell,1,hot_injection,544.4888,64.5344,2.5516,extrapolation
M1-0935,M1,217.2264,5.1720,ZnSe,1,single_shell,1,hot_injection,616.4219,66.1335,0.8290,in_distribution
M1-0936,M1,349.4770,37.1674,ZnSe,2,double_shell,1,hot_injection,624.0136,42.9778,2.5751,extrapolation
M1-0937,M1,201.7180,73.3798,ZnSe,2,double_shell,1,hot_injection,598.8590,43.8743,0.9576,in_distribution
M1-0938,M1,341.3020,11.0199,ZnSe,2,double_shell,1,hot_injection,618.9642,25.2456,2.1696,in_distribution
M1-0939,M1,198.0712,3.7587,ZnSe,1,single_shell,1,hot_injection,566.0867,57.9256,1.2150,in_distribution
M1-0940,M1,227.6172,9.8087,ZnS,1,single_shell,1,hot_injection,584.1291,69.4856,0.3555,in_distribution
M1-0941,M1,332.3661,33.4077,ZnSe,1,single_shell,1,hot_injection,634.9367,54.0210,2.2289,in_distribution
M1-0942,M1,212.3086,26.8898,ZnS,1,single_shell,1,hot_injection,593.0153,77.9465,0.3150,in_distribution
M1-0943,M1,254.4422,7.6496,ZnSe,2,double_shell,1,hot_injection,580.0115,55.9703,0.6930,in_distribution
M1-0944,M1,260.9747,236.6607,ZnSe,1,single_shell,1,hot_injection,639.2775,51.8163,2.0923,in_distribution
M1-0945,M1,224.1466,404.7194,ZnSe,2,double_shell,1,hot_injection,675.5517,66.2708,2.1484,in_distribution
M1-0946,M1,307.8441,8.7183,ZnSe,1,single_shell,1,hot_injection,621.2079,48.7690,1.5452,in_distribution
M1-0947,M1,333.2402,413.1392,ZnS,1,single_shell,1,hot_injection,589.1615,46.6810,3.3691,extrapolation
M1-0948,M1,337.4235,3.2978,ZnS,2,double_shell,1,hot_injection,507.1391,58.5828,2.1429,in_distribution
M1-0949,M1,241.0780,403.1695,ZnS,1,single_shell,1,hot_injection,610.3397,50.1776,2.2566,in_distribution
M1-0950,M1,275.5531,465.0910,ZnSe,2,double_shell,1,hot_injection,626.6203,44.3538,2.6790,extrapolation
M1-0951,M1,224.7132,3.1978,ZnS,3,triple_plus_shell,1,hot_injection,538.5651,79.8109,1.1119,in_distribution
M1-0952,M1,224.0634,170.9431,ZnSe,2,double_shell,1,hot_injection,675.5517,66.2708,1.5673,in_distribution
M1-0953,M1,209.0257,512.3706,ZnS,2,double_shell,1,hot_injection,536.9730,79.4844,2.2433,in_distribution
M1-0954,M1,349.2034,364.4428,ZnSe,1,single_shell,1,hot_injection,626.2330,47.6825,3.5442,extrapolation
M1-0955,M1,339.8380,513.7531,ZnSe,2,double_shell,1,hot_injection,618.8236,42.1112,3.5845,extrapolation
M1-0956,M1,319.9246,55.3901,ZnSe,3,triple_plus_shell,1,hot_injection,623.6129,33.5450,2.1835,in_distribution
M1-0957,M1,273.1791,4.5390,ZnSe,2,double_shell,1,hot_injection,607.8820,11.4544,1.1166,in_distribution
M1-0958,M1,268.3094,270.7146,ZnSe,1,single_shell,1,hot_injection,635.7908,49.9954,2.2581,in_distribution
M1-0959,M1,275.3542,77.5458,ZnS,2,double_shell,1,hot_injection,545.9431,66.4105,1.6094,in_distribution
M1-0960,M1,276.5822,77.9200,ZnS,2,double_shell,1,hot_injection,545.9431,66.4105,1.6302,in_distribution
M1-0961,M1,258.2214,27.3674,ZnS,1,single_shell,1,hot_injection,582.0921,62.2176,0.8236,in_distribution
M1-0962,M1,203.7159,62.0793,ZnSe,2,double_shell,1,hot_injection,598.8590,43.8743,0.8490,in_distribution
M1-0963,M1,202.6195,6.7688,ZnS,1,single_shell,1,hot_injection,507.6953,64.0628,0.7973,in_distribution
M1-0964,M1,351.4049,151.1313,ZnSe,2,double_shell,1,hot_injection,620.6661,43.0519,3.1518,extrapolation
M1-0965,M1,266.7655,4.4641,ZnSe,1,single_shell,1,hot_injection,613.2814,53.5914,1.0508,in_distribution
M1-0966,M1,351.5770,143.3404,ZnSe,2,double_shell,1,hot_injection,620.6661,43.0519,3.1308,extrapolation
M1-0967,M1,209.4438,269.5542,ZnSe,1,single_shell,1,hot_injection,624.5016,56.6161,1.8146,in_distribution
M1-0968,M1,279.7950,36.6679,ZnSe,2,double_shell,1,hot_injection,632.9168,44.8517,1.3178,in_distribution
M1-0969,M1,217.3891,44.6947,ZnSe,1,single_shell,1,hot_injection,653.2995,64.8197,0.6351,in_distribution
M1-0970,M1,225.5732,15.6868,ZnSe,2,double_shell,1,hot_injection,633.6193,72.2728,0.0725,in_distribution
M1-0971,M1,185.4098,510.3575,ZnS,1,single_shell,1,hot_injection,577.3752,48.5869,2.2106,in_distribution
M1-0972,M1,201.4116,145.9025,ZnSe,2,double_shell,1,hot_injection,599.3274,43.0018,1.3968,in_distribution
M1-0973,M1,345.0327,21.1921,ZnS,1,single_shell,1,hot_injection,566.4419,45.0472,2.3440,in_distribution
M1-0974,M1,237.8759,7.5746,ZnSe,1,single_shell,1,hot_injection,605.2159,66.2159,0.5443,in_distribution
M1-0975,M1,289.4633,9.6024,ZnS,1,single_shell,1,hot_injection,567.3454,49.8749,1.2149,in_distribution
M1-0976,M1,263.7025,35.0445,ZnS,1,single_shell,1,hot_injection,577.8873,56.4277,1.0247,in_distribution
M1-0977,M1,252.0812,442.5878,ZnS,1,single_shell,1,hot_injection,610.8429,45.8614,2.4100,in_distribution
M1-0978,M1,275.7395,146.6946,ZnS,2,double_shell,1,hot_injection,545.1498,65.2197,1.9759,in_distribution
M1-0979,M1,213.7030,9.3843,ZnS,2,double_shell,1,hot_injection,511.1051,64.7747,0.4656,in_distribution
M1-0980,M1,357.9487,285.1000,ZnS,1,single_shell,1,hot_injection,590.2515,45.0987,3.5587,extrapolation
M1-0981,M1,327.2954,22.2522,ZnSe,2,double_shell,1,hot_injection,618.2456,19.7558,2.0244,in_distribution
M1-0982,M1,313.4906,273.5014,ZnSe,2,double_shell,1,hot_injection,620.6661,43.0519,2.8552,extrapolation
M1-0983,M1,264.3767,10.7964,ZnS,1,single_shell,1,hot_injection,567.3049,49.7404,0.7678,in_distribution
M1-0984,M1,207.5179,79.5569,ZnSe,2,double_shell,1,hot_injection,634.1302,67.9570,1.0032,in_distribution
M1-0985,M1,345.7199,406.8346,ZnSe,1,single_shell,1,hot_injection,626.2330,47.6825,3.5479,extrapolation
M1-0986,M1,241.4497,11.7637,ZnSe,1,single_shell,1,hot_injection,609.7679,65.7420,0.3799,in_distribution
M1-0987,M1,189.0192,117.9142,ZnSe,2,double_shell,1,hot_injection,595.4477,37.3237,1.2865,in_distribution
M1-0988,M1,241.6327,560.9927,ZnSe,3,triple_plus_shell,1,hot_injection,631.9729,53.7690,2.4810,in_distribution
M1-0989,M1,323.0023,6.6627,ZnS,3,triple_plus_shell,1,hot_injection,545.1560,65.2967,1.8222,in_distribution
M1-0990,M1,292.0876,4.7922,ZnS,3,triple_plus_shell,1,hot_injection,545.1529,65.5561,1.3569,in_distribution
M1-0991,M1,315.1509,106.7738,ZnS,2,double_shell,1,hot_injection,544.4888,64.5344,2.3927,in_distribution
M1-0992,M1,322.8544,18.1495,ZnSe,1,single_shell,1,hot_injection,626.9088,45.7527,1.8974,in_distribution
M1-0993,M1,218.1518,4.3758,ZnSe,2,double_shell,1,hot_injection,597.2369,68.2479,0.9351,in_distribution
M1-0994,M1,346.2810,37.2232,ZnSe,1,single_shell,1,hot_injection,627.0055,48.9362,2.5170,in_distribution
M1-0995,M1,258.8381,162.7684,ZnSe,1,single_shell,1,hot_injection,643.2738,53.5354,1.8324,in_distribution
M1-0996,M1,295.0225,13.5893,ZnS,1,single_shell,1,hot_injection,573.6261,44.9940,1.3320,in_distribution
M1-0997,M1,180.4156,17.7041,ZnSe,2,double_shell,1,hot_injection,580.9740,31.4791,0.7710,in_distribution
M1-0998,M1,358.8063,264.9116,ZnS,2,double_shell,1,hot_injection,544.9488,64.5327,3.5368,extrapolation
M1-0999,M1,230.5613,47.1870,ZnSe,1,single_shell,1,hot_injection,659.8123,58.5748,0.7481,in_distribution
M2-0000,M2,323.5058,474.6255,ZnSe,2,double_shell,1,hot_injection,618.8236,42.1112,3.3051,extrapolation
M2-0001,M2,189.6306,340.3196,ZnSe,2,double_shell,1,hot_injection,595.4477,37.3237,1.9476,in_distribution
M2-0002,M2,184.4065,13.6385,ZnSe,2,double_shell,1,hot_injection,572.0174,37.0029,0.7565,in_distribution
M2-0003,M2,364.6268,13.6315,ZnSe,2,double_shell,1,hot_injection,619.6492,23.3334,2.6298,extrapolation
M2-0004,M2,309.1715,28.9320,ZnSe,2,double_shell,1,hot_injection,643.5283,52.8568,1.7599,in_distribution
M2-0005,M2,229.4352,3.2306,ZnSe,2,double_shell,1,hot_injection,595.2440,71.3160,1.0884,in_distribution
M2-0006,M2,345.3943,15.9873,ZnSe,2,double_shell,1,hot_injection,615.6310,23.4079,2.2956,in_distribution
M2-0007,M2,238.0123,465.8430,ZnSe,2,double_shell,1,hot_injection,635.6228,73.9903,2.3302,in_distribution
M2-0008,M2,272.3951,256.7777,ZnSe,2,double_shell,1,hot_injection,630.8539,46.4414,2.2724,in_distribution
M2-0009,M2,279.2269,52.3725,ZnSe,2,double_shell,1,hot_injection,629.8343,46.9837,1.4683,in_distribution
M2-0010,M2,319.2820,56.4016,ZnSe,2,double_shell,1,hot_injection,620.9911,44.5749,2.1795,in_distribution
M2-0011,M2,262.1835,594.8782,ZnSe,2,double_shell,1,hot_injection,636.5992,51.5969,2.6971,extrapolation
M2-0012,M2,292.9692,19.0629,ZnSe,2,double_shell,1,hot_injection,621.3765,11.0517,1.3492,in_distribution
M2-0013,M2,273.8750,547.8264,ZnSe,2,double_shell,1,hot_injection,627.7150,45.1497,2.7640,extrapolation
M2-0014,M2,399.5075,3.3453,ZnSe,2,double_shell,1,hot_injection,594.0735,40.5306,3.2023,extrapolation
M2-0015,M2,258.8114,599.7508,ZnSe,2,double_shell,1,hot_injection,643.2903,55.9277,2.6704,extrapolation
M2-0016,M2,257.6351,594.0505,ZnSe,2,double_shell,1,hot_injection,643.2903,55.9277,2.6533,extrapolation
M2-0017,M2,248.1875,587.6616,ZnSe,2,double_shell,1,hot_injection,639.0605,68.0645,2.5636,extrapolation
M2-0018,M2,399.8631,449.9364,ZnSe,2,double_shell,1,hot_injection,619.0648,41.9883,4.4579,extrapolation
M2-0019,M2,254.6250,407.5329,ZnSe,2,double_shell,1,hot_injection,640.1505,67.3969,2.3791,in_distribution
M2-0020,M2,398.9777,43.9323,ZnSe,2,double_shell,1,hot_injection,624.0136,42.9778,3.5343,extrapolation
M2-0021,M2,248.1612,125.0356,ZnSe,2,double_shell,1,hot_injection,643.6112,69.1779,1.5502,in_distribution
M2-0022,M2,249.3571,192.5143,ZnSe,2,double_shell,1,hot_injection,643.6112,69.1779,1.8408,in_distribution
M2-0023,M2,241.7541,153.8195,ZnSe,2,double_shell,1,hot_injection,638.7380,74.3146,1.6238,in_distribution
M2-0024,M2,259.6694,141.6988,ZnSe,2,double_shell,1,hot_injection,647.6272,56.3030,1.7552,in_distribution
M2-0025,M2,262.4554,124.8096,ZnSe,2,double_shell,1,hot_injection,640.3131,52.4573,1.7102,in_distribution
M2-0026,M2,254.1240,147.8703,ZnSe,2,double_shell,1,hot_injection,640.1505,67.3969,1.7200,in_distribution
M2-0027,M2,399.9272,135.1127,ZnSe,2,double_shell,1,hot_injection,620.6661,43.0519,3.9384,extrapolation
M2-0028,M2,256.6868,147.4754,ZnSe,2,double_shell,1,hot_injection,647.6272,56.3030,1.7464,in_distribution
M2-0029,M2,256.5734,160.6087,ZnSe,2,double_shell,1,hot_injection,647.6272,56.3030,1.7989,in_distribution
M2-0030,M2,254.5461,186.4785,ZnSe,2,double_shell,1,hot_injection,640.1505,67.3969,1.8723,in_distribution
M2-0031,M2,258.1629,150.9557,ZnSe,2,double_shell,1,hot_injection,647.6272,56.3030,1.7775,in_distribution
M2-0032,M2,257.1180,146.3482,ZnSe,2,double_shell,1,hot_injection,647.6272,56.3030,1.7463,in_distribution
M2-0033,M2,258.6210,163.3405,ZnSe,2,double_shell,1,hot_injection,647.6272,56.3030,1.8322,in_distribution
M2-0034,M2,256.1389,144.6969,ZnSe,2,double_shell,1,hot_injection,647.6272,56.3030,1.7283,in_distribution
M2-0035,M2,259.6075,147.1234,ZnSe,2,double_shell,1,hot_injection,647.6272,56.3030,1.7779,in_distribution
M2-0036,M2,257.1961,153.2029,ZnSe,2,double_shell,1,hot_injection,647.6272,56.3030,1.7760,in_distribution
M2-0037,M2,257.4062,141.5024,ZnSe,2,double_shell,1,hot_injection,647.6272,56.3030,1.7285,in_distribution
M2-0038,M2,256.5802,138.3829,ZnSe,2,double_shell,1,hot_injection,647.6272,56.3030,1.7052,in_distribution
M2-0039,M2,312.1856,3.3446,ZnSe,2,double_shell,1,hot_injection,594.0735,40.5306,1.7455,in_distribution
M2-0040,M2,260.2647,156.9547,ZnSe,2,double_shell,1,hot_injection,640.3131,52.4573,1.8258,in_distribution
M2-0041,M2,259.1783,142.1151,ZnSe,2,double_shell,1,hot_injection,647.6272,56.3030,1.7514,in_distribution
M2-0042,M2,255.4029,146.0688,ZnSe,2,double_shell,1,hot_injection,647.6272,56.3030,1.7261,in_distribution
M2-0043,M2,258.0366,137.3689,ZnSe,2,double_shell,1,hot_injection,647.6272,56.3030,1.7171,in_distribution
M2-0044,M2,257.5574,143.9898,ZnSe,2,double_shell,1,hot_injection,647.6272,56.3030,1.7411,in_distribution
M2-0045,M2,259.1210,124.5006,ZnSe,2,double_shell,1,hot_injection,647.6272,56.3030,1.6686,in_distribution
M2-0046,M2,257.0862,143.1881,ZnSe,2,double_shell,1,hot_injection,647.6272,56.3030,1.7323,in_distribution
M2-0047,M2,256.4437,139.7365,ZnSe,2,double_shell,1,hot_injection,647.6272,56.3030,1.7097,in_distribution
M2-0048,M2,252.9038,141.0581,ZnSe,2,double_shell,1,hot_injection,640.1505,67.3969,1.6769,in_distribution
M2-0049,M2,256.5410,136.9859,ZnSe,2,double_shell,1,hot_injection,647.6272,56.3030,1.6984,in_distribution
M2-0050,M2,256.9929,140.3172,ZnSe,2,double_shell,1,hot_injection,647.6272,56.3030,1.7185,in_distribution
M2-0051,M2,257.2076,125.5418,ZnSe,2,double_shell,1,hot_injection,647.6272,56.3030,1.6515,in_distribution
M2-0052,M2,257.5775,131.4879,ZnSe,2,double_shell,1,hot_injection,647.6272,56.3030,1.6845,in_distribution
M2-0053,M2,256.7956,133.0955,ZnSe,2,double_shell,1,hot_injection,647.6272,56.3030,1.6832,in_distribution
M2-0054,M2,258.2898,143.6399,ZnSe,2,double_shell,1,hot_injection,647.6272,56.3030,1.7479,in_distribution
M2-0055,M2,255.1702,131.5061,ZnSe,2,double_shell,1,hot_injection,647.6272,56.3030,1.6574,in_distribution
M2-0056,M2,258.4694,147.0210,ZnSe,2,double_shell,1,hot_injection,647.6272,56.3030,1.7644,in_distribution
M2-0057,M2,257.9126,122.1250,ZnSe,2,double_shell,1,hot_injection,647.6272,56.3030,1.6425,in_distribution
M2-0058,M2,257.3071,133.5746,ZnSe,2,double_shell,1,hot_injection,647.6272,56.3030,1.6913,in_distribution
M2-0059,M2,244.0604,224.1127,ZnSe,2,double_shell,1,hot_injection,638.7380,74.3146,1.8917,in_distribution
M2-0060,M2,259.0045,125.9235,ZnSe,2,double_shell,1,hot_injection,647.6272,56.3030,1.6743,in_distribution
M2-0061,M2,245.4740,95.3929,ZnSe,2,double_shell,1,hot_injection,643.6112,69.1779,1.3490,in_distribution
M2-0062,M2,234.5315,114.4891,ZnSe,2,double_shell,1,hot_injection,680.6062,62.8186,1.3679,in_distribution
M2-0063,M2,230.9475,103.0026,ZnSe,2,double_shell,1,hot_injection,680.6062,62.8186,1.2703,in_distribution
M2-0064,M2,227.7206,115.5557,ZnSe,2,double_shell,1,hot_injection,680.4672,63.1198,1.3253,in_distribution
M2-0065,M2,228.6269,109.3836,ZnSe,2,double_shell,1,hot_injection,680.4672,63.1198,1.2944,in_distribution
M2-0066,M2,231.8307,123.8516,ZnSe,2,double_shell,1,hot_injection,680.6062,62.8186,1.3999,in_distribution
M2-0067,M2,231.6419,116.9654,ZnSe,2,double_shell,1,hot_injection,680.6062,62.8186,1.3603,in_distribution
M2-0068,M2,222.0935,98.0689,ZnSe,2,double_shell,1,hot_injection,675.5517,66.2708,1.1826,in_distribution
M2-0069,M2,218.9286,131.3488,ZnSe,2,double_shell,1,hot_injection,676.3884,64.8515,1.3647,in_distribution
M2-0070,M2,222.3507,154.6200,ZnSe,2,double_shell,1,hot_injection,675.5517,66.2708,1.4907,in_distribution
M2-0071,M2,228.6288,136.4871,ZnSe,2,double_shell,1,hot_injection,680.4672,63.1198,1.4430,in_distribution
M2-0072,M2,222.4634,68.5764,ZnSe,2,double_shell,1,hot_injection,675.0834,67.3722,0.9434,in_distribution
M2-0073,M2,208.3762,65.5252,ZnSe,2,double_shell,1,hot_injection,634.1302,67.9570,0.8773,in_distribution
M2-0074,M2,229.8349,79.3278,ZnSe,2,double_shell,1,hot_injection,680.7922,63.8646,1.0876,in_distribution
M2-0075,M2,229.3817,57.8880,ZnSe,2,double_shell,1,hot_injection,680.7922,63.8646,0.8740,in_distribution
M2-0076,M2,236.2536,40.0336,ZnSe,2,double_shell,1,hot_injection,644.3380,74.8566,0.6985,in_distribution
M2-0077,M2,229.1873,72.4125,ZnSe,2,double_shell,1,hot_injection,680.7922,63.8646,1.0220,in_distribution
M2-0078,M2,228.4388,61.7053,ZnSe,2,double_shell,1,hot_injection,680.7922,63.8646,0.9096,in_distribution
M2-0079,M2,225.6531,133.3524,ZnSe,2,double_shell,1,hot_injection,680.4672,63.1198,1.4090,in_distribution
M2-0080,M2,343.8345,164.2334,ZnSe,2,double_shell,1,hot_injection,620.6661,43.0519,3.0650,extrapolation
M2-0081,M2,251.0249,10.8668,ZnSe,2,double_shell,1,hot_injection,581.6446,56.8550,0.5443,in_distribution
M2-0082,M2,399.1169,14.9160,ZnSe,2,double_shell,1,hot_injection,619.6592,23.3947,3.2881,extrapolation
M2-0083,M2,181.6964,3.5064,ZnSe,2,double_shell,1,hot_injection,559.3282,44.4749,1.4585,in_distribution
M2-0084,M2,361.0897,595.6630,ZnSe,2,double_shell,1,hot_injection,618.8236,42.1112,3.9817,extrapolation
M2-0085,M2,181.4107,119.8352,ZnSe,2,double_shell,1,hot_injection,592.2777,35.4353,1.3324,in_distribution
M2-0086,M2,226.8629,88.2832,ZnSe,2,double_shell,1,hot_injection,679.9989,64.3110,1.1390,in_distribution
M2-0087,M2,359.8563,62.5000,ZnSe,2,double_shell,1,hot_injection,620.9911,44.5749,2.9369,extrapolation
M2-0088,M2,224.5102,54.1133,ZnSe,2,double_shell,1,hot_injection,675.0834,67.3722,0.7953,in_distribution
M2-0089,M2,353.2326,5.1367,ZnSe,2,double_shell,1,hot_injection,607.4175,24.2902,2.3670,in_distribution
M2-0090,M2,231.0955,116.9160,ZnSe,2,double_shell,1,hot_injection,680.6062,62.8186,1.3560,in_distribution
M2-0091,M2,307.2725,202.2153,ZnSe,2,double_shell,1,hot_injection,620.0111,43.5253,2.5992,extrapolation
M2-0092,M2,228.6480,62.5890,ZnSe,2,double_shell,1,hot_injection,680.7922,63.8646,0.9206,in_distribution
M2-0093,M2,272.4972,3.1802,ZnSe,2,double_shell,1,hot_injection,595.1351,35.6625,1.2612,in_distribution
M2-0094,M2,225.9096,76.9434,ZnSe,2,double_shell,1,hot_injection,680.7922,63.8646,1.0406,in_distribution
M2-0095,M2,227.5025,77.6916,ZnSe,2,double_shell,1,hot_injection,680.7922,63.8646,1.0574,in_distribution
M2-0096,M2,228.8936,74.2321,ZnSe,2,double_shell,1,hot_injection,680.7922,63.8646,1.0364,in_distribution
M2-0097,M2,231.0406,110.0230,ZnSe,2,double_shell,1,hot_injection,680.6062,62.8186,1.3150,in_distribution
M2-0098,M2,229.1172,121.5691,ZnSe,2,double_shell,1,hot_injection,680.4672,63.1198,1.3685,in_distribution
M2-0099,M2,228.0239,79.7496,ZnSe,2,double_shell,1,hot_injection,680.7922,63.8646,1.0784,in_distribution
M2-0100,M2,309.2168,9.8486,ZnSe,2,double_shell,1,hot_injection,620.0433,23.3445,1.5714,in_distribution
M2-0101,M2,373.9665,231.2222,ZnSe,2,double_shell,1,hot_injection,620.6661,43.0519,3.7215,extrapolation
M2-0102,M2,180.1021,38.8993,ZnSe,2,double_shell,1,hot_injection,591.3680,33.9687,0.8320,in_distribution
M2-0103,M2,228.2296,72.5351,ZnSe,2,double_shell,1,hot_injection,680.7922,63.8646,1.0163,in_distribution
M2-0104,M2,228.9005,63.1224,ZnSe,2,double_shell,1,hot_injection,680.7922,63.8646,0.9281,in_distribution
M2-0105,M2,206.7743,593.9817,ZnSe,2,double_shell,1,hot_injection,630.1164,64.6425,2.3356,in_distribution
M2-0106,M2,227.8549,75.6195,ZnSe,2,double_shell,1,hot_injection,680.7922,63.8646,1.0416,in_distribution
M2-0107,M2,231.1335,60.4301,ZnSe,2,double_shell,1,hot_injection,680.9312,63.5663,0.9164,in_distribution
M2-0108,M2,338.0630,31.7460,ZnSe,2,double_shell,1,hot_injection,641.3689,53.9872,2.3183,in_distribution
M2-0109,M2,372.8385,30.5610,ZnSe,2,double_shell,1,hot_injection,641.3689,53.9872,2.9504,extrapolation
M2-0110,M2,231.7516,114.0498,ZnSe,2,double_shell,1,hot_injection,680.6062,62.8186,1.3442,in_distribution
M2-0111,M2,229.1730,62.4650,ZnSe,2,double_shell,1,hot_injection,680.7922,63.8646,0.9232,in_distribution
M2-0112,M2,228.4145,65.8360,ZnSe,2,double_shell,1,hot_injection,680.7922,63.8646,0.9527,in_distribution
M2-0113,M2,228.1682,82.0684,ZnSe,2,double_shell,1,hot_injection,679.9989,64.3110,1.0986,in_distribution
M2-0114,M2,227.8204,75.5027,ZnSe,2,double_shell,1,hot_injection,680.7922,63.8646,1.0403,in_distribution
M2-0115,M2,230.2014,64.9105,ZnSe,2,double_shell,1,hot_injection,680.9312,63.5663,0.9566,in_distribution
M2-0116,M2,227.9765,130.1515,ZnSe,2,double_shell,1,hot_injection,680.4672,63.1198,1.4069,in_distribution
M2-0117,M2,229.9765,63.3107,ZnSe,2,double_shell,1,hot_injection,680.7922,63.8646,0.9382,in_distribution
M2-0118,M2,301.4801,595.1445,ZnSe,2,double_shell,1,hot_injection,627.4788,43.4212,3.1407,extrapolation
M2-0119,M2,264.7106,31.2675,ZnSe,2,double_shell,1,hot_injection,663.0373,55.0110,0.9912,in_distribution
M2-0120,M2,281.3208,31.8153,ZnSe,2,double_shell,1,hot_injection,650.5942,52.4450,1.2883,in_distribution
M2-0121,M2,229.8738,59.1938,ZnSe,2,double_shell,1,hot_injection,680.7922,63.8646,0.8927,in_distribution
M2-0122,M2,259.0133,45.3484,ZnSe,2,double_shell,1,hot_injection,650.4262,54.6919,1.0783,in_distribution
M2-0123,M2,230.1191,59.6132,ZnSe,2,double_shell,1,hot_injection,680.9312,63.5663,0.8993,in_distribution
M2-0124,M2,229.9294,64.0003,ZnSe,2,double_shell,1,hot_injection,680.7922,63.8646,0.9451,in_distribution
M2-0125,M2,227.7853,76.5670,ZnSe,2,double_shell,1,hot_injection,680.7922,63.8646,1.0495,in_distribution
M2-0126,M2,229.4777,94.8318,ZnSe,2,double_shell,1,hot_injection,680.4672,63.1198,1.2045,in_distribution
M2-0127,M2,394.7223,7.8457,ZnSe,2,double_shell,1,hot_injection,619.3454,24.4732,3.1290,extrapolation
M2-0128,M2,229.1022,61.3789,ZnSe,2,double_shell,1,hot_injection,680.7922,63.8646,0.9109,in_distribution
M2-0129,M2,230.4421,108.4114,ZnSe,2,double_shell,1,hot_injection,680.6062,62.8186,1.3009,in_distribution
M2-0130,M2,231.2158,118.7133,ZnSe,2,double_shell,1,hot_injection,680.6062,62.8186,1.3671,in_distribution
M2-0131,M2,232.0541,111.4394,ZnSe,2,double_shell,1,hot_injection,680.6062,62.8186,1.3310,in_distribution
M2-0132,M2,231.1982,116.3527,ZnSe,2,double_shell,1,hot_injection,680.6062,62.8186,1.3536,in_distribution
M2-0133,M2,228.7901,72.7700,ZnSe,2,double_shell,1,hot_injection,680.7922,63.8646,1.0224,in_distribution
M2-0134,M2,229.6304,121.3080,ZnSe,2,double_shell,1,hot_injection,680.4672,63.1198,1.3705,in_distribution
M2-0135,M2,229.6871,60.0296,ZnSe,2,double_shell,1,hot_injection,680.7922,63.8646,0.9006,in_distribution
M2-0136,M2,226.0941,128.8531,ZnSe,2,double_shell,1,hot_injection,680.4672,63.1198,1.3885,in_distribution
M2-0137,M2,230.5350,61.3593,ZnSe,2,double_shell,1,hot_injection,680.9312,63.5663,0.9218,in_distribution
M2-0138,M2,181.2546,584.6823,ZnSe,2,double_shell,1,hot_injection,592.4921,33.7457,2.3010,in_distribution
M2-0139,M2,213.8151,212.5929,ZnSe,2,double_shell,1,hot_injection,641.0352,68.3691,1.6690,in_distribution
M2-0140,M2,229.3089,64.9910,ZnSe,2,double_shell,1,hot_injection,680.7922,63.8646,0.9506,in_distribution
M2-0141,M2,229.9748,61.8592,ZnSe,2,double_shell,1,hot_injection,680.7922,63.8646,0.9228,in_distribution
M2-0142,M2,229.6873,62.5534,ZnSe,2,double_shell,1,hot_injection,680.7922,63.8646,0.9280,in_distribution
M2-0143,M2,229.0901,65.8199,ZnSe,2,double_shell,1,hot_injection,680.7922,63.8646,0.9575,in_distribution
M2-0144,M2,227.3345,77.8393,ZnSe,2,double_shell,1,hot_injection,680.7922,63.8646,1.0575,in_distribution
M2-0145,M2,229.9402,63.1169,ZnSe,2,double_shell,1,hot_injection,680.7922,63.8646,0.9359,in_distribution
M2-0146,M2,228.5537,74.9873,ZnSe,2,double_shell,1,hot_injection,680.7922,63.8646,1.0408,in_distribution
M2-0147,M2,227.6708,72.6101,ZnSe,2,double_shell,1,hot_injection,680.7922,63.8646,1.0131,in_distribution
M2-0148,M2,230.5599,64.2672,ZnSe,2,double_shell,1,hot_injection,680.9312,63.5663,0.9527,in_distribution
M2-0149,M2,228.7635,60.2611,ZnSe,2,double_shell,1,hot_injection,680.7922,63.8646,0.8961,in_distribution
M2-0150,M2,228.7466,70.1134,ZnSe,2,double_shell,1,hot_injection,680.7922,63.8646,0.9972,in_distribution
M2-0151,M2,227.9202,78.3904,ZnSe,2,double_shell,1,hot_injection,680.7922,63.8646,1.0662,in_distribution
M2-0152,M2,229.6682,60.8381,ZnSe,2,double_shell,1,hot_injection,680.7922,63.8646,0.9093,in_distribution
M2-0153,M2,228.9663,62.9049,ZnSe,2,double_shell,1,hot_injection,680.7922,63.8646,0.9263,in_distribution
M2-0154,M2,264.0272,22.1630,ZnSe,2,double_shell,1,hot_injection,622.7174,26.6565,0.8511,in_distribution
M2-0155,M2,229.1702,122.2522,ZnSe,2,double_shell,1,hot_injection,680.4672,63.1198,1.3726,in_distribution
M2-0156,M2,226.9621,130.8368,ZnSe,2,double_shell,1,hot_injection,680.4672,63.1198,1.4041,in_distribution
M2-0157,M2,228.4120,60.2454,ZnSe,2,double_shell,1,hot_injection,680.7922,63.8646,0.8934,in_distribution
M2-0158,M2,229.6202,66.7014,ZnSe,2,double_shell,1,hot_injection,680.7922,63.8646,0.9703,in_distribution
M2-0159,M2,229.2531,59.4479,ZnSe,2,double_shell,1,hot_injection,680.7922,63.8646,0.8907,in_distribution
M2-0160,M2,233.2727,114.3741,ZnSe,2,double_shell,1,hot_injection,680.6062,62.8186,1.3575,in_distribution
M2-0161,M2,229.1215,64.7898,ZnSe,2,double_shell,1,hot_injection,680.7922,63.8646,0.9472,in_distribution
M2-0162,M2,229.3105,75.8558,ZnSe,2,double_shell,1,hot_injection,680.7922,63.8646,1.0539,in_distribution
M2-0163,M2,225.2370,136.8119,ZnSe,2,double_shell,1,hot_injection,680.4672,63.1198,1.4239,in_distribution
M2-0164,M2,228.5681,75.0790,ZnSe,2,double_shell,1,hot_injection,680.7922,63.8646,1.0417,in_distribution
M2-0165,M2,229.6112,61.2139,ZnSe,2,double_shell,1,hot_injection,680.7922,63.8646,0.9130,in_distribution
M2-0166,M2,229.1087,71.1590,ZnSe,2,double_shell,1,hot_injection,680.7922,63.8646,1.0097,in_distribution
M2-0167,M2,230.3160,66.3766,ZnSe,2,double_shell,1,hot_injection,680.9312,63.5663,0.9723,in_distribution
M2-0168,M2,228.3163,70.0241,ZnSe,2,double_shell,1,hot_injection,680.7922,63.8646,0.9933,in_distribution
M2-0169,M2,229.6990,60.8185,ZnSe,2,double_shell,1,hot_injection,680.7922,63.8646,0.9093,in_distribution
M2-0170,M2,232.5828,107.9075,ZnSe,2,double_shell,1,hot_injection,680.6062,62.8186,1.3134,in_distribution
M2-0171,M2,227.8478,74.1664,ZnSe,2,double_shell,1,hot_injection,680.7922,63.8646,1.0286,in_distribution
M2-0172,M2,227.9115,79.1300,ZnSe,2,double_shell,1,hot_injection,680.7922,63.8646,1.0724,in_distribution
M2-0173,M2,228.7060,68.6083,ZnSe,2,double_shell,1,hot_injection,680.7922,63.8646,0.9824,in_distribution
M2-0174,M2,230.6343,115.7524,ZnSe,2,double_shell,1,hot_injection,680.6062,62.8186,1.3461,in_distribution
M2-0175,M2,227.4383,76.0452,ZnSe,2,double_shell,1,hot_injection,680.7922,63.8646,1.0426,in_distribution
M2-0176,M2,230.5880,59.2726,ZnSe,2,double_shell,1,hot_injection,680.9312,63.5663,0.8992,in_distribution
M2-0177,M2,228.1157,76.9917,ZnSe,2,double_shell,1,hot_injection,680.7922,63.8646,1.0554,in_distribution
M2-0178,M2,230.1984,61.3856,ZnSe,2,double_shell,1,hot_injection,680.9312,63.5663,0.9194,in_distribution
M2-0179,M2,230.9145,109.9143,ZnSe,2,double_shell,1,hot_injection,680.6062,62.8186,1.3134,in_distribution
M2-0180,M2,231.3770,114.2148,ZnSe,2,double_shell,1,hot_injection,680.6062,62.8186,1.3424,in_distribution
M2-0181,M2,230.6345,121.1962,ZnSe,2,double_shell,1,hot_injection,680.6062,62.8186,1.3768,in_distribution
M2-0182,M2,227.7443,73.8683,ZnSe,2,double_shell,1,hot_injection,680.7922,63.8646,1.0252,in_distribution
M2-0183,M2,228.5407,76.6920,ZnSe,2,double_shell,1,hot_injection,680.7922,63.8646,1.0558,in_distribution
M2-0184,M2,229.4793,62.3393,ZnSe,2,double_shell,1,hot_injection,680.7922,63.8646,0.9241,in_distribution
M2-0185,M2,229.3627,65.1595,ZnSe,2,double_shell,1,hot_injection,680.7922,63.8646,0.9528,in_distribution
M2-0186,M2,229.6415,122.2880,ZnSe,2,double_shell,1,hot_injection,680.4672,63.1198,1.3760,in_distribution
M2-0187,M2,230.4346,62.3891,ZnSe,2,double_shell,1,hot_injection,680.9312,63.5663,0.9320,in_distribution
M2-0188,M2,228.5923,68.6370,ZnSe,2,double_shell,1,hot_injection,680.7922,63.8646,0.9819,in_distribution
M2-0189,M2,229.7846,60.0115,ZnSe,2,double_shell,1,hot_injection,680.7922,63.8646,0.9011,in_distribution
M2-0190,M2,229.7021,67.7516,ZnSe,2,double_shell,1,hot_injection,680.7922,63.8646,0.9813,in_distribution
M2-0191,M2,231.8712,112.9369,ZnSe,2,double_shell,1,hot_injection,680.6062,62.8186,1.3385,in_distribution
M2-0192,M2,229.1626,72.0240,ZnSe,2,double_shell,1,hot_injection,680.7922,63.8646,1.0182,in_distribution
M2-0193,M2,228.0092,80.0098,ZnSe,2,double_shell,1,hot_injection,679.9989,64.3110,1.0805,in_distribution
M2-0194,M2,228.4785,75.0463,ZnSe,2,double_shell,1,hot_injection,680.7922,63.8646,1.0408,in_distribution
M2-0195,M2,229.1077,61.5484,ZnSe,2,double_shell,1,hot_injection,680.7922,63.8646,0.9128,in_distribution
M2-0196,M2,364.6276,3.1716,ZnSe,2,double_shell,1,hot_injection,594.0735,40.5306,2.6009,extrapolation
M2-0197,M2,231.8523,108.4683,ZnSe,2,double_shell,1,hot_injection,680.6062,62.8186,1.3114,in_distribution
M2-0198,M2,228.0555,76.0200,ZnSe,2,double_shell,1,hot_injection,680.7922,63.8646,1.0465,in_distribution
M2-0199,M2,228.8462,78.3204,ZnSe,2,double_shell,1,hot_injection,680.7922,63.8646,1.0720,in_distribution
M2-0200,M2,227.7047,73.8021,ZnSe,2,double_shell,1,hot_injection,680.7922,63.8646,1.0243,in_distribution
M2-0201,M2,293.3259,356.1900,ZnSe,2,double_shell,1,hot_injection,630.4469,45.4289,2.7298,extrapolation
M2-0202,M2,229.3860,58.9778,ZnSe,2,double_shell,1,hot_injection,680.7922,63.8646,0.8865,in_distribution
M2-0203,M2,228.7016,66.5826,ZnSe,2,double_shell,1,hot_injection,680.7922,63.8646,0.9623,in_distribution
M2-0204,M2,231.5758,116.8449,ZnSe,2,double_shell,1,hot_injection,680.6062,62.8186,1.3591,in_distribution
M2-0205,M2,229.4452,62.1821,ZnSe,2,double_shell,1,hot_injection,680.7922,63.8646,0.9222,in_distribution
M2-0206,M2,229.3421,66.7588,ZnSe,2,double_shell,1,hot_injection,680.7922,63.8646,0.9688,in_distribution
M2-0207,M2,229.1955,65.9543,ZnSe,2,double_shell,1,hot_injection,680.7922,63.8646,0.9596,in_distribution
M2-0208,M2,229.2618,127.4253,ZnSe,2,double_shell,1,hot_injection,680.4672,63.1198,1.4010,in_distribution
M2-0209,M2,226.7739,130.6211,ZnSe,2,double_shell,1,hot_injection,680.4672,63.1198,1.4018,in_distribution
M2-0210,M2,323.5058,474.6255,ZnS,1,single_shell,1,hot_injection,588.9042,45.8944,3.3051,extrapolation
M2-0211,M2,189.6306,340.3196,ZnS,1,single_shell,1,hot_injection,577.8942,51.3726,1.9476,in_distribution
M2-0212,M2,184.4065,13.6385,ZnS,1,single_shell,1,hot_injection,568.7739,49.5317,0.7565,in_distribution
M2-0213,M2,364.6268,13.6315,ZnS,1,single_shell,1,hot_injection,574.2586,44.6763,2.6298,extrapolation
M2-0214,M2,309.1715,28.9320,ZnS,1,single_shell,1,hot_injection,577.5658,58.0575,1.7599,in_distribution
M2-0215,M2,229.4352,3.2306,ZnS,1,single_shell,1,hot_injection,564.1092,76.4404,1.0884,in_distribution
M2-0216,M2,345.3943,15.9873,ZnS,1,single_shell,1,hot_injection,572.0912,46.0307,2.2956,in_distribution
M2-0217,M2,238.0123,465.8430,ZnS,1,single_shell,1,hot_injection,608.3705,50.4179,2.3302,in_distribution
M2-0218,M2,272.3951,256.7777,ZnS,1,single_shell,1,hot_injection,592.9730,46.8324,2.2724,in_distribution
M2-0219,M2,279.2269,52.3725,ZnS,1,single_shell,1,hot_injection,593.3980,46.7995,1.4683,in_distribution
M2-0220,M2,250.1128,592.8289,ZnS,1,single_shell,1,hot_injection,609.1712,46.1214,2.5854,extrapolation
M2-0221,M2,232.0827,589.6215,ZnS,1,single_shell,1,hot_injection,613.0880,52.2120,2.4481,in_distribution
M2-0222,M2,399.2069,598.3318,ZnS,1,single_shell,1,hot_injection,589.9942,44.2904,4.5830,extrapolation
M2-0223,M2,233.3356,595.5096,ZnS,1,single_shell,1,hot_injection,613.0880,52.2120,2.4628,in_distribution
M2-0224,M2,229.9211,590.5495,ZnS,1,single_shell,1,hot_injection,613.8472,51.6745,2.4357,in_distribution
M2-0225,M2,397.1026,115.6392,ZnS,1,single_shell,1,hot_injection,590.2515,45.0987,3.8283,extrapolation
M2-0226,M2,224.3675,582.0111,ZnS,1,single_shell,1,hot_injection,613.5534,55.2293,2.3943,in_distribution
M2-0227,M2,225.9668,599.2385,ZnS,1,single_shell,1,hot_injection,613.8472,51.6745,2.4226,in_distribution
M2-0228,M2,398.0986,3.1648,ZnS,1,single_shell,1,hot_injection,548.7452,56.3039,3.1801,extrapolation
M2-0229,M2,227.0584,583.8239,ZnS,1,single_shell,1,hot_injection,613.8472,51.6745,2.4112,in_distribution
M2-0230,M2,219.0658,595.5129,ZnS,1,single_shell,1,hot_injection,613.5534,55.2293,2.3834,in_distribution
M2-0231,M2,223.8065,591.2484,ZnS,1,single_shell,1,hot_injection,613.5534,55.2293,2.4019,in_distribution
M2-0232,M2,228.2239,593.3753,ZnS,1,single_shell,1,hot_injection,613.8472,51.6745,2.4289,in_distribution
M2-0233,M2,219.1250,587.2178,ZnS,1,single_shell,1,hot_injection,613.5534,55.2293,2.3742,in_distribution
M2-0234,M2,224.1158,595.8354,ZnS,1,single_shell,1,hot_injection,613.5534,55.2293,2.4088,in_distribution
M2-0235,M2,221.5406,589.3834,ZnS,1,single_shell,1,hot_injection,613.5534,55.2293,2.3882,in_distribution
M2-0236,M2,221.7962,592.7761,ZnS,1,single_shell,1,hot_injection,613.5534,55.2293,2.3934,in_distribution
M2-0237,M2,224.8683,587.5402,ZnS,1,single_shell,1,hot_injection,613.5534,55.2293,2.4033,in_distribution
M2-0238,M2,226.1968,577.5557,ZnS,1,single_shell,1,hot_injection,613.8472,51.6745,2.3991,in_distribution
M2-0239,M2,221.9412,598.7024,ZnS,1,single_shell,1,hot_injection,613.5534,55.2293,2.4008,in_distribution
M2-0240,M2,231.8753,598.0272,ZnS,1,single_shell,1,hot_injection,613.0880,52.2120,2.4563,in_distribution
M2-0241,M2,226.8866,585.4258,ZnS,1,single_shell,1,hot_injection,613.8472,51.6745,2.4121,in_distribution
M2-0242,M2,226.8409,569.0605,ZnS,1,single_shell,1,hot_injection,613.8472,51.6745,2.3927,in_distribution
M2-0243,M2,223.3148,581.8948,ZnS,1,single_shell,1,hot_injection,613.5534,55.2293,2.3886,in_distribution
M2-0244,M2,226.1946,597.8803,ZnS,1,single_shell,1,hot_injection,613.8472,51.6745,2.4224,in_distribution
M2-0245,M2,225.5258,591.1863,ZnS,1,single_shell,1,hot_injection,613.8472,51.6745,2.4111,in_distribution
M2-0246,M2,222.9846,578.9931,ZnS,1,single_shell,1,hot_injection,613.5534,55.2293,2.3835,in_distribution
M2-0247,M2,225.7889,590.4172,ZnS,1,single_shell,1,hot_injection,613.8472,51.6745,2.4117,in_distribution
M2-0248,M2,223.4147,592.7887,ZnS,1,single_shell,1,hot_injection,613.5534,55.2293,2.4016,in_distribution
M2-0249,M2,223.2185,592.9382,ZnS,1,single_shell,1,hot_injection,613.5534,55.2293,2.4008,in_distribution
M2-0250,M2,225.5082,595.0016,ZnS,1,single_shell,1,hot_injection,613.8472,51.6745,2.4153,in_distribution
M2-0251,M2,228.5948,587.2301,ZnS,1,single_shell,1,hot_injection,613.8472,51.6745,2.4240,in_distribution
M2-0252,M2,221.9762,592.7049,ZnS,1,single_shell,1,hot_injection,613.5534,55.2293,2.3942,in_distribution
M2-0253,M2,334.3623,104.0867,ZnS,1,single_shell,1,hot_injection,589.1615,46.6810,2.6985,extrapolation
M2-0254,M2,226.5323,578.1373,ZnS,1,single_shell,1,hot_injection,613.8472,51.6745,2.4017,in_distribution
M2-0255,M2,232.8480,596.3429,ZnS,1,single_shell,1,hot_injection,613.0880,52.2120,2.4606,in_distribution
M2-0256,M2,226.4022,596.3793,ZnS,1,single_shell,1,hot_injection,613.8472,51.6745,2.4218,in_distribution
M2-0257,M2,231.3761,597.1027,ZnS,1,single_shell,1,hot_injection,613.0880,52.2120,2.4521,in_distribution
M2-0258,M2,223.5208,592.9505,ZnS,1,single_shell,1,hot_injection,613.5534,55.2293,2.4024,in_distribution
M2-0259,M2,229.3051,598.1097,ZnS,1,single_shell,1,hot_injection,613.8472,51.6745,2.4406,in_distribution
M2-0260,M2,222.9173,592.6537,ZnS,1,single_shell,1,hot_injection,613.5534,55.2293,2.3989,in_distribution
M2-0261,M2,230.6606,584.7522,ZnS,1,single_shell,1,hot_injection,613.0880,52.2120,2.4336,in_distribution
M2-0262,M2,229.9567,594.0107,ZnS,1,single_shell,1,hot_injection,613.8472,51.6745,2.4399,in_distribution
M2-0263,M2,399.7478,40.2922,ZnS,1,single_shell,1,hot_injection,578.9241,52.4957,3.5237,extrapolation
M2-0264,M2,228.9091,586.7446,ZnS,1,single_shell,1,hot_injection,613.8472,51.6745,2.4253,in_distribution
M2-0265,M2,217.2321,596.7888,ZnS,1,single_shell,1,hot_injection,613.5534,55.2293,2.3766,in_distribution
M2-0266,M2,223.8385,598.1076,ZnS,1,single_shell,1,hot_injection,613.5534,55.2293,2.4099,in_distribution
M2-0267,M2,225.6642,576.2361,ZnS,1,single_shell,1,hot_injection,613.8472,51.6745,2.3946,in_distribution
M2-0268,M2,224.4692,563.1744,ZnS,1,single_shell,1,hot_injection,613.5534,55.2293,2.3727,in_distribution
M2-0269,M2,231.2851,51.5007,ZnS,1,single_shell,1,hot_injection,615.7072,51.5761,0.8120,in_distribution
M2-0270,M2,230.7166,73.9520,ZnS,1,single_shell,1,hot_injection,615.7072,51.5761,1.0474,in_distribution
M2-0271,M2,238.0766,57.6687,ZnS,1,single_shell,1,hot_injection,610.9897,50.0068,0.9500,in_distribution
M2-0272,M2,214.9500,60.5015,ZnS,1,single_shell,1,hot_injection,614.2037,54.6474,0.8312,in_distribution
M2-0273,M2,224.0296,61.4502,ZnS,1,single_shell,1,hot_injection,615.3801,55.4535,0.8781,in_distribution
M2-0274,M2,225.2890,34.4847,ZnS,1,single_shell,1,hot_injection,597.4510,75.8884,0.4978,in_distribution
M2-0275,M2,221.6272,110.2792,ZnS,1,single_shell,1,hot_injection,615.0551,55.5572,1.2593,in_distribution
M2-0276,M2,220.1713,83.9486,ZnS,1,single_shell,1,hot_injection,615.3801,55.4535,1.0687,in_distribution
M2-0277,M2,234.6913,116.3099,ZnS,1,single_shell,1,hot_injection,615.0572,51.8009,1.3797,in_distribution
M2-0278,M2,229.0207,96.2271,ZnS,1,single_shell,1,hot_injection,615.8163,51.2300,1.2111,in_distribution
M2-0279,M2,180.7983,69.9736,ZnS,1,single_shell,1,hot_injection,566.5908,52.0787,1.0541,in_distribution
M2-0280,M2,302.9205,3.1765,ZnS,1,single_shell,1,hot_injection,547.2552,56.4875,1.6259,in_distribution
M2-0281,M2,228.3447,156.9913,ZnS,1,single_shell,1,hot_injection,615.8163,51.2300,1.5352,in_distribution
M2-0282,M2,231.4465,140.3021,ZnS,1,single_shell,1,hot_injection,615.0572,51.8009,1.4806,in_distribution
M2-0283,M2,180.6354,3.1908,ZnS,1,single_shell,1,hot_injection,532.3046,57.0742,1.5279,in_distribution
M2-0284,M2,222.2572,60.3005,ZnS,1,single_shell,1,hot_injection,615.3801,55.4535,0.8557,in_distribution
M2-0285,M2,226.1376,83.5695,ZnS,1,single_shell,1,hot_injection,616.1413,51.1126,1.0976,in_distribution
M2-0286,M2,228.3486,217.4204,ZnS,1,single_shell,1,hot_injection,615.8163,51.2300,1.7541,in_distribution
M2-0287,M2,223.2584,195.9499,ZnS,1,single_shell,1,hot_injection,615.0551,55.5572,1.6550,in_distribution
M2-0288,M2,229.9238,176.1979,ZnS,1,single_shell,1,hot_injection,615.8163,51.2300,1.6229,in_distribution
M2-0289,M2,286.9406,599.2071,ZnS,1,single_shell,1,hot_injection,591.9674,45.8493,2.9674,extrapolation
M2-0290,M2,368.5707,292.7868,ZnS,1,single_shell,1,hot_injection,590.2515,45.0987,3.7431,extrapolation
M2-0291,M2,225.5218,85.1300,ZnS,1,single_shell,1,hot_injection,616.1413,51.1126,1.1062,in_distribution
M2-0292,M2,226.6565,95.9225,ZnS,1,single_shell,1,hot_injection,615.8163,51.2300,1.1935,in_distribution
M2-0293,M2,224.6946,68.2292,ZnS,1,single_shell,1,hot_injection,615.3801,55.4535,0.9524,in_distribution
M2-0294,M2,226.2151,86.8792,ZnS,1,single_shell,1,hot_injection,616.1413,51.1126,1.1242,in_distribution
M2-0295,M2,229.5619,207.6284,ZnS,1,single_shell,1,hot_injection,615.8163,51.2300,1.7308,in_distribution
M2-0296,M2,226.8629,88.2832,ZnS,1,single_shell,1,hot_injection,616.1413,51.1126,1.1390,in_distribution
M2-0297,M2,227.2921,90.9236,ZnS,1,single_shell,1,hot_injection,615.8163,51.2300,1.1616,in_distribution
M2-0298,M2,225.0777,81.9302,ZnS,1,single_shell,1,hot_injection,616.1413,51.1126,1.0778,in_distribution
M2-0299,M2,225.7712,93.9322,ZnS,1,single_shell,1,hot_injection,615.8163,51.2300,1.1739,in_distribution
M2-0300,M2,227.0351,83.3651,ZnS,1,single_shell,1,hot_injection,616.1413,51.1126,1.1016,in_distribution
M2-0301,M2,227.3715,86.8754,ZnS,1,single_shell,1,hot_injection,616.1413,51.1126,1.1315,in_distribution
M2-0302,M2,225.6554,57.0935,ZnS,1,single_shell,1,hot_injection,616.4663,50.9929,0.8385,in_distribution
M2-0303,M2,228.0637,58.9375,ZnS,1,single_shell,1,hot_injection,616.4663,50.9929,0.8762,in_distribution
M2-0304,M2,226.7240,55.4034,ZnS,1,single_shell,1,hot_injection,616.4663,50.9929,0.8254,in_distribution
M2-0305,M2,226.3778,55.7106,ZnS,1,single_shell,1,hot_injection,616.4663,50.9929,0.8267,in_distribution
M2-0306,M2,227.2838,53.1833,ZnS,1,single_shell,1,hot_injection,616.4663,50.9929,0.8019,in_distribution
M2-0307,M2,223.7412,56.4380,ZnS,1,single_shell,1,hot_injection,615.3801,55.4535,0.8191,in_distribution
M2-0308,M2,223.4243,293.6612,ZnS,1,single_shell,1,hot_injection,615.0551,55.5572,1.9284,in_distribution
M2-0309,M2,227.6987,58.6447,ZnS,1,single_shell,1,hot_injection,616.4663,50.9929,0.8702,in_distribution
M2-0310,M2,227.1940,54.2448,ZnS,1,single_shell,1,hot_injection,616.4663,50.9929,0.8145,in_distribution
M2-0311,M2,224.6661,55.6084,ZnS,1,single_shell,1,hot_injection,615.3801,55.4535,0.8146,in_distribution
M2-0312,M2,227.5102,59.7024,ZnS,1,single_shell,1,hot_injection,616.4663,50.9929,0.8809,in_distribution
M2-0313,M2,228.8208,55.2764,ZnS,1,single_shell,1,hot_injection,616.4663,50.9929,0.8390,in_distribution
M2-0314,M2,293.2440,117.3631,ZnS,1,single_shell,1,hot_injection,592.7580,46.7436,2.0981,in_distribution
M2-0315,M2,225.1491,82.2185,ZnS,1,single_shell,1,hot_injection,616.1413,51.1126,1.0806,in_distribution
M2-0316,M2,228.5191,61.7526,ZnS,1,single_shell,1,hot_injection,616.4663,50.9929,0.9107,in_distribution
M2-0317,M2,229.2968,55.4589,ZnS,1,single_shell,1,hot_injection,616.4663,50.9929,0.8448,in_distribution
M2-0318,M2,225.8942,60.1414,ZnS,1,single_shell,1,hot_injection,616.4663,50.9929,0.8749,in_distribution
M2-0319,M2,227.0519,58.4209,ZnS,1,single_shell,1,hot_injection,616.4663,50.9929,0.8632,in_distribution
M2-0320,M2,226.9816,57.2895,ZnS,1,single_shell,1,hot_injection,616.4663,50.9929,0.8496,in_distribution
M2-0321,M2,229.6889,57.6445,ZnS,1,single_shell,1,hot_injection,616.4663,50.9929,0.8736,in_distribution
M2-0322,M2,226.0443,65.1560,ZnS,1,single_shell,1,hot_injection,616.4663,50.9929,0.9297,in_distribution
M2-0323,M2,228.5652,54.5797,ZnS,1,single_shell,1,hot_injection,616.4663,50.9929,0.8286,in_distribution
M2-0324,M2,227.0061,59.4403,ZnS,1,single_shell,1,hot_injection,616.4663,50.9929,0.8744,in_distribution
M2-0325,M2,227.0446,66.1432,ZnS,1,single_shell,1,hot_injection,616.4663,50.9929,0.9464,in_distribution
M2-0326,M2,227.2973,58.2572,ZnS,1,single_shell,1,hot_injection,616.4663,50.9929,0.8630,in_distribution
M2-0327,M2,227.3071,63.8672,ZnS,1,single_shell,1,hot_injection,616.4663,50.9929,0.9247,in_distribution
M2-0328,M2,228.1894,56.2584,ZnS,1,single_shell,1,hot_injection,616.4663,50.9929,0.8460,in_distribution
M2-0329,M2,226.7736,67.3524,ZnS,1,single_shell,1,hot_injection,616.4663,50.9929,0.9567,in_distribution
M2-0330,M2,227.1371,54.9185,ZnS,1,single_shell,1,hot_injection,616.4663,50.9929,0.8223,in_distribution
M2-0331,M2,226.5125,60.4190,ZnS,1,single_shell,1,hot_injection,616.4663,50.9929,0.8821,in_distribution
M2-0332,M2,364.3926,596.7578,ZnS,1,single_shell,1,hot_injection,589.9942,44.2904,4.0331,extrapolation
M2-0333,M2,230.1191,59.6132,ZnS,1,single_shell,1,hot_injection,615.7072,51.5761,0.8993,in_distribution
M2-0334,M2,226.9928,59.7475,ZnS,1,single_shell,1,hot_injection,616.4663,50.9929,0.8778,in_distribution
M2-0335,M2,226.5435,61.4552,ZnS,1,single_shell,1,hot_injection,616.4663,50.9929,0.8937,in_distribution
M2-0336,M2,227.3446,57.5826,ZnS,1,single_shell,1,hot_injection,616.4663,50.9929,0.8555,in_distribution
M2-0337,M2,226.0674,75.8064,ZnS,1,single_shell,1,hot_injection,616.4663,50.9929,1.0316,in_distribution
M2-0338,M2,229.1022,61.3789,ZnS,1,single_shell,1,hot_injection,616.4663,50.9929,0.9109,in_distribution
M2-0339,M2,227.6480,61.9161,ZnS,1,single_shell,1,hot_injection,616.4663,50.9929,0.9062,in_distribution
M2-0340,M2,227.7524,54.5785,ZnS,1,single_shell,1,hot_injection,616.4663,50.9929,0.8226,in_distribution
M2-0341,M2,228.3313,55.9905,ZnS,1,single_shell,1,hot_injection,616.4663,50.9929,0.8439,in_distribution
M2-0342,M2,228.7374,59.3607,ZnS,1,single_shell,1,hot_injection,616.4663,50.9929,0.8859,in_distribution
M2-0343,M2,227.9891,59.7974,ZnS,1,single_shell,1,hot_injection,616.4663,50.9929,0.8853,in_distribution
M2-0344,M2,226.0010,55.2821,ZnS,1,single_shell,1,hot_injection,616.4663,50.9929,0.8191,in_distribution
M2-0345,M2,226.6794,60.1448,ZnS,1,single_shell,1,hot_injection,616.4663,50.9929,0.8801,in_distribution
M2-0346,M2,228.0090,58.1680,ZnS,1,single_shell,1,hot_injection,616.4663,50.9929,0.8670,in_distribution
M2-0347,M2,228.3165,68.6839,ZnS,1,single_shell,1,hot_injection,616.4663,50.9929,0.9804,in_distribution
M2-0348,M2,226.1990,70.6599,ZnS,1,single_shell,1,hot_injection,616.4663,50.9929,0.9852,in_distribution
M2-0349,M2,228.0438,61.7605,ZnS,1,single_shell,1,hot_injection,616.4663,50.9929,0.9073,in_distribution
M2-0350,M2,226.7432,56.9938,ZnS,1,single_shell,1,hot_injection,616.4663,50.9929,0.8445,in_distribution
M2-0351,M2,226.5032,60.7615,ZnS,1,single_shell,1,hot_injection,616.4663,50.9929,0.8858,in_distribution
M2-0352,M2,226.9753,67.5764,ZnS,1,single_shell,1,hot_injection,616.4663,50.9929,0.9603,in_distribution
M2-0353,M2,227.5756,56.0946,ZnS,1,single_shell,1,hot_injection,616.4663,50.9929,0.8396,in_distribution
M2-0354,M2,225.5674,59.1082,ZnS,1,single_shell,1,hot_injection,616.4663,50.9929,0.8612,in_distribution
M2-0355,M2,226.7141,67.0042,ZnS,1,single_shell,1,hot_injection,616.4663,50.9929,0.9528,in_distribution
M2-0356,M2,226.9833,68.9091,ZnS,1,single_shell,1,hot_injection,616.4663,50.9929,0.9734,in_distribution
M2-0357,M2,226.3036,59.6282,ZnS,1,single_shell,1,hot_injection,616.4663,50.9929,0.8719,in_distribution
M2-0358,M2,225.1443,61.1163,ZnS,1,single_shell,1,hot_injection,616.4663,50.9929,0.8810,in_distribution
M2-0359,M2,228.9372,58.8669,ZnS,1,single_shell,1,hot_injection,616.4663,50.9929,0.8818,in_distribution
M2-0360,M2,226.2833,55.6853,ZnS,1,single_shell,1,hot_injection,616.4663,50.9929,0.8258,in_distribution
M2-0361,M2,228.3152,54.9638,ZnS,1,single_shell,1,hot_injection,616.4663,50.9929,0.8314,in_distribution
M2-0362,M2,228.6700,64.2237,ZnS,1,single_shell,1,hot_injection,616.4663,50.9929,0.9380,in_distribution
M2-0363,M2,225.7164,61.2318,ZnS,1,single_shell,1,hot_injection,616.4663,50.9929,0.8859,in_distribution
M2-0364,M2,227.1682,56.2925,ZnS,1,single_shell,1,hot_injection,616.4663,50.9929,0.8391,in_distribution
M2-0365,M2,227.7083,56.1966,ZnS,1,single_shell,1,hot_injection,616.4663,50.9929,0.8418,in_distribution
M2-0366,M2,228.4292,57.7263,ZnS,1,single_shell,1,hot_injection,616.4663,50.9929,0.8650,in_distribution
M2-0367,M2,227.9873,58.8136,ZnS,1,single_shell,1,hot_injection,616.4663,50.9929,0.8742,in_distribution
M2-0368,M2,228.1802,62.5031,ZnS,1,single_shell,1,hot_injection,616.4663,50.9929,0.9163,in_distribution
M2-0369,M2,229.2531,59.4479,ZnS,1,single_shell,1,hot_injection,616.4663,50.9929,0.8907,in_distribution
M2-0370,M2,225.2085,71.9732,ZnS,1,single_shell,1,hot_injection,616.4663,50.9929,0.9914,in_distribution
M2-0371,M2,229.1215,64.7898,ZnS,1,single_shell,1,hot_injection,616.4663,50.9929,0.9472,in_distribution
M2-0372,M2,227.3070,59.4986,ZnS,1,single_shell,1,hot_injection,616.4663,50.9929,0.8772,in_distribution
M2-0373,M2,227.4297,66.7421,ZnS,1,single_shell,1,hot_injection,616.4663,50.9929,0.9550,in_distribution
M2-0374,M2,226.4236,75.4592,ZnS,1,single_shell,1,hot_injection,616.4663,50.9929,1.0308,in_distribution
M2-0375,M2,227.2040,62.1171,ZnS,1,single_shell,1,hot_injection,616.4663,50.9929,0.9053,in_distribution
M2-0376,M2,226.8624,75.6875,ZnS,1,single_shell,1,hot_injection,616.4663,50.9929,1.0356,in_distribution
M2-0377,M2,227.4015,67.5381,ZnS,1,single_shell,1,hot_injection,616.4663,50.9929,0.9628,in_distribution
M2-0378,M2,227.1368,61.3831,ZnS,1,single_shell,1,hot_injection,616.4663,50.9929,0.8969,in_distribution
M2-0379,M2,226.4184,65.0248,ZnS,1,single_shell,1,hot_injection,616.4663,50.9929,0.9308,in_distribution
M2-0380,M2,226.5600,57.3606,ZnS,1,single_shell,1,hot_injection,616.4663,50.9929,0.8475,in_distribution
M2-0381,M2,227.8014,64.9646,ZnS,1,single_shell,1,hot_injection,616.4663,50.9929,0.9395,in_distribution
M2-0382,M2,227.6151,70.8351,ZnS,1,single_shell,1,hot_injection,616.4663,50.9929,0.9962,in_distribution
M2-0383,M2,226.2815,57.8492,ZnS,1,single_shell,1,hot_injection,616.4663,50.9929,0.8514,in_distribution
M2-0384,M2,226.8625,67.0734,ZnS,1,single_shell,1,hot_injection,616.4663,50.9929,0.9545,in_distribution
M2-0385,M2,228.3911,58.8838,ZnS,1,single_shell,1,hot_injection,616.4663,50.9929,0.8780,in_distribution
M2-0386,M2,226.2528,62.4723,ZnS,1,single_shell,1,hot_injection,616.4663,50.9929,0.9028,in_distribution
M2-0387,M2,226.4189,57.4694,ZnS,1,single_shell,1,hot_injection,616.4663,50.9929,0.8479,in_distribution
M2-0388,M2,227.0529,62.3744,ZnS,1,single_shell,1,hot_injection,616.4663,50.9929,0.9071,in_distribution
M2-0389,M2,227.6127,62.7783,ZnS,1,single_shell,1,hot_injection,616.4663,50.9929,0.9152,in_distribution
M2-0390,M2,226.1977,70.3362,ZnS,1,single_shell,1,hot_injection,616.4663,50.9929,0.9821,in_distribution
M2-0391,M2,223.2307,72.6958,ZnS,1,single_shell,1,hot_injection,615.3801,55.4535,0.9868,in_distribution
M2-0392,M2,227.7443,73.8683,ZnS,1,single_shell,1,hot_injection,616.4663,50.9929,1.0252,in_distribution
M2-0393,M2,228.1889,59.4732,ZnS,1,single_shell,1,hot_injection,616.4663,50.9929,0.8831,in_distribution
M2-0394,M2,229.1516,54.9027,ZnS,1,single_shell,1,hot_injection,616.4663,50.9929,0.8370,in_distribution
M2-0395,M2,227.5152,76.6447,ZnS,1,single_shell,1,hot_injection,616.4663,50.9929,1.0484,in_distribution
M2-0396,M2,224.3112,65.2867,ZnS,1,single_shell,1,hot_injection,615.3801,55.4535,0.9205,in_distribution
M2-0397,M2,226.5495,57.9679,ZnS,1,single_shell,1,hot_injection,616.4663,50.9929,0.8545,in_distribution
M2-0398,M2,228.5923,68.6370,ZnS,1,single_shell,1,hot_injection,616.4663,50.9929,0.9819,in_distribution
M2-0399,M2,227.3748,68.0144,ZnS,1,single_shell,1,hot_injection,616.4663,50.9929,0.9673,in_distribution
M2-0400,M2,227.6878,63.0405,ZnS,1,single_shell,1,hot_injection,616.4663,50.9929,0.9186,in_distribution
M2-0401,M2,228.1887,62.4970,ZnS,1,single_shell,1,hot_injection,616.4663,50.9929,0.9163,in_distribution
M2-0402,M2,227.8014,66.0810,ZnS,1,single_shell,1,hot_injection,616.4663,50.9929,0.9509,in_distribution
M2-0403,M2,226.4513,61.5727,ZnS,1,single_shell,1,hot_injection,616.4663,50.9929,0.8944,in_distribution
M2-0404,M2,227.6897,57.6946,ZnS,1,single_shell,1,hot_injection,616.4663,50.9929,0.8593,in_distribution
M2-0405,M2,228.3460,65.8956,ZnS,1,single_shell,1,hot_injection,616.4663,50.9929,0.9528,in_distribution
M2-0406,M2,225.2904,71.2386,ZnS,1,single_shell,1,hot_injection,616.4663,50.9929,0.9850,in_distribution
M2-0407,M2,226.2229,69.4533,ZnS,1,single_shell,1,hot_injection,616.4663,50.9929,0.9738,in_distribution
M2-0408,M2,228.5381,67.8060,ZnS,1,single_shell,1,hot_injection,616.4663,50.9929,0.9733,in_distribution
M2-0409,M2,225.5349,77.9843,ZnS,1,single_shell,1,hot_injection,616.4663,50.9929,1.0473,in_distribution
M2-0410,M2,228.8629,60.9839,ZnS,1,single_shell,1,hot_injection,616.4663,50.9929,0.9048,in_distribution
M2-0411,M2,224.5643,80.5306,ZnS,1,single_shell,1,hot_injection,615.3801,55.4535,1.0632,in_distribution
M2-0412,M2,228.1159,57.7344,ZnS,1,single_shell,1,hot_injection,616.4663,50.9929,0.8628,in_distribution
M2-0413,M2,228.7016,66.5826,ZnS,1,single_shell,1,hot_injection,616.4663,50.9929,0.9623,in_distribution
M2-0414,M2,227.1262,61.6481,ZnS,1,single_shell,1,hot_injection,616.4663,50.9929,0.8997,in_distribution
M2-0415,M2,226.4490,60.0124,ZnS,1,single_shell,1,hot_injection,616.4663,50.9929,0.8771,in_distribution
M2-0416,M2,226.8393,59.1480,ZnS,1,single_shell,1,hot_injection,616.4663,50.9929,0.8700,in_distribution
M2-0417,M2,227.7364,58.1589,ZnS,1,single_shell,1,hot_injection,616.4663,50.9929,0.8649,in_distribution
M2-0418,M2,226.5010,80.3733,ZnS,1,single_shell,1,hot_injection,616.1413,51.1126,1.0736,in_distribution
M2-0419,M2,228.0369,66.1280,ZnS,1,single_shell,1,hot_injection,616.4663,50.9929,0.9530,in_distribution
M3-000,M3,300.0000,30.0000,ZnSe,1,single_shell,1,hot_injection,643.6876,53.5331,1.6038,in_distribution
M3-001,M3,300.0000,30.0000,ZnSe,2,double_shell,1,hot_injection,653.5320,49.8881,1.6038,in_distribution
M3-002,M3,300.0000,30.0000,ZnSe,3,triple_plus_shell,1,hot_injection,640.9921,41.4386,1.6038,in_distribution
M3-003,M3,300.0000,30.0000,ZnS,1,single_shell,1,hot_injection,579.0558,57.9290,1.6038,in_distribution
M3-004,M3,300.0000,30.0000,ZnS,2,double_shell,1,hot_injection,553.6849,73.7947,1.6038,in_distribution
M3-005,M3,300.0000,30.0000,ZnS,3,triple_plus_shell,1,hot_injection,565.7862,64.0111,1.6038,in_distribution
M3-006,M3,300.0000,120.0000,ZnSe,1,single_shell,1,hot_injection,633.1461,48.4105,2.2121,in_distribution
M3-007,M3,300.0000,120.0000,ZnSe,2,double_shell,1,hot_injection,630.7398,44.7591,2.2121,in_distribution
M3-008,M3,300.0000,120.0000,ZnSe,3,triple_plus_shell,1,hot_injection,626.1318,36.1809,2.2121,in_distribution
M3-009,M3,300.0000,120.0000,ZnS,1,single_shell,1,hot_injection,591.7315,46.4237,2.2121,in_distribution
M3-010,M3,300.0000,120.0000,ZnS,2,double_shell,1,hot_injection,544.2806,65.1145,2.2121,in_distribution
M3-011,M3,300.0000,120.0000,ZnS,3,triple_plus_shell,1,hot_injection,566.4612,59.1321,2.2121,in_distribution
M3-012,M3,300.0000,480.0000,ZnSe,1,single_shell,1,hot_injection,628.7083,47.8334,2.9933,extrapolation
M3-013,M3,300.0000,480.0000,ZnSe,2,double_shell,1,hot_injection,627.4788,43.4212,2.9933,extrapolation
M3-014,M3,300.0000,480.0000,ZnSe,3,triple_plus_shell,1,hot_injection,624.3137,36.1116,2.9933,extrapolation
M3-015,M3,300.0000,480.0000,ZnS,1,single_shell,1,hot_injection,590.9409,45.5053,2.9933,extrapolation
M3-016,M3,300.0000,480.0000,ZnS,2,double_shell,1,hot_injection,544.2506,64.9083,2.9933,extrapolation
M3-017,M3,300.0000,480.0000,ZnS,3,triple_plus_shell,1,hot_injection,566.4312,58.9163,2.9933,extrapolation
M3-018,M3,330.0000,30.0000,ZnSe,1,single_shell,1,hot_injection,636.7245,54.2472,2.1534,in_distribution
M3-019,M3,330.0000,30.0000,ZnSe,2,double_shell,1,hot_injection,643.5283,52.8568,2.1534,in_distribution
M3-020,M3,330.0000,30.0000,ZnSe,3,triple_plus_shell,1,hot_injection,637.2666,40.3559,2.1534,in_distribution
M3-021,M3,330.0000,30.0000,ZnS,1,single_shell,1,hot_injection,576.8458,57.1728,2.1534,in_distribution
M3-022,M3,330.0000,30.0000,ZnS,2,double_shell,1,hot_injection,553.8714,73.5951,2.1534,in_distribution
M3-023,M3,330.0000,30.0000,ZnS,3,triple_plus_shell,1,hot_injection,565.2487,64.4277,2.1534,in_distribution
M3-024,M3,330.0000,120.0000,ZnSe,1,single_shell,1,hot_injection,626.2330,47.6825,2.6907,extrapolation
M3-025,M3,330.0000,120.0000,ZnSe,2,double_shell,1,hot_injection,620.6661,43.0519,2.6907,extrapolation
M3-026,M3,330.0000,120.0000,ZnSe,3,triple_plus_shell,1,hot_injection,622.4562,33.3170,2.6907,extrapolation
M3-027,M3,330.0000,120.0000,ZnS,1,single_shell,1,hot_injection,589.1615,46.6810,2.6907,extrapolation
M3-028,M3,330.0000,120.0000,ZnS,2,double_shell,1,hot_injection,544.4888,64.5344,2.6907,extrapolation
M3-029,M3,330.0000,120.0000,ZnS,3,triple_plus_shell,1,hot_injection,565.9453,59.1661,2.6907,extrapolation
M3-030,M3,330.0000,480.0000,ZnSe,1,single_shell,1,hot_injection,621.9122,46.4300,3.4040,extrapolation
M3-031,M3,330.0000,480.0000,ZnSe,2,double_shell,1,hot_injection,618.8236,42.1112,3.4040,extrapolation
M3-032,M3,330.0000,480.0000,ZnSe,3,triple_plus_shell,1,hot_injection,621.2825,33.7274,3.4040,extrapolation
M3-033,M3,330.0000,480.0000,ZnS,1,single_shell,1,hot_injection,588.9042,45.8944,3.4040,extrapolation
M3-034,M3,330.0000,480.0000,ZnS,2,double_shell,1,hot_injection,544.4588,64.3265,3.4040,extrapolation
M3-035,M3,330.0000,480.0000,ZnS,3,triple_plus_shell,1,hot_injection,565.9153,58.9502,3.4040,extrapolation
M3-036,M3,360.0000,30.0000,ZnSe,1,single_shell,1,hot_injection,636.7245,54.2472,2.7076,extrapolation
M3-037,M3,360.0000,30.0000,ZnSe,2,double_shell,1,hot_injection,643.5283,52.8568,2.7076,extrapolation
M3-038,M3,360.0000,30.0000,ZnSe,3,triple_plus_shell,1,hot_injection,637.2666,40.3559,2.7076,extrapolation
M3-039,M3,360.0000,30.0000,ZnS,1,single_shell,1,hot_injection,578.3358,56.2125,2.7076,extrapolation
M3-040,M3,360.0000,30.0000,ZnS,2,double_shell,1,hot_injection,554.3314,73.5349,2.7076,extrapolation
M3-041,M3,360.0000,30.0000,ZnS,3,triple_plus_shell,1,hot_injection,565.7087,64.2776,2.7076,extrapolation
M3-042,M3,360.0000,120.0000,ZnSe,1,single_shell,1,hot_injection,626.2330,47.6825,3.1961,extrapolation
M3-043,M3,360.0000,120.0000,ZnSe,2,double_shell,1,hot_injection,620.6661,43.0519,3.1961,extrapolation
M3-044,M3,360.0000,120.0000,ZnSe,3,triple_plus_shell,1,hot_injection,622.4562,33.3170,3.1961,extrapolation
M3-045,M3,360.0000,120.0000,ZnS,1,single_shell,1,hot_injection,590.2515,45.0987,3.1961,extrapolation
M3-046,M3,360.0000,120.0000,ZnS,2,double_shell,1,hot_injection,544.9488,64.5327,3.1961,extrapolation
M3-047,M3,360.0000,120.0000,ZnS,3,triple_plus_shell,1,hot_injection,566.4053,58.9972,3.1961,extrapolation
M3-048,M3,360.0000,480.0000,ZnSe,1,single_shell,1,hot_injection,621.9122,46.4300,3.8528,extrapolation
M3-049,M3,360.0000,480.0000,ZnSe,2,double_shell,1,hot_injection,618.8236,42.1112,3.8528,extrapolation
M3-050,M3,360.0000,480.0000,ZnSe,3,triple_plus_shell,1,hot_injection,621.2825,33.7274,3.8528,extrapolation
M3-051,M3,360.0000,480.0000,ZnS,1,single_shell,1,hot_injection,589.9942,44.2904,3.8528,extrapolation
M3-052,M3,360.0000,480.0000,ZnS,2,double_shell,1,hot_injection,544.9188,64.3250,3.8528,extrapolation
M3-053,M3,360.0000,480.0000,ZnS,3,triple_plus_shell,1,hot_injection,566.3753,58.7809,3.8528,extrapolation
